ProductId,Score,Summary,Text,Time,HelpfulnessNumerator,HelpfulnessDenominator
B003OB0IB8,4,Tastes great. Love Hot & Spicy. Bad price here.,"I've been a fan of Hot & Spicy Maruchan Ramen for a long time. If you enjoy spice, and love ramen, you'll love this product. Too bad it's way too expensive here on Amazon. It's only $3.36 per 12 at my Walmart.",1325808000,4,4
B003OB0IB8,5,My favorite ramen,"I've been eating Ramen noodles since I was a little kid, and I've never found a better flavor than Hot & Spicy Chicken!  It isn't hot at all to a chilihead like me, but it sure is good!",1314489600,4,4
B003OB0IB8,3,It burns!,"I LOVE spicy ramen, but for whatever reasons this thing burns my stomach badly and the burning sensation doesn't go away for like 3 hours! Not sure if that is healthy or not .... and you can buy this at Walmart for $0.28, way cheaper than Amazon.",1329436800,3,3
B003OB0IB8,5,Amazing to the last bite.,"Always being a fan of ramen as a quick and easy meal, finding it on amazon for a decent price and having it delivered to your door by the case is an amazing situation for anyone to find themselves in.",1330473600,1,1
B003OB0IB8,4,"Tastes great, but is cheaper locally.","I love this flavor of ramen! I don't eat other flavors anymore because they taste too bland by comparison. For the convenience of having it delivered to my home (I have prime, so I get it in two days and don't have to pay for the shipping), the price on amazon isn't bad at all, but it is still cheaper to run down and pick up a case of this at the grocery store.",1333756800,0,0
B0009XLVGA,5,My cat loves it!,"I started my cat on Felidae Platinum about 3 weeks ago and she loves it. She's an older cat, somewhat overweight, and had a grouchy temperament. I first mixed it with her previous food and she figured out which was which -- she ate the Felidae and left the old food! She's now been on just the Felidae for about ten days now, off the old food entirely, and she is a much sweeter, happier cat. I think it must agree with her better or be more easily digested, or something. In any case, I am a happy purchaser of Felidae. I don't agree with the previous reviewer that cats don't like it. Clearly, mine does.",1267920000,2,2
B000G6RYNE,5,My favorite Kettle Chip,"These are my favorite, but they aren't for everybody. In a way, they sort of taste like Oriental flavor ramen, but with a kick. For me, how can one go wrong with the combination of jalapeno and ginger? They are a bit rich, so they aren't for EveryDayForAMonth snacking. Because this is a case purchase, I recommend trying out a single bag before buying an entire case. The 2oz size seems to be no longer available, which is a shame; I can eat the entire 5oz bag.",1327968000,1,1
B0017WFN4S,5,Like tiny light flavored peanut halves....,"Excellent in cereal, or on top icecream sundae. I use them in my ramen noodle hot/sour soup as well.  very very GOOD.  almost a lite peanut flavor.  not too much salt, very lightly seasoned. a must try for anyone wanting a low calorie addition of protien into diet.  even the dog loves them. thinks they are some special treat.",1332288000,0,0
B003OB2EP6,5,The best around,"I'm not so sure why the other guy didn't like this so much, I LOVE IT!!  In fact, it might just be one of my favorite foods around.  It's tried and true, rarely cooks wrong, and always good to warm the belly and soul.  I only but this flavor, it's so good, why deviate from it?  I have tried other brands before, bit Maruchan makes the best ramen noodles in all of time.",1316995200,3,3
B003OB2EP6,3,"Okay price, fast easy meals","This is ramen, a cheap, easy, and fast noodle meal that is pretty cheap. Its got its pros and cons, but mostly its pretty alright. The chicken flavor is good. Some people find it too salty, I like it as is. The price here on Amazon is comparable to some groceries when its not on sale, higher than others. Still, if you're like me and want to avoid the stores as much as possible, maybe paying a $1 more for 24 isn't such a big deal. Nutritionally its pretty meh. You could do a lot better. But its also a versatile base- you can always add lots of veggies, meat, other spices, pretty much anything to this to dress it up and make it a better meal option. We keep it in the house for quick lunches when no one wants to cook a meal just for themselves.",1334275200,1,1
B003OB2EP6,5,Good,"Im on a quest to try all the Ramen Flavors. Ramen is a good lunch for me, being easy to make, cheap and versital. The Chicken flavor is one I remember but I havent had it in a long time, its one of the only flavors sold in stores where I live. I made some recently. Its better than I remember, salty but good. This is one of the more americanized flavors. I recommend NOT adding 2 cups of water. I added a bit more than 1 1/4 cup. and it was perfect. 1 1/4- 1 1/3 or 1 1/2 seems to be the perfect amount. I like eating it as a soup so I dont pour out the water. You can add things to Ramen like meat, eggs, or vegetarian protein and frozen veggies to make it a more filling meal or eat it plain. Or dont use the seasoning packet and add your own seasonings. Whatever you like. This is a great product, I recommend if you want easy, cheap lunches.",1338249600,0,0
B003OB2EP6,5,A Good Choice,"This is a classic ramen choice.  Our kids, 3-6 love this.  When we're RVing, we have a case of this on hand.  A bowl, some water, and 2:30 in the microwave, and we've got our instant meal. We break up the noodles while still sealed in the package.  This helps the kids not make a mess when trying to eat them. They don't seem to tire of these; and we're not overly offended by the nature of the just-add-water-product. We each had our ramen-eating-college-days. These also make a great item to have on hand in a desk drawer for the days you forget your lunch, etc. at work.  Just make sure you have a pack of paper (not styro-save the enviro) bowls and some fork/spoons in that drawer, too.",1337558400,0,0
B0040WHJQM,3,Glorified Cup of Noodles,"For a 220 calorie dish that can sit in your desk drawer indefinitely, this really isn't bad. It's certainly better than Chef Bouyardee or Easy Mac or actual Cup of Noodles. I've only ever had one other Dr. McDougall's product which was the Tortilla Soup and I much preferred it. I found this one to be a bit bland. It was pretty much just dried Cup of Noodles type noodles with some peanutty powder and a few green onions. I think the peanut flavor could have been more pronounced and I wasn't crazy about the texture of the noodles. I guess I was hoping for a bit more than ramen with peanut sauce.<br /><br />I only gave this three stars because I thought it was a bit of a let down. I liked it but I didn't love it as much as I should have given my love of peanut sauce. I would maybe buy it again at a grocery store if it was on sale but I certainly don't see myself buying them in bulk from amazon. My go-to Desk Drawer food is still Annie Chun's Udon Noodle Soup Bowl. The calorie count is pretty similar (I think Annie Chun's is like 280 or so) but the texture of the noodles is far superior because they use the vacuum sealed pre-cooked noodles. However, if you're not in the mood for soup, these peanut noodles may be a better way to go after all.",1341792000,0,0
B000E7WM0K,4,More than just a taste of Thai,"Provided you use clean (preferably purified) water to cook this, it can be a great tasting hold over to a main meal. Far superior to most instant noodle packages out there and for the most part, gluten and meat free (except for the shrimp flavor).<br /><br />While some people have remarked on the ""over-sized"" packaging, this actually allows for a good and thorough mixing of the flavor packets and noodles with little chance of spillage.<br /><br />While the coconut ginger variety tastes good, it may be a bit too subtle for those looking for an actual ""taste of THAI."" I'd recommend the Thai Peanut noodles for those seeking something with a bit more of a pronounced Thai flavor and highly recommend The A Taste Of Thai Peanut Salad Dressing (added to salads, meats or the Peanut Noodles) for a very spicy Thai experience.<br /><br />Overall for the taste and quantity, the subscribe and save offer provides the best deal. Comparatively speaking in terms of price, Wal-Mart offers most of these noodles a few cents cheaper (compared to the subscription price) but do not seem to carry the Coconut Ginger Variety. At least not at the store near me.<br /><br />If you haven't tried this brand of instant noodles yet, I think you'll be in for a treat.",1309824000,0,0
B000LRKO9E,5,Great Find!,"I have two recipes I'm anxious to try that call for pomegranate molasses. I've called all the specialty and best markets in the Sacramento area and no one's heard of this, much less carries it.  It's common in Mediterranean recipes, goes with shrimp, fish, chicken, beef and pork. I was delighted to find it on Amazon and look forward to using mine in a fabulous short ribs recipe.  I'm also passing along the info to my friends so they can order their own -- or I may give as gifts to my gourmet cook friends.",1187827200,14,21
B003OZYUEA,3,it's aight.,"I bought this water when i was at college for the first week. I felt bad using my roommate's water all the time and i was 7 states away from home. So i ordered this water. It was delicious, but the only complaint i have is that the bottles were REALLY...well...plastic-y. I felt really un-green drinking water out of these HUGE plastic bottles.<br /><br />So now, i just ask my roommate to buy water for me when she goes home on the weekends. I give her $ 4, she runs to walmart and gets me 2 cases of 30 water bottles. Yay me!<br /><br />Sometimes i still think about this water, longing for it as i sip my coffee or tea or ramen-juice and say to myself ""This would be so much better with talking rain.""<br /><br />Its one college student's battle between deliciousness and eco-friendliness.",1298332800,2,7
B005ZHJI9C,5,Yum!,"This soup cooks up quickly and is very yummy! I really like the flavor of the seasoning packet and the way the noodles cook up, nice texture. It is very satisfying to me. I'm a single gal who doesn't really cook & am often in a hurry for my next meal, and I find that this soup really hits the spot. Although it does tend to be more of a mid-afternoon snack/light lunch item for me. It will tide you over for a while until your next big meal, but i have to agree with the other reviewer that if you try to have just one of these for dinner you can expect to be hungry in a few hours.<br /><br />Personally I LOOOVE this soup that much more because I had to give up the ramen cup o' noodle and some other brands i had been eating because I developed an allergy to shellfish and mollusks.  It seems that often these instant noodle packets/bowls either have some type of seafood in the sauce or they are manufactured on equipment that also processes shellfish. This one does not contain any type of seafood like many of the other instant noodles do. Another plus for me is that it's not spicy. I'm kind of a wimp with spicy foods, plus i have GERD/reflux, so believe me if i can eat it is NOT spicy. Just tasty :)<br /><br />One thing that bugs me a little is that i feel guilty about the packaging since the plastic bowl is not recyclable (in my town they only take 1's and 2's which of course these microwave safe bowls are never made out of.) Oh well, can't have it all....",1349136000,0,0
B005GX7GVW,5,Yum!,"This soup cooks up quickly and is very yummy! I really like the flavor of the seasoning packet and the way the noodles cook up, nice texture. It is very satisfying to me. I'm a single gal who doesn't really cook & am often in a hurry for my next meal, and I find that this soup really hits the spot. Although it does tend to be more of a mid-afternoon snack/light lunch item for me. It will tide you over for a while until your next big meal, but i have to agree with the other reviewer that if you try to have just one of these for dinner you can expect to be hungry in a few hours.<br /><br />Personally I LOOOVE this soup that much more because I had to give up the ramen cup o' noodle and some other brands i had been eating because I developed an allergy to shellfish and mollusks.  It seems that often these instant noodle packets/bowls either have some type of seafood in the sauce or they are manufactured on equipment that also processes shellfish. This one does not contain any type of seafood like many of the other instant noodles do. Another plus for me is that it's not spicy. I'm kind of a wimp with spicy foods, plus i have GERD/reflux, so believe me if i can eat it is NOT spicy. Just tasty :)<br /><br />One thing that bugs me a little is that i feel guilty about the packaging since the plastic bowl is not recyclable (in my town they only take 1's and 2's which of course these microwave safe bowls are never made out of.) Oh well, can't have it all....",1349136000,0,0
B000N1LF96,5,try it with ramen noodles!,"I'm not the best cook, but I like to try new things to make my diet healthier.  I confess that I LOVE ramen noodles, and this product helps me cut the salt content.  The flavor packet that comes in Ramen noodles usually has between 600-900 grams of sodium per serving (2 servings in the packet...I eat the whole thing, so that's a LOT of salt.  This Miso contains 880 grams sodium per tablespoon.  I add a table spoon to my ramen, then just a light sprinkle of original flavor packet, cutting the salt almost in half, while still adding a nice savory flavor.  I also add a handful of frozen peas, but I like to keep it simple.  I'm sure there are many other recipes and uses to be found out there, so enjoy!",1337990400,1,1
B0005ZWN0A,4,inexpensive meal,"The Oriental Flavor Ramen Noodles taste okay but I almost always add ingredients to make the dish more wholesome. I prepare it by adding sesame seed oil, vegetables and water then adding the seasoning and noodles after the water boils. Rough vegetables like chopped onions taste better if they are boiled with the seasoning for 15 minutes prior to adding the noodles.",1301961600,0,0
B000E8PXTG,5,Best instant noodle cup,I really enjoy this noodle cup mostly because of the texture of the noodles and the flavor of the soup. The noodles taste firmer and less like the cheap kind that would regularly come out of one of these instant noodle packages. The flavoring has just the right amount of spice and is not excessively spicy.,1226793600,0,0
B000F4D4HW,5,Healthy Flavoring Alternative,We love Miso Cup soup!  We use it to flavor our ramen. It is much healthier and tastier than the usual salt and MSG! The price on Amazon is great too! Less than half the price we were paying in a local health food store.  Thanks Amazon!,1337126400,0,0
B003EML8PM,5,Great for low carb life style,I finally tried these noodles and cooked them in chicken broth and added to my stir fry.  Everyone liked them and commented that it was like eating ramen noodles.  Once I got past the fishy smell rinsing them I was happy with the result.,1334793600,0,0
B0000DG6XV,5,"Yay Gluten, Peanut and Soy FREE Yum!",I got these from a local bee keeping specialty store in Sacramento... they are SO GOOD. I came online to see if I can get them for less! Highly recommended for fellow food allergy sufferers!,1334361600,0,0
B001KVNDM0,5,Excellent source of Protein--especially when you're Away from Home.,"I first bought the small, 100-calorie pack box in my local store.  They are a wonderful source of protein without the carbs, salt, and extra sugar that come with other snacks or with roasted nuts (e.g., especially honey-roasted nuts).<br /><br />These whole, raw almonds are great for anyone with a blood sugar issue.  The raw almonds won't make your blood sugar spike; are handy if your blood sugar has dropped and you need a quick source of food; and, the 1.5-ounce bags are sturdy and won't rip--or haven't yet in my overly packed and oft-mangled bag.<br /><br />As the previous reviewer mentioned, once you start eating these, you won't miss the added fat and salt of any distributor's ""roasted"" nuts.  Since eating these natural almonds, I haven't missed the traditional ""roasted"" nut taste.  I grew up on the usual nuts, but now I find I really look forward to this new, clean taste.  For all these reasons, I recommend Blue Diamond's raw almonds.<br /><br />(However, if you still think that these almonds aren't crunchy enough for you--especially if you bought the canned nuts--you could always roast them yourself.  Put the raw almonds on a cookie sheet [you may want to line your sheet with foil or parchment paper] in a pre-heated oven at 350 degree F.  Stir them a few times to ensure they don't scorch (I would check around 6 minutes--especially if your oven is a bit temperamental [like mine]; and stir and check again before 10 minutes [because it's amazing how fast nuts can go from 'almost done' to 'scorched'--or worse--'burnt'].  Roasting them yourself still has to be much healthier than any nuts that are cooked in oil.  Remember also, if you do roast the raw almonds in the oven, please cool them completely and then refrigerate them afterward.)",1259884800,4,4
B005QBFJGS,1,No flavor to speak of.,"Kamfen Noodle King -Beef flavored soup. This noodle soup comes in a carton waxed paper bowl. Included are noodles, and three flavor packets. You add boiling water after you add the packets of dehydrated vegetables, spices, and a paste of some sort.<br />  The noodles were starchy, and there was little or no vegetable flavor. The beef taste was probaly beef bullion cubes. All in all, a soup with very little flavor and my guess, high in sodium.<br />  There are much, much better ramen noodle soups available. You can cross this one off your list.",1325030400,0,0
B003H26J5I,5,Tried them for the first time today......,"Today I tried the spaghetti Tofu Shirataki noodles by House Foods. I would give these noodles a five stars if it weren't for the pre-preparation that is involved. I found these at my local Asian mart for about $2.00.<br /><br />First you must rinse these noodles well because the liquid they come in smells like a lake (you should prepare yourself for the smell). Second, you need to lay out the noodles on paper towels and press down removing as much of the liquid as possible before use.<br /><br />Next I fried them on high heat with a small amount of oil and butter. After a few minutes I then added my frozen stir-fry vegetable medley. I then added some broth, soy sauce, and finally a thickener such as corn starch. Stir it up, bring to a boil, and turn it off.<br /><br />Really it tasted great- very much like the ramen noodles.  It is important to note that the noodles themselves have ""no flavor"" and actually absorb the flavor of whatever ingredients you are cooking them in. So let them sit it whatever flavor suits you.",1289088000,36,36
B003H26J5I,5,Tofu Shirataki Noodles,"I first heard about Shirataki noodles years ago and decided I would try it.  I went to Fiesta and got these Tofu Shirataki Noodle.  Shirataki are made from Konjac yams and the added tofu gives it a harder texture. The noodles without tofu added is 0 calories.  The one with tofu is 20 cal per 4 oz which is low in cal. I always rinse the noodles first. I never cook it longer than 3 minutes. The first time I ever made Shirataki Noodles I cooked it like regular pasta and it turned into a gel--this was years ago. I learned that was the worst mistake to make and changed how I make these noodles. The next time I made it correctly and tried to eat it with pasta sauce. That didn't work for me, since the flavors did not merry and I was accustomed to the hard texture of pasta. The noodles are similar to the texture of vermicelli rice noodles. I personally prefer it in soups and not as a substitute for spaghetti.  I would sometimes eat it with a sauce I make with soy sauce, shredded ginger, chili paste, and sprinkle green onions on top for looks.  I have tried this rinsed without it being cooked and it has no flavor whatsoever.  It isn't like Ramen noodles which as a flavor without anything added.  Even though I still eat the Tofu Shirataki, I just got the one without tofu and it is very similar.  The one without tofu is 0 cal which is a plus.<br /><br />Update:<br /><br />I did some more research on Shirataki noodles in order to expand my ideas with recipes.  I found that the reason that my shirataki noodles may have turned into mush was because it expired.  It seems Shirataki noodles is still good for a year and even after it is still edible however it would turn to mush if cooked too long.  These noodles also apparently shrink and become thinner, something it seems some people like.  I went to the store that I used to get my Tofu Shirataki noodles, and looked at the for an expiration date.  Lo and behold, it was expired by over a year.  I even saw some in the store expired by over 2 years.  It seems that non expired shirataki noodles will become alot more chewy if cooked too long.  My mom used it in stir fry, and I have also tried it baked which is also a great idea.  I been lazy and not just use any boullion cube with the noodles and that works fine...I just let it sit in the seasoning for a few hours to take the flavor of the soup.",1297382400,23,23
B003H26J5I,5,Fantastic Product,"How nice it is to no longer be deprived of pasta and noodles. If you follow a low carb lifestyle, then House Foods Shirataki (Tofu) Noodles are heaven sent. I've been enjoying this product for well over a year and I'm so very happy to have found it. I heard about it on the Dr. Oz show and ran right out and bought some. I've tried the fettucine and spaghetti noodles also, but the angel hair is the most versatile. People who found them too rubbery probably did not follow the package directions. For best results, they have to be thoroughly rinsed and parboiled for at least three minutes. I am also amazed at how forgiving this product is. Once I got distracted and let the noodles simmer for almost 20 minutes and they STILL turned out fine. Maybe even better! If you want that ramen-like flavor do this: after parboiling and drying, saute them over high heat in a skillet with peanut oil and/or sesame oil, or hot chile oil. Add a few shakes of salt, onion & garlic powder and toss. Then just carry on with your recipe. They're very much like rice noodles so you won't miss a beat with stir-frys and noodle soups. I've also had great success with Italian dishes. I've used them with meatballs or Italian sausage in Marinara sauce. Also, with shrimp & scallops in a cream & wine sauce, just to name a few. Topped with grated, melted cheese, I got ALL of the joy and practically none of the carbs. However, one package really only serves one. This is an excellent, healthy alternative to pasta and noodles that will not wreak havoc upon your glycemic index. Good cooks will have no problem incorporating this into their menu planning.",1313971200,7,7
B003H26J5I,5,YUMMY if you can cook,"I LOVE these noodles.  You HAVE to cook them right, drain and rinse or they WON'T be tasty.  I drain them and rinse until very little scent of soy is left then add to HOT pan with a little coconut oil. I add garlic, onion, red pepper flakes and a little salt and cook for a while then i eat em like ramen with a slice of cheese .  Very good diet food.",1320105600,2,2
B003H26J5I,5,Prep is the WORD,"I LOVE these noodles and I really enjoy them in place of ramen. For those dieting, Ramen is the worst thing you can eat, boasting 65% of your daily saturated fat due to the palm oil. To prepare, I rinse well with hot water or drop in boiling water for a minute (best) the let dry. As for flavoring, I find these to work best in ""Soup"" applications with strong flavors. Like tofu, these will absorb whatever they are cooked in. My fave and easiest method is to simply sacrifice a $0.20 Run of the mill beef ramen, steal the flavor pack, and cook my noodles in the broth. I also add  Heinz reduced sugar ketchup to add body to the sauce and give it a lip smacking goodness. A bit frugal, but it is really good. I have given this to other people and they dont even realize its not the real deal. Prep, Boil, Add to flavorful broth. Done.",1332460800,0,0
B003H26J5I,5,So much better than the Non Tofu Shirataki!,"I have tried both the Tofu Shirataki and the Non Tofu Shirataki. The non-tofu variety is very gel/gummy (literally like little strands of flavorless gummy worms). I ate the non-tofu noodles, because, hey they are sooo low calorie/carb. But now that I've tried the tofu shirataki which contains only 20 calories per serving, I am sold on the tofu shirataki. Tofu noodles were more like ramen noodle consistency. Perhaps not the exact same texture as a real flour based noodle, but for the calories and carb content these are excellent!<br /><br />As with any shirataki noodle, you do have to make sure you wash, wash and wash them some more. If there is any scent at all, you have not washed them enough. About 2 or 3 minutes seems to do the trick for me. I made a low carb peach kugel (dessert) with the fettuccine and a stir fry with the angel hair. I just could not believe how much better they were than the non tofu variety.<br /><br />I was also very impressed with the seller (Low Carb You Foods). These arrived within 2 days on regular shipping, shipping all the way across the country. And, I bought 2 different varieties with no additional charge on the shipping! I will certainly be back again.",1326499200,0,0
B000LQLV6U,4,like it,"Tried this with 40% off since Nong Shim instant noodle is my favorite, my ten year old son like it very much, I would like this with the stronger flavor.",1237766400,2,2
B00171KCB8,1,No rtd police,NISSIN INSTANT NOODLE<br />CHICKEN FAVOR X 12 Packs<br /><br />The above item was sold by JVS thru Amazon.com  It written in the product description is MADE IN JAPAN. But when I rec'd that pkg of Noodle is written MADE IN HONG KONG. I e-mail to request Instruction of return twice within two weeks. NO Reply! I return it any way in the third week. They should have written Return Policy in place or reply my e-mail within 48 hrs!,1282435200,1,2
B000PDRYPQ,5,Amazing Stuff,"Bought at Casa Fruta in Gilroy, CA and love it! I put it in my ramen soup. I must confess that I put a lot more than most. My bottle is running low now so I will get some more. I would love to try them all. I think that blossomvalleyfoods.com has good prices but I just wanted one bottle. Thank you Amazon!",1351036800,0,0
B0054TWQ2C,5,2011 Chef's Best Award for Nong Shim's Spicy Chicken Noodle Bowl,"<span class=""tiny""> Length:: 2:09 Mins<br /><br /></span>My eight-year-old son volunteered to try Nong Shim's new flavor, spicy chicken. I made a video interview of him eating the noodles for dinner, after he came home from judo practice (hungry).<br /><br />Our family enjoys Nong Shim instant noodles. We stock our pantry every autumn with bowls of ramen, yakisoba and udon. Nong Shim is the leading brand of ramyoen (ramen instant noodles) in South Korea.<br /><br />The package design is getting better. The endorsement by Professional Chefs (a 2011 Chef's Best Award) is easier to read and three colored boxes in the lower right corner note that the noodles have no MSG added, there's 30% less sodium than their regular product and that the noodles have 0 grams of trans fat.<br /><br />I recommend adding refrigerator scraps to your instant noodles; perhaps, whole kernel corn (for sweetness) or some tofu, finely chopped green onions (scallions), chopped, cooked beef, chicken or seafood. An egg is another delicious addition.<br /><br />Rating: Five stars.<br /><br />Earlier this year, J. Kenji Lopez-Alt, executive editor at Serious Eats, posted ""Ramen Hacks: 30+ Easy Ways to Upgrade Your Instant Noodles."" I highly recommend you search out and read the full article because you will never go back to relying on the flavoring packet alone to make instant noodles.<br /><br />I distilled his tips down to these four bullet points:<br /><br />* Simple Add-ins -- Miso paste, chili bean sauce, Thai curry paste, Japanese curry powder, fish sauce, harrisa, vinegar and ponzu.<br /><br />* Vegetation -- Baby spinach, romaine lettuce, bean sprouts, thinly sliced cabbage, watercress, and scallions ""should wilt in a matter of seconds.""<br /><br />* Eggs -- Hard boiled, soft boiled, the egg-drop method, poached eggs and fried eggs.<br /><br />* Simple Simmered Meat -- Thinly sliced meats cook in a matter of seconds directly in the pot. Chicken breast, pork tenderloin, or flank steak are all great candidates.<br /><br />Instant noodles available at Amazon that our family eats and recommends:<br /><br /><a href=""http://www.amazon.com/gp/product/B003MOX6RA"">Nong Shim Big Bowl Noodle Udon</a><br /><a href=""http://www.amazon.com/gp/product/B003MP136A"">Nong Shim Big Bowl Noodle Kimchi</a><br /><a href=""http://www.amazon.com/gp/product/B00171FB7I"">Nong Shim Beef and Ginger Bowl</a><br /><a href=""http://www.amazon.com/gp/product/B000LQNK5A"">Nong Shim Kimchi Noodle Bowl</a><br /><a href=""http://www.amazon.com/gp/product/B0028PDFQG"">Myojo Ippeichan Yakisoba Noodles</a><br /><br />In many cases you can sign up for Amazon's Subscribe & Save program for additional savings and convenience.",1314230400,12,15
B0054TWQ2C,4,A Spicy Meal Alternative... But Pricy...,"I actually purchased a pack of NongShim Spicy Chicken bowls (pk of 12) from a local warehouse in my area.  Ever since college I've been a fan of these ""cup of noodles"" style meals during late Autumn and Winter.  Makes for quick alternative meal that warms you up.  How does Nongshim's spicy chicken version stand up against other brands I've had?<br /><br />Pretty good actually!  Each bowl contains a fairly large amount of noodles, compared to the cup variety.  The noodles are your typical standard dried Ramen noodle.  I am not a big fan of microwaving these products so I make mine by boiling water.  Just put some water up to boil, open the package and add the ""flavor pouch"" or Soup Base, add boiling water to the fill line and wait 3 minutes.  Instant hot soup with noodles.  While the noodles are standard , the broth is really good.  It has a lot of flavor to it and a good spicy kick to it.  Put the two of them together and you get a very satisfying meal that will fill you up, and wake you up.<br /><br />Despite having a good spicy broth and making for a  filling meal... This product does have some CONS I am wary of.  For one the product contains almost 1800mg of sodium for a single bowl.  This is insane!  Most of these cup/bowl of noodles are overloaded with sodium to begin with, but it still needs to be pointed out.  The fat content is a bit high also, at 14g for an entire bowl.  Another problem I have is that most of the products I've tried usually come in a sturdy container for your product.  Nongshim's Spicy Chicken Bowls come in a flimsy plastic bowl.  It works fine but once prepared I would definitely suggest carrying with two hands, as it has a very cheap feel to the bowl.  The price per bowl is also a bit expensive.  At the warehouse I purchased this, I paid $9 for 12 bowls.  I could of paid $6.50 for 24 cup of noodle varieties.  Compared to the cup variety, you are paying a premium for these; And while the bowl produced better quality broth, I don't see it being worth the price increase. (12 bowls = 24 servings.. $9 for 24 servings.  the cups were $6.50 for 24 servings.. so basically $2.50 more for bowls vs cups)<br /><br />OVERALL I would give this product 4 stars.  Despite having a flimsy bowl, and incredibly high amount of sodium the product makes up for it in the overall quality of its taste and sheer volume of noodles.  You get a big meal here that will both fill you, and warm you up.  It has a really nice spicy kick to the broth that lingers without becoming annoying(see NOTE).  I've always enjoyed spicy foods so having a few of these laying around the house helps if I just want a quick meal.  I would not recommend eating these everyday, in fact maybe I tend to aim for one a week.  Products like this are not exactly the healthiest alternative meal for you, but if you need a quick emergency meal these are a good alternative.<br /><br />NOTE: The product contains chicken but I really wouldn't call it chicken.  You might find a few tiny little bits of re-hydrated chicken<br />NOTE: I do not use the entire flavor/soup base packet.  The amount of sodium it contains is ridiculous!  I use no more than 3/4 of the packet.  I tried using the entire packet once and it made the broth start to taste far too salty, as well as making the spice in the broth overpower rather than compliment.  Don't be afraid to use less of the packet...",1315872000,3,3
B0054TWQ2C,4,"Tasty, but overpriced and unhealthy","I had my picky 15-year-old son to try this Nong Shim Spicy Chicken Noodle Bowl, and he liked it a lot: ""The flavor is good.  Has a major spiciness, which I like.  Little overpriced.  For the price, I'd probably just get ramen.  Can't really taste the chicken.  The picture on the package is misleading; the chicken chunks aren't that big.  Overall, quite good."" But he complained that there are two lines inside the bowl, so he didn't know which to fill it to (he used the lower line).<br /><br />These are basically like the <a href=""http://www.amazon.com/gp/product/B0047TAKQ4"">Cup O Noodles</a> almost everyone has had at some point, but a little bigger and with a more complex taste.  Very handy and easy to prepare, but definitely overpriced for what you're getting.  And the nutrition numbers make it something you won't want to eat regularly.  This 3-oz bowl is unrealistically listed as two servings.  Who is going to split a noodle cup??  If you eat the whole thing, it has 380 calories, 14g fat, 1780mg sodium, 56g carbs, 2g fiber, and 8g protein.<br /><br />This wouldn't be a terrible option to keep in a desk drawer at work for unexpected days when you just can't get out, or possibly to take camping, or just for having a few around the house for emergencies, but it's definitely not something I would (or let my family) eat regularly.",1311638400,6,8
B0054TWQ2C,5,Convenient and Tasty,"I was recently introduced to the <a href=""http://www.amazon.com/gp/product/B000LQORDE"">Nong Shim Shin Noodle Ramyun, Gourmet Spicy Picante, 4.2-Ounce Packages (Pack of 20)</a> and it was the best ""instant"" Ramen I've ever tried. I immediately ordered a case of those and these Spicy Chicken bowls. The perfect convenient chicken soup when you have a cold. Less than 5 minutes from grabbing the bowl to slurping soup.<br /><br />This is not that stuff you ate in college. This is a good sized serving of tasty noodles.<br />You pay a little more for the disposable plastic bowl, but the convenience it great.",1326326400,1,1
B0054TWQ2C,5,Easy to make and tastes good,I've been buying the Nong Shim Spicy Chicken Noodle Bowls for over a year now. They are really great when you want something warm and quick. I like that the flavor is in a packet so you can add as much or as little of it as you want. The flavor of them is also good for something that is an instant noodle. I have tried other brands of instant noodles and they just don't have the taste that these do. Most other ones are more bland and just not very good. I will continue to buy these noodle bowls to have on occasion when I need something quick and easy.,1319068800,1,1
B0054TWQ2C,4,"Noodles, Noodles, Everywhere","Nong Shim's Spicy Chicken Noodle Bowl offers up a quick, Ramen-style noodle dish that comes in a one-serving bowl.  Like Cup-A-Noodle and other Ramen-type meals, this is basically a fast, reasonably tasty meal for people who are working at the office or just want something really quick at home.  Just open the lid halfway, fill with water to the internal line, throw in the seasonings from the enclosed packet, nuke it for few minutes and enjoy.<br /><br />As far as taste is concerned, Nong Shim has done nothing to separate itself from the noodle pack.  If you've had spicy chicken flavored noodles from other companies, you've pretty much had Nong Shim's version of the dish.<br /><br />I like eating noodles in this fashion whenever I'm by myself at home and can't decide what to eat for lunch.  They are quick, taste good enough, and basically prevent me from eating a bunch of junk food.<br /><br />I recommend Nong Shim's Spicy Chicken Noodle Bowl to anyone who's tied down at work or just hungry for something fast.",1313107200,1,1
B0054TWQ2C,4,Spicy Noodles That Bite Back.  :),"These 'ramen-like' noodles will be a tasty addition to anyone's lunch repertoire - providing of course you have a microwave handy at the office\shop.  The 'Spicy Chicken Flavor' lives up to it's name.  These noodles bite back!  :)  ((But nothing too bad))  I have a love of all things spicy -- but I found these to be somewhere in the low to middle range of heat\spice.  Each bowl contains 2 servings - bringing the total calorie count to 380 per bowl (Total Fat = 7g, Cholesterol = 0mg, Sodium = 890mg, Total Carb = 28g, Protein = 4g).  The package is used as the bowl.  You peel back the lid, and add room temperature water to the easily seen line - then microwave for 3 min.  Or you add hot water and wait 3 minutes.  There were a few small chunks of chicken - ideally I would want more.  The packaging indicates it has 30% less sodium - but at 890mg of sodium I would hate to see that extra 30% back.",1312156800,1,1
B0054TWQ2C,4,Nice Light Lunch,"I love instant noodles! Some haughty foodies are prejudiced against them because they are ""cheap eats"", but, even<br />if I were a millionaire, I'd still eat instant noodles. Nong Shim is currently my favorite brand by far, and their<br />products are several steps above ordinary instant ramen. The Spicy Chicken Flavor Bowl Noodle reviewed here is of<br />the microwavable quick-lunch variety, though I generally stick to Nong Shim's stovetop line.<br /><br />One issue with these noodle bowls is that some broth inevitably ends up on the turntable while cooking; some<br />plastic wrap on top should solve that problem. These noodles are more like standard ramen, and have a chewy<br />consistency. The broth is flavorful and pretty spicy for most people, though it seemed relatively tame to<br />this old chile dog's taste buds. Small chunks of chicken and vegetables are scattered throughout, and, as is<br />usual for Nong Shim, some rather exotic ingredients are present as well. A disclaimer on the package mentions<br />""sand lance"", which is presumably some sea creature used in Korean cuisine...I'll readily admit to having no idea.<br />I ought to mention that, in true Asian tradition, the noodles here are long and slurpable. If you can't bring<br />youself to slurp, you're advised to break the noodles up before cooking.<br /><br />The Spicy Chicken Flavor Bowl Noodle gives you just enough for a satisfying quick lunch. Nong Shim's stovetop<br />noodle packs are a better deal- I'm nuts about Chapagetti and Shin Ramyun- but the Noodle Bowls would be more<br />suitable to take to work in lieu of brown-bagging or relying on vending machines. Try them if you're a noodle fan.",1311552000,3,4
B0054TWQ2C,3,Tastes a lot like ramen to me,"First off, as of this writing, this product is not actually for sale on this page. But it is for sale here: [...]<br /><br />Just had a bowl of these for lunch. I'm not a huge eater, and found the volume of this to be okay. I'm glad I brought some corn chips to supplement (I know, not the best combo). The taste was okay too, though not, in my mind, much better than most ramen or Cup o Noodles or Maruchan type things. Really, it was like a squirt of sriracha in a cup of chicken ramen. Which is fine. Good. And this doesn't have MSG, so that's nice, and it comes in a bowl, so that's nice. There are flakes of veggies, and a couple pea-sized chunks of very spongy chicken. It took me a while to realize that the spongy stuff was chicken. Seems about right for this kind of product.<br /><br />I can't leave the office for lunch, so I'm always looking for something I can tuck in a desk drawer and actually enjoy. Given that it is in a microwaveable (non-styrofoam) bowl, and I like the idea of squirting sriracha in my ramen, this is a good option. Given how infrequently I'll use them, though, I might splurge and go for a much more expensive but slightly more gourmet bowl of noodles (Annie Chun, etc). On the other hand, if I were going to eat them more frequently, I might want to splurge and go for a more expensive but healthier alternative.<br /><br />If cheap, easy, and basically tasty are your priorities, this is probably a good option. If you want to throw healthy or interesting into the mix, I think you're going to have to spend a little more.",1312416000,2,3
B0054TWQ2C,3,"Extremely mild, good spice level for kids","Got the Spicy Chicken from the grocery store. It was sitting right there, buried by Top Ramen and Maruchan. I wanted the Shin Noodle but was not there. The positive notes about this noodle bowl; Not too salty and the broth is worth drinking at the end. Cons; The noodles aren't that different from those other brands. For more then 3x the price, i was expecting better noodles. Also it's really not that spicy. Extremely mild, good spice level for kids.",1345939200,0,0
B0054TWQ2C,1,"Not that good, very normal taste reman noodle.","Nong Shim's noodle that you need to boil to eat, it's good. But these ones, the noodle's texture is totally different . It's the same as those cheap ramen noodle. The seasoning is not good either. I will never buy this kind anymore.",1345507200,0,0
B0054TWQ2C,5,Better than Ramen,"This has me hooked.  I will no longer eat Ramen.  The flavor is robust and it just is an overall better noodle. I haven't mixed anything with it, but I am in heaven.",1333843200,0,0
B0054TWQ2C,3,Lacks flavor,"I've been a fan of Nong Shim spicy noodles for years, so when this instant version came along I had to try it. I love Korean style fat noodles and the fact that it's instant is a big plus. Unfortunately, it didn't taste as flavorful as their other lines and by comparison I find this version a little plain. No comments on the health factor since instant noodles by nature is junk food. But there's a time and place for them.",1329782400,0,0
B0054TWQ2C,3,"OK, for what it is","Ramen cups (or bowls, in this case) are a guilty pleasure. I enjoy a Nissin or a Maruchan from time to time, but I know before adding the water that I'm not going to get a healthful snack. For that reason, I don't assess any star penalty for the nutritional transgressions that will be committed when one of these is consumed. They are what they are. You want healthy, eat a salad.<br /><br />Speaking of healthy, the Nongshim bowl proudly proclaims that it has 30% less sodium than their regular product and no MSG. But if you eat the whole thing you'll still be getting about 3/4 of your daily allotment of sodium (assuming a 2000 calorie diet) as well as artificial flavor and the usual cast of chemical names. As I mentioned, you would assume this much unless you just fell off a potato truck.<br /><br />All that said, I just didn't care for the Nongshim very much. I like spicy but I didn't find it all that flavorful beyond the spice heat. My 3-star rating is based solely on that. If sodium and healthy eating are concerns, you can work your way down the star scale from there.",1313193600,0,0
B0054TWQ2C,4,Not Bad At All,"I am usually not big into ramen noodles, especially the one's with extra veggies or sides. I always get the chicken and nothing else. I decided to try this one because of the Chef's Best stamp. I tried this and i must say it wasn't bad at all. I didn't realize it would have real chicken bits in it, carrot, and other veggies. The taste was good, i did add a little tony's seasoning salt (that's just me i add it to almost everything). Overall i was surprised, but in a good way. It was quick, the directions simple and easy, was a huge serving, i couldn't finish it all, and was just as good as the ramen noodles chicken that i usually eat, if not better.",1312416000,0,0
B0054TWQ2C,3,Spicy Ramen Noodles,"These are just ramen noodles in a convenient microwavable cup. Noodles, a smattering of dried veggies and TVP, and a salt...I mean flavor packet. Prep is stupid easy...open the foil lid, add the contents of the flavor packet, add water to the line, fold the lid back down, nuke for three minutes, stir, and enjoy.<br /><br />The results are just what you would expect from a bowl of ramen. Lots of noodles and broth, and there at the bottom of the bowl, are a few vegetable bits and some tiny cubes of textured soy protein that is supposed to pass for chicken. The flavor is just about what you would expect from a chicken flavored soup, but with a nice spicy kick on the back of the throat. That spiciness stays pleasantly on the lips for a few minutes after.<br /><br />So what's not to like? Even if you aren't watching your sodium intake, this is a salt lick in a bowl. Even if you follow the ""serving guidelines"" on the nutrition facts panel and share this with a friend or loved one (Yeah, right!), you get over one third of your daily salt intake. If you are like most of us and hog all 3 oz. yourself, your sodium intake will be a whopping 74% of the daily recommended maximum.<br /><br />The price is also a bit steep for a ramen product. Overall it is not enough new and different from the ramen in the cello wrap for me to purchase this.",1313280000,1,2
B0054TWQ2C,3,Nothing Special. . . Not spicy. . . Chicken?  Really???,"This is no better. . . and no worse than ramen noodles you can pick-up in the store for a LOT less $$.<br /><br />Pro's:<br />Comes in in a bowl, so it's easy<br />No MSG (but plenty of other ""stuff"" like Gum Arabic, Malic Acid, Maltodextrin, Disodium Guanylate, Disodium Inosinate, Disodium Succinate, etc.)<br /><br />Con's:<br />Cost<br />Don't let the picture fool you.  This is a ""serving suggestion"".  There is no chicken in this product.  There is just ""powdered chicken broth"" as well as beef fat. . beef stock. .  and it's less than 2%.<br />Not spicy at all.  If you think this is spicy, then a dash of black pepper must set you on fire!<br />The package shows that this contains 30% less sodium than their ""regular"" products.  Well, this has 890mg of sodium, which is 37% of the recommended daily allowance. . . and it is quite salty. . . so I hate to think what their ""regular"" would taste like. . . and OH. . . if you read the package, one bowl has TWO servings, so that means you're getting 74% of your daily allowance of salt in one bowl of these noodles, which I don't know anyone who is going to eat just a 1/2 bowl.<br />Lots of extra ""stuff"" inside.  See above.<br /><br />Again. . . I think that ALL of these types of noodles are going to be very much the same.  Certainly it's not a healthy item. . but nor is most fast food. . . But it's quick. . . It's easy. . . So once in a while, I'm sure it's fine. . . but you probably don't want to try and live off these.  FYI, there are no vitamins in this product.  None.  Zip.  Zilch.",1312675200,1,2
B0054TWQ2C,4,It's basically Ramen with a nice kick,"Sure, it's unhealthy, but if you are expecting to eat Ramen you won't be disappointed.<br /><br />I rarely eat these noodle bowls, but when I ate this one I was pleasantly surprised by the spiciness of the broth.  You usually never get that --you know, where they say 'spicy' but it really is just spicy to middle America, not those used to eating Thai or Indian food.<br /><br />In this case, it is just spicy enough.  You start to sweat a tiny bit, but it doesn't burn your mouth.<br /><br />Would I buy this regularly? Probably not, it isn't healthy enough, but would I buy one or two of these to stick in my office cabinet in case I have to work late and haven't made alternate dinner plans? Sure I would.<br /><br />Tasty enough, no Msg, lower sodium (probably because it has the added spiciness to counteract) and a good enough taste.",1313625600,0,1
B000LQNK96,4,good for busy days,"Seafood ramen... I love having these sodium/msg-packed instant noodles every once in awhile when I'm too lazy to make lunch or dinner. I don't know if you'd actually call these ""seafood"" flavored, though there are little dried fish cakes and plenty of seaweed in them, but they are somehow indescribably good. I actually like the original flavor better, but since these were cheaper, I went with it.<br /><br />I've seen these with cheaper prices at asian supermarkets when it's on sale, but if you ""subscribe"" to this on amazon, it's worth an extra dollar or two not to make a trip to the market. When I cook these, I usually add an egg, some veggies, and leftover meat (or whatever is in the fridge). The seafood flavor packet is strong so it adds lots of flavor to everything else.<br /><br />When I got these delivered, none of my ramen were crushed, so it really depends on how carefully your delivery company treats the boxes. Anyway, I'd suggest buying one packet at a store first to try it before committing to a whole box.",1234310400,9,9
B000LQNK96,5,Delicious! But theres a catch...,"This product is quite delicious. I'm eating a bowl as I type this review!<br /><br />The noodles come in a circular disc, like most ramen. There are two little packets included. One has dried ""vegetables."" This packet includes seaweed, what looks like kimche, and a whole load of circular processed fish discs. The second packet is seafood flavoring.<br /><br />The noodles are of good quality, and the veggies are very good too! There is a very very mild hint of spice to it, but not enough for me! (I added hot sauce, mmm mmmm delicious!)<br /><br />There is a catch however. Your ramen will most likely come in broken pieces. The one I am eating now was broken into 3-4 pieces. The one I had before this was also broken into 2-3 pieces. The one before that wasn;t broken at all. (Out of a pack of 20 packages...) No big deal, I usually crush the heck out of them before I add to the water anyways.<br /><br />5 stars. I have Amazon shipping me 1 of these every other month. Mmmmmm! (The whole house smells like lobster!!!)",1262736000,2,2
B002BCE9JS,3,"good, HIGH sodium though","I have no idea if this tastes like the real thing (I'm going to guess no), but it is very tasty.  It's easy to make and is filling.  Most instant noodles are either too bland or too spicey for me, but this has a perfectly seasoned broth.  The noodles are firm without being too tough like some of the Annie Chun soup bowls.  I really liked the huge pieces of green onion in it as well.  Good product and my new favorite flavor.<br /><br />Huge downside?  1940mg of sodium per bowl, which is more sodium then you need in day never mind one meal.  Ouch.  The bowl has 2 servings and rounds out at 440 calories.  Not something you want to eat very often.  I really want to buy them again until I read the label.  It's too bad, but it's not something I'll eat again.",1265414400,12,13
B002BCE9JS,4,"Nothing like real pho, but still good","If you're looking for real Vietnamese pho, this isn't what you're looking for. The noodles are much heavier than what I'm used to, and the taste isn't quite right.<br /><br />But with all that said, this is a pretty tasty bowl of instant soup. It's definitely a step up from cup o noodle or ramen noodle packs, but still lacks something that'd you'd get from just making the dish yourself (I think the freeze dried vegetables don't have as much flavor, and the noodles aren't as good as fresh noodles).<br /><br />If you like instant soups, ramen noodles, or any of that stuff, I strongly recommend checking this out, you won't be disappointed.",1281830400,5,5
B002BCE9JS,5,The Best Instant Noodle Meals You Can Buy!,"Why?  Because the noodles come SOFT, sealed in plastic!  If you are tired of noodles that ""crunch"" or that have to be reconstituted out of the original cardboard, you are in for a treat!  Available in something like a dozen different varieties, try them all and then subscribe to your favorites in order to get the lowest price.<br /><br />Note: The seasoning comes in a sealed pouch so if you tend to prefer yours less salty or less strong in taste, don't use it all to start.  You can always add more in later.<br /><br />Note: Since the bowl is made partially from cornstarch, it will biodegrade completely so toss it in the trash when you're done without feeling guilty.  (For this reason you should NOT attempt to reuse this bowl like you may have done with other brand instant noodle meals that came in plastic bowls.)",1329091200,1,1
B002BCE9JS,2,I'd rather have Nissin Cup Noodles,"I'm no ""pho"" expert, but I've eaten a lot (I really mean a lot) of Vietnamese, Japanese, and Chinese noodles in my lifetime.  And I wasn't really expecting authentic Vietnamese Pho noodles with this item, but it wasn't even remotely close to resembling that or any other Asian noodles.  I guess it's a matter of individual taste and preference with these things.  It didn't taste bad, but it didn't taste good either.  Not a lot of flavor, and what little flavor it did have I wouldn't describe as Vietnamese (or even Asian for that matter).<br /><br />I've also read a few reviews describing the portions as big, but it definitely was not.  Nissin's Cup Noodles taste better, are more filling, and a whole lot cheaper (but probably more unhealthy too).",1287187200,1,1
B002BCE9JS,4,*Easy* To Make With *Tangy* Flavor!,"I like the ANNIE CHUN'S VIETNAMESE PHO SOUP BOWL but it has a sour taste. I'm not sure what ""Pho"" should taste like but I've heard that it was really good Vietnamese soup.<br /><br />The other ""Annie Chun"" noodle soups that I've tried were pretty good so I decided to try this one for variety.<br /><br />They're easy to make, just add hot water and put in microwave, and the noodles are not dehydrated and dried like other ""instant noodle"" soups.<br /><br />The soup broth has a tangy flavor to it and it really smells good when you open the soup base package up. Try it cause they're great for a snack or lunch.",1258070400,1,1
B002BCE9JS,4,Going back for more!,"Compared to pho I've had at restaurants, Annie Chun's doesn't hold up. I'm not even going to bother. But compared to other instant noodle soups, Annie Chun's is light years ahead.<br /><br />The noodles are soft and moist in the package - not fried and dried. The sauce is liquid and just oily enough. And there is a healthy packet of dehydrated veggies. The instructions do involve giving the noodles a soak and then draining. This can be a hassle where the best you can manage at work is to heat a mug of water in the microwave. I'm going to have to drain the noodles in the bathroom. Yech... But the extra step will be worth it. And unlike other instant cups of soup, I actually feel satiated after eating - not just buzzed from the sodium!<br /><br />I'll definitely be getting more of these!",1279238400,0,0
B002BCE9JS,4,Nowhere Near the Real Thing,"I agree that this is a great alternative to those other ""instant noodle soups."" I definitely prefer Annie Chun's Soup Bowls to the greasy and overly salted take out around my college campus. However, other than it being better than the other choices I have, it's not that traditional and the tastes are a bit too strong for my liking. I will try to put in less seasoning but I doubt it'll taste anything like my dad's pho. I'd recommend it though for those looking for a ""healthier"" alternative to ramen.",1264032000,0,0
B002BCE9JS,5,"Good afternoon,Vietnam","Annie Chun's Vietnamese Pho Soup is delicious and convenient! Since the noodles are fresh,they're a great deal less salty than Ramen. Unlike some instant Asian meals,they're made here in the US--in San Rafael,no less. The pho soup has a fresh,gardenlike flavor. Indeed,it's fresher than the pad Thai. It has a slightly citrusy flavor. Add some vegetables,tofu,and a dab of hot sauce to it--and it's perfect! It's like going to Indochina without paying the air fare. Serve some up!",1257984000,0,0
B004R8J8EK,4,"A quick, simple classic","Some people may put Shake N Bake anything in the same category as Ramen Noodles, but I don't really care about all that. This little pouch is a life saver, not to mention time saver. I have an 18 month old and sometimes attempting to cook anything is impossible. I need something quick and easy. Well, this is it. Literally, just shake and bake. Anybody can do this, it requires zero skill. And it actually is tasty. I leave mine in the oven a couple minutes longer than the suggested time, because I like my chicken somewhat on the crispy side. Pair it with anything you want, for you can't go wrong!",1314144000,0,0
B006GCMI5Q,5,I'm a believer.,"I really need to cut down on my sodium intake because I have very high blood pressure - I've been a salt fanatic for MANY years (I put salt on almost everything), so I'm a very harsh critic when it comes to salt substitutes. I recently ordered and received a similar no salt substitute ""blend"" from another website, and it has absolutely *NO* salt taste. I've tried a few others as well that also tasted nothing like salt...so I really didn't have high hopes for table tasty.  I figured I'd order it anyway based on the positive reviews (and it was shipped very fast).<br /><br />I can honestly say I was pleasantly surprised when I tasted this product.  I thought for sure it would only taste like a sodium-free spice blend like all the rest, but it actually has a salty taste when you try it right out of the bottle.  The taste and smell actually reminds me a lot of those flavor packets that come with Ramen noodles, or the ""Cup-a-soup"" packets in a box, which are both LOADED with sodium!<br /><br />It's hard to believe - I have no idea how they've achieved this since there's NO sodium at all in the product.  All I know is I will now be ordering a large bag!",1347408000,1,1
B0058AMY74,5,My favorite Kettle Chip,"These are my favorite, but they aren't for everybody. In a way, they sort of taste like Oriental flavor ramen, but with a kick. For me, how can one go wrong with the combination of jalapeno and ginger? They are a bit rich, so they aren't for EveryDayForAMonth snacking. Because this is a case purchase, I recommend trying out a single bag before buying an entire case. The 2oz size seems to be no longer available, which is a shame; I can eat the entire 5oz bag.",1327968000,1,1
B0083PFB2G,4,"GLUTEN FREE!  So good, I had to review it!","BOTTOM LINE:<br />GLUTEN FREE!  This stuff was sooo good, I really wish I had another bowl right now. The Quantity:Price ratio takes the product down one star.<br /><br />FLAVOR:<br />I thought the flavor was excellent, in that I could really taste the garlic, pepper, and onions.  The broth was a little salty at first, but I added a bit more water to get it to where I wanted.  I also thought it could use a little spiciness, but I feel that way about everything (I left out their oil packet and added a squirt of my own Hot Chili Sesame Oil - <a href=""http://www.amazon.com/gp/product/B0005ZXXWM"">House of Tsang Hot Chili Sesame Oil</a> and it was perfect).  It was really nice in that it had more than just your standard chicken/ msg broth flavor - it had real subtle flavor notes.<br /><br />NOODLES:<br />GLUTEN FREE!  I thought I would note that I really like the noodles in this - they are not your standard Ramen noodle, but are a form of rice noodle, similar to Vietnamese Pho.  These take a little longer to cook, but are definitely a great match for the broth.  I bought them because they are gluten free, but they make a great soup noodle in their own right.<br /><br />QUANTITY vs. PRICE:<br />I wish there was more in the bowl than what was provided.  This is what takes the product from 5 stars down to 4.  For the price, I wish there was more food - or for the amount of food, I wish it was cheaper.  To be fair, I bought this at my supermarket, and not on here, but the price is similar.",1342396800,0,0
B0025UON1A,4,High Quality For A Great Price,"I usually look for cheaper products that can offer a filling meal, and this is one of the more perfect examples where lower price doesn't mean lower quality. I found the Maruchan Yakisoba Savory Soy to be quite delicious and filling; definitely one of my favorites. Was pleasantly surprised at how well the vegetables tasted as well; way better than the smaller, typical cups of ramen. It's a product both my wife & I plan on ordering time and time again. The only problem I had with the product is not enough soy flavor for my personal taste, but this was easily remedied with a single left over soy packet from the last time we ordered Chinese delivery.",1298851200,10,10
B0025UON1A,5,Can't beat the product or price!,"When I ordered these, it was because they were a flavor of Maruchan Yakisoba I hadn't tried (they don't sell soy sauce flavor at the stores I go to) and subscribing was VERY cheap compared to buying the ones I get for $1 each at stores. I must say that Maruchan is the best brand of this type of meal of the 2 brands of similar prices in stores IMO (this and Nissin Chow Mein), and this flavor is great. To me it tastes more like a teriyaki than just soy sauce.. I think it has a very slight spiciness and sweetness.<br />In Maruchan Yakisoba there are always plenty of vegetables (unless you get the cheese flavored meals), and I especially like that this flavor has the wider flat noodles instead of the round ones. I tried one plain when they arrived and another one  I added cooked shrimp to. I think this would be good with added cooked beef, chicken, or pork too, but you're not missing out at all if you just make it the way it comes without adding any thing.<br /><br />These would also be good to have in case of an emergency because the noodles seem to be pre-cooked and only require re-hydration. you could make it by just pouring boiling water (or the hottest water available) in, covering well, and letting it sit for a little while,  stirring it a couple of times while you wait to get all of the noodles and vegetables into the hot water. Cold water might work but it would probably take a long time to re-hydrate every thing.<br /><br />Another thing you could do if you have plain ramen noodle soup packets around the house that aren't getting eaten and you don't have quite the right shaped bowls to cook them in the microwave is save the trays from these and use them. It says on the package not to reuse the tray, but I think that is for liability reasons. I have yet to melt one from reusing it. What I like to do is put the noodle block into the bowl, add meat and/or a bit of small frozen vegetables like corn and peas, fill water to just under the line and cook until the noodles are done, then add the seasoning packet. I find the full ramen soup packet is too salty for me some times though so if you do this, I would add some at a time until it suits your taste.",1317427200,3,3
B0025UON1A,5,Impressed,"For just a dollar, this product delivered the most convenient and one of the best tasting instant noodle i've ever had, the great texture of the noodle itself is a definite A, and the well blended vegetable and flavor pack brings one of the most satisfying experience, and no greasy aftertaste. Awesome!",1331942400,0,0
B000VSDCH4,5,Amazing packets of flavours and spices...very HOT!,"The BBQ Chicken Mi Goreng flavor packs on the heat...and just right for those who like their food on the intense side.  It has lots of packets of flavor including a spicy chili oil and soy sauce and some msg-powdered seasoning and hot chili powder and even dehydrated fried onions as garnish.<br /><br />It is subtly sweet and the spicy-heat just hits you in every bite and the flavors all merge into deliciousness.  This is a flavor unlike any asian bistro cooking, and yet, it's so-oooooooooooo so, so good.<br /><br />I must admit that I have often wanted to find other flavors that were just as tasty and spicy and have only found 1 that is nearly as tasty but it's not a similar sweet-n-hot-savory, it's got heat but it's very different. (see my other ramen noodle review)",1350777600,0,0
B0047T56SQ,4,Picture and product are not the same!,"I have no problem with hearty chicken flavor, however I was searching for the regular chicken flavor with the vegetables, as shown in the picture supplied. Someone really should supply a picture that accurately reflects the product being sold. Imagine my surprise when I opened my shipment and got hearty chicken (without vegetables) instead of what I had searched for. Cup Noodles makes a fine product regardless of flavor, but I was looking for something specifically different which is not what I received. That being said, I like to shake up the monotony by adding a dash of curry powder (and maybe a little red pepper) before pouring in the water and letting it steep, plus I usually let it sit for an extra minute or two.",1308441600,2,2
B0047T56SQ,4,Taste sorta like low salt broth,"Flavor: It taste like low salt chicken broth. Though the thing is the nutrient content isnt low in salt. It has around 60% of your daily salt content.<br /><br />Portion: It depends. Some packages only are half full and some are over filled. Though to me it doesnt fill me up.<br /><br />Price: It is less expensive at stores. It is around $0.25 at the store. On amazon it is $1 each.<br /><br />Would i recomend this: No, I would recomend the shrimp flavor and chili flavor. I also recomend Nongshim that japaneese or korean brand of ramen. Thoose taste the best.",1336262400,0,0
B0000DHZ3W,5,Fine just the way it is but excellent with some additions...,"This is my favorite soup from Thai Kitchens, with Roasted Garlic being a close second and the Mushroom one being a close third.  They are easy to make, the bowl is included so you just add the seasoning, add the water, and wait a few minutes.  While I am waiting, I usually microwave some left-over meat and, if I'm up for it, some vegetables.  Then I get a larger bowl and pour everything into it, add some hot sauce, and sit down for a filling and delicious lunch.<br /><br />Plus the bowls are useful too, I keep some in the art corner for various projects & water while the kids paint, and I keep some in the kitchen to use for short-term storage while cooking or to store small amounts of food overnight in the fridge.<br /><br />While Ramen has a soft spot in my heart for getting me through college, Thai Kitchen noodles are my favorite.",1190246400,0,0
B0000DHZ3W,5,A very good soup,Light in flavor but still very good. If your trying to stay away from the ramen soup loaded with so much sodium then this is your answer. The noodles are thin rice noodles and on the package it says these are good for those on a vegan diet. I do add a small finely chopped mushroom or some sort of small piece of veggie and it's very filling.,1179014400,0,0
B001AY9GSC,5,So comforting...,"I purchased this ramen based on my sister recommendation like a week ago and I am down to my last 8 packs, wonderful texture on the noodles and the broth is just right. Adding kimchi as the final touch is heavenly.",1327363200,1,1
B001AY9GSC,4,Good Tasting Ramen,So I guess I'm the first to try this on this site. So I shall tell you my experience eating it! Only actual ramen i can compare it to is Nong Shim Kimchi Noodle Ramyun. So the main difference is this ramen is MILD and not Spicy like the Nong Shim counterpart. The broth is pretty tasty and not overbearing. The noodles are like the smaller Sapporo Ramen and not the large korean noodles that nong shim uses. There is little pieces of kimchi but its really not much to get the full kimchi taste. Hope you enjoy this ramen to!,1291248000,0,0
B003DGSDTI,4,Don't be afraid! The spice is a-nice,"This is a good product, I'll buy it again, no question. But if you are a sincere chili head, and you better be if you're buying it, it's not as hot as you'd think. Because my temperament has adapted to intense levels of heat, spices/sauces that claim to be beyond insane tend to NOT be as hot as advertised. For serious - SERIOUS - chili heads, on a scale of 1-10, this is about a 7. The salt is really just that - salt. The balance in one bite is about 80 percent salt, 20 percent heat, but that ratio keeps it from being a scorching heat. That being said, I've figured it out enough to know what it's going to taste great on (spaghetti!), what it's going to add nice heat to (wings, of course), and where I can do without it. All in all, a good product that I'll keep regularly stocked in my pantry.",1306713600,3,4
B004CLCEDE,5,Read before purchasing,"Word to the wise before purchasing : your noodles didn't go bad. The slightly fishy smell is normal.<br /><br />If you're expecting to cook a fancy pasta dish with angel hair shirataki noodles and let it replace your normal pasta dishes, don't count on it. Some enjoy using these noodles for Italian dishes, but due to the texture it's not going to be the ideal dish. Would you eat ramen noodles with pasta sauce? These noodles go best as an Asian meal than an Italian one.<br /><br />I don't see why people write 1-star reviews based solely on the smell. Yes, it smells, but it's not overwhelming. I didn't smell it until I stuck my nose in the noodles. Best thing to do: get a bowl and fill it with cold water and possibly some ice cubes. I let them sit in that for about 10-15 minutes and the smell was nearly gone. If you're going to whine and fuss on an Amazon review board about a smell you clearly did not READ THE DIRECTIONS ON THE PACKAGE.<br /><br />Lay the noodles on some paper towels to soak up access water. Shirataki noodles absorb the flavor of the dish, so allow it some time to dry a bit. These noodles are AMAZING with a stir fry. Others say sukiyaki with shirataki noodles are a hit as well.<br /><br />What I did : After completely the steps above, I cut my noodles into bite size lengths and made a slight peanut butter sauce for that Chinese take-out zing. Oils contain a lot of flavor, but only a couple drops of sesame oil really helped. I added plenty of vegetables in a pan with some chopped up chicken breast, added my sauce then dropped in the noodles and let it fry for a bit.<br /><br />...AMAZING! It was delicious and since it was mixed with plenty of other goodies I didn't notice the texture much at all. I cannot wait to buy more of these!",1324512000,4,5
B004CLCEDE,5,Tastes just like cellophane noodles! Great for pho!,"This is the new best thing ever! As an ABC (American Born Chinese) I have had many kinds of noodles over the years, made of many grains (mostly rice or wheat, but also things like quinoa or soba) and in many textures. The reviews that say the texture is horrible are probably from people accustomed only to white semolina Italian-American pasta. No, this does not taste like the spaghetti you get from cosco. It is also not the processed white flour Maruchen ramen that many Americans know as their only representation of Asian noodles. The texture is just like cellophane noodles, which are used frequently in Thai and Vietnamese food. If you are not sure if you will like the texture go to your local Vietnamese enclave and have a bowl of Pho. Those transparent noodles with a little bit of ""bite"" or ""crunch"" almost to them? That's what these are. Not slimy or slippery like semolina pasta. They don't just dissolve and break when you slurp them, you actually have to bite them off. They abosrb broth really well - try yours in a beef broth with roast slice beef and cilantro, green onions, lime and bean sprouts. Use plenty of garlic and hot chili. You won't miss a thing!<br /><br />No unnatural ingredients, high fiber and no calories! This solved two of my dietary inefficiencies with one stone - needing to add fiber supplements to my yogurt and smoothies, and the empty calories in noodle soup. Now I can have a big bowl of protein, veggies, broth and fiber with no empty processed carbs in the way! I'll be saving my carbs for important things like fruit... and chocolate :><br /><br />Post Script: For the people who insist the noodles ""smell like fish,"" or ""smell like rotting,"" I would like you to try a little cultural sensitivity experiment, and go to your local Korean, Vietnamese, Japanese, Thai, or Chinese marketplace, and take a big deep breath. Smell that?<br /><br />It's fish. Actual, came-from-the-ocean fish. It might be fresh like sashimi or it might be dried, smoked, or pickled, depending on what flavor of Asian store you stumbled into. We eat them, you know, in forms other than breaded and deep fried. Now go smell something like kim chee, miso, or 100-year eggs. That smell is known as fermentation. Say it with me, fer-men-TA-shun. That is not the same as rotten. It is a deliberate conversion of carbohydrates to alcohol under anaerobic conditions utilized for change in flavor, texture, and quality. You may discover parallels in your Nice Normal People foods like cheese and beer.<br /><br />Before you rail on about how disgusting this product is because in your ignorance you dumped salt-free marinara on it (ew) consider trying to find one of us slanty-eyed dark-haired people and asking nicely to try our food. Then if you don't like it, please consider thinking, ""Gee, I guess my palate doesn't care for Asian flavors,"" rather than ordering Asian noodles and crying ""rip-off"" because it tastes EXACTLY LIKE WHAT IT IS.",1321660800,4,5
B004CLCEDE,5,These are Amazing,Why doesn't everyone eat these-- no carbs and they add a great filler to your dish -- Super easy to use<br /><br />It's like Ramen noodles with NO GUILT,1348012800,1,1
B004CLCEDE,4,"Not Bad, Not Bad At All","I purchased the Miracle Noodle Spinach angel hair pasta.  I looked at many of the reviews prior to making my first bag.  I did find that they have a strong fish odor upon opening.  This was expected.  I rinsed the noodles under cole water for 4-5 minutes.  The odor decreased significantly.  I boiled the noodles for about 7 minutes then rinsed under cold water.  While boiling, I added a dry garlic rub so that the noodles may take in some of the flavor.  After boiling, I rinsed the noodles under cold water for 30 seconds or so.  To finish, I added about 1-1.5 teaspoons of garlic cooking creme, red pesto with truffles, and a touch of basil garlic parmasean dipping oil.  I warmed the noodle-sauce mixture for about 5-10 minutes.  I admit, the noodle texture was interesting...I guess it was like an al dente ramen noodle.  I wasn't expecting a spaghetti noodle though.  I would definitely make again.",1347148800,1,1
B004CLCEDE,5,Miracle Noodles,"Just got the miracle noodles today.Had them for dinner,they tasted better than expected.The ""fishy"" smell that others had complained about was nearly non existent.The smell rinsed off quickly.They heated easily in boiling water.They accepted the garlic and butter spray flavor very well.The flavor of the noodles plain was similar to ramen noodles.I will buy these many more times.They will certainly help with the diet.My only complaint is that they are a bit expensive.",1331251200,1,1
B004CLCEDE,5,Use the right recipe!,"I see a lot of people complaining that these noodles are not like spaghetti.  Of course they aren't, and they aren't meant to be.  They are a traditional Asian food, and if you want to enjoy them I recommend using a traditional Asian recipe such as Japchae (also called Chap Chae or Korean Glass Noodles) - a Korean stir fried dish with vegetables like carrots, onions, spinach, mushrooms or almost anything in season, seasoned with soy sauce and sesame oil. Some recipes include beef. I used to make this with rice noodles because I couldn't find shiritaki back then and it was very good.  With the shiritaki, it's fabulous.  I've also enjoyed shiritaki as a substitute for ramen in soup.  So ditch the marinara and get out the wok.",1321488000,1,1
B004CLCEDE,5,"Like Ramen Noodles, but healthier!","Appreciated all the reviews... I already knew to rinse in cold water and then boil for 5 min. before it arrived. It barely smelled when I opened it, and only when I stuck my nose to it was there a mild fishy smell. Gone by the time I rinsed the noodles. After boiling, I added to a can of Progresso Lite Vegetable soup for a minute or two. Tasted/felt very similar to ramen noodles, but from what I've read, this is a whole lot healthier. Just reordered; I hope to make this a diet staple. Also, I split this initial order with a friend because we were so concerned about the reviews. She also added it to Progresso Lite Soup and had similar opinion. This product is probably best for someone who already eats healthy. If you expect this to taste good with spaghetti sauce and replace your craving for pasta, you will be disappointed.",1317772800,1,1
B004CLCEDE,5,Love This Product,"I ordered this product after researching the product, the Miracle Noodle Company and with the understanding that this is a natural plant based noodle type product.  The biggest sell for me came in two statements, natural plant fiber and low calorie, what can be better than that!<br /><br />The one thing I did find contradictory to some of the statements that I've read, the miracle noodle does not absorb the flavor of the sauces it is combined with, but served just right it is just as easy to enjoy as you would the average pasta dish.  These noodles are not your Ramen type noodle consistency yet with the right combination of seasonings this product can be much better since it has less fat, less sodium, less calories and fiber.<br /><br />My favorite dish so far is a vegetable soup made with Angel Hair Miracle Noodle, cabbage, spinach, celery, carrots, seasoned with fresh garlic, Vidalia onion and fresh thyme and of course your favorite additions.<br /><br />For a great quick meal, combine onions, fresh garlic, green peppers, the Angel Hair Miracle Noodle with a mixed vegetable, pair with a Cajun grilled chicken or a teriyaki grilled salmon, very tasty.<br /><br />If you have an open mind and a true love of good food, you will enjoy the preparing this low calorie alternative to the average noodle.",1310342400,1,1
B004CLCEDE,5,Surprisingly delightful,"I was going to write a review whether I thought these were good or bad. Of course I was going to hope for good because I just ordered three packages without evening knowing what they really tasted like. I was risking a gamble. I just got the package today and decided I was going to try them today. I had been informed and read the reviews about how the noodles really take on the flavor and that is completely correct. I cooked them in boiling water with soy sauce and garlic salt. Those noodles tasted superbly. I was not disappointed. If anything I was surprised how well they took in the flavor. I was a bit skeptic but I am glad to have been proved wrong. Also, I did make sure to rinse the noodles thoroughly to get rid of the fish smell. I am not 100% there was a fish smell because I had some dishes from when I just had crab but even if there was a smell there was not taste of it in the food. The noodles do clump a bit even after I patted them down with the paper towel but they can be taken apart. Honestly, they remind me a bit of ramen noodles but these are better because there are no calories to them! While ramen noodles are not exactly at a good place on the food pyramid.<br /><br />The reason I decided to give these a try is because I am on the HCG diet and if you are on that diet you know you are limited to very particular foods because it is calorie based. This is a great addition to this diet. I get to eat more without the worry of hurting my diet. I also get very full. I only used half the packet for my meal and found it to be very filling. If you are looking for something to help with a diet or just want to try to be healthy without giving up all your loves such as pasta I recommend these. I can't wait to try the other foods that are offered by this company.",1345593600,0,0
B004CLCEDE,5,"I was a skeptic, but I am glad I took the plunge!  They're great!","I am doing Atkins, and I really missed noodles.  For me it wasn't necessary to have PASTA per se, but anything close, and these ramen-like noodles seemed like a good thing to try.  Having also tried low-carb pasta, I can say these are a HUGE improvement.  So far, I have only used them in stir fry, in which they are perfectly tasteless until they absorb the flavors in which you cook them.  I was frightened at first that I would be able to taste the strongly fishy smell of the liquid in which they are packaged.  But by following the instructions--rinse them for like 15 seconds and plunk them in some boiling water for a minute--I was able to completely de-fishify them!<br /><br />My main concern now is the cost, since these cost about 10x what a similarly sized pack of ramen noodles costs.  I am hoping to be able to get them in larger quantities, hopefully more densely packed in the package since it seems like 3/4 of the package weight just goes down the drain.  If I can get these for less than a dollar per 7 oz serving by buying in enormous quantities, I'll eat them twice a day for the rest of my life.  Seems like they could sell these in larger packages or jars and get a higher noodle-to-water ratio?  I bet the biggest cost of this item is shipping since they're basically shipping a pound of water.",1336694400,0,0
B004CLCEDE,5,Great healty noodle,"My family and I love the taste and texture of this wonderful ""miracle noodle"". I have used them in several soups and I am excited to cover them with pasta sauce. In soup they have a texture similar to ramen noodles...taste way to good to be as healthy as they are!",1336003200,0,0
B004CLCEDE,5,HERE'S THE REAL SCOOP ON SHIRATAKI!!,"Okay, so I heard about the amazing Shirataki noodle and decided to give it a try.  After MUCH research and deliberation I decided to try both the ""miracle noodle"" (zero calorie, glucomannan, no tofu) and the House Foods (40 calorie per bag, tofu and yam flour) varities.  BOTH arrived today, so I decided to try both and give an unbiased review.<br />#1 - Anyone who says these noodles have a repulsive odor, has never eaten fish before.<br />#2 - anyone who says these noodles have a repulsive texture, has never eaten ramen, or udon noodles before.<br /><br />I put a small pot of boiling water on the stove, brought to a boil.  Opened the bag, put noodles into a strainer, and rinsed 10-15 seconds under cold water.  Then I put the noodles in pot of boiling water.<br /><br />I purposely sniffed the bag.. and yes.. it has a medium to mild ""fishy"" odor, nothing worse than salmon.  If you don't like this, then don't sniff the bag.  The ""miracle noodle"" had slightly less of this odor.<br /><br />I purposely sniffed the boiling water after about 1 minute, and yes, it had an odor, not so much fishy anymore, as almost plastic-y.. kind of hard to describe... again, don't sniff the steam if this bothers you.<br /><br />After 3 minutes of boiling (for the House foods brand), and 2 mintues (for the miracle noodle brand), I poured into the strainer again, and rinsed with HOT water for 10 seconds.  I then drained, and put back into the small pot, and added half a flavor packet from a pack of ramen noodles (chicken flavor).<br /><br />IT TASTED JUST LIKE RAMEN!  I was very excited.  The noodles (as other reviews state) have no flavor on their own, but take on asian flavors nicely.  As for being a ""spaghetti substitute,"" these would probably do the same as if you put ramen noodles under some spaghetti sauce.. not quite right.. but not the fault of the noodles, just not the intent of an asian noodle.<br /><br />As for the texture, these noodles actually get FIRMER as you cook them, instead of softer (like regular noodles).  If your're a fan of ""al dente"" pasta, then this is for you.  YES &lt; they are a bit firm, but not hard like rubber bands (like other reviews have said).  And not slimy in the slightest, I don't get why people have said this (again, felt just like ramen noodles in my mouth).  I love al dente pasta myself, and found the texture preferable to normal ramen noodles.  The ""miracle noodle"" is slightly firmer, and more transluscent (like more tradition ramen noodles).<br /><br />I ate one bag of each, and loved every bite of both.  This was also about 4 hours ago, and I felt full this whole time (not uncomfortably full, just not hungry).<br /><br />I'm VERY glad I took a chance on this.  Perhaps if you have a picky pallet, this isn't for you.  But if you like Ramen noodles, then I'm telling you give these a try.  One bag (of either) is about the same volume as one packet of Ramen noodles, but at a fraction of the calories (or zero in the case of miracle noodles).  I plan on experimenting with other spices, such as bullion, and asian ""flavor packets"" found at the grocery store.<br /><br />Hope this helps!!",1334793600,7,7
B004CLCEDE,5,Blank Canvas,"These honestly taste like absolutely nothing. I have no issue with the texture or flavor. Yes, they smell a bit fishy coming out of the bag, but rinsing (for a while) in cold water cleans them off and leaves you with a completely blank canvas for whatever dish you're making. I just used them with spaghetti and honestly thought they were fantastic. They more closely resemble ramen noodles, but seriously, for the health of these noodles, it makes next to no difference - especially when the alternative is having no noodles at all. In addition, they were extremely filling. Just follow the instructions left by other reviewers and you'll have no problem at all (the secret is a good rinse!)",1327104000,0,2
B004CLCEDE,3,Expensive diet!,"It's not entirely obvious from the photos here on Amazon but these 7 ounce packages aren't like normal pasta, they're basically ""precooked"" noodles that are in bags filled with water so the actual quantity of noodles is maybe a small scoop per pricey bag. The noodles themselves have a texture that's (naturally) better suited to asian style noodle dishes (i.e. a ramen bowl) and upon initially opening the package there is definitely a vaguely fish-like scent-it's not a horrible pungent scent but more reminiscent of noodles just cooked in fish soup (really hard to describe to be honest). Thankfully this does go away nicely after rinsing and blanching per the instructions, and even when eaten with just red pasta sauce there weren't any weird flavors but the textures just didn't really feel at home here.<br />Honestly these noodles would feel most at home in making a low carb ramen noodle bowl or something similar, but the real reason I'm not going to buy these again is simply that the price is insane for the quantity you get.",1326499200,5,5
B004CLCEDE,3,Taste and feel like bean sprouts,"I'm really confused by the reviewers claiming they couldn't wash the smell off.  When first opened the bag smells EXACTLY like old edamame.  The fact that it smells like something that is also food helped me get past it a little. I put the noodles in a colander and ran hot water over them for less than a minute while tossing them around with my hands.  That removed the smell completely.  I think the assertion that they taste ""rubbery"" is a little strong.  There certainly chewy, but in the same way that bean sprouts or limp celery is chewy.  It's basically true that they take on the taste of your sauce, though, having prepared them in beef broth with hot sauce, it didn't really seem like they were absorbing the flavor so much as they were just coated in it.<br /><br />The only real criticism I have is that you really don't get all that much volume for your money.  A whole package makes slightly more than a brick of Top-Ramen soup--at 2.50 a package the calorie savings are really the only thing it has going for it.  For the same price, I could eat a whole ton of carrots or green beans, which I find way more satisfying and would be only a trifle more caloric.  I guess I figured shiritaki noodles would be better than carrots at answering my carb craving, but they're really not.  So ultimately, I liked the product, but I probably wouldn't buy again for price reasons.<br /><br />Also, and I'm not sure how this should influence buying decisions overall, but one of the bags popped and leaked its smelly juice all over the box in shipping.  To make matters worse, the noodles were part of an order that contained some electronics that were (thankfully) shrink wrapped.  Still, unpacking everything from a pool of shiritaki juice was nightmare.",1312502400,5,5
B004CLCEDE,5,These noodles are great!,"I bought these noodles after reading the book ""Wheat Belly"" based on the author's recommendation. I was pleasantly surprised after making a Shirataki noodle stir fry. They don't really have a taste, but they take on the taste of whatever sauce they are in. The texture is similar to Ramen noodles and if you follow the directions on the package, they will not taste like fish even though they smell a little like fish when you first take them out of the package. (I was a little worried about that after reading some reviews.) You really can't go wrong with these noodles since they have no calories!",1343433600,4,4
B004CLCEDE,4,Definitely not Ramen but good enough for bodybuilding dieting.,"I compete in bodybuilding and crave carbs while dieting. I can't have pasta so when I discovered these I thought I had hit the jackpot. Zero calories? Heck to the yeah!<br /><br />I tried these immediately when I received them and was disappointed at first. I tried following the instructions exactly and then mixing in different seasonings for flavor but nothing could get me over that gelatinous texture. I bought the 6 pack so I figured I'd change how I cooked them. I followed the directions again; rinsing and then blanching in boiling water. However, this time I threw them into a hot skillet after boiling and drove off some of the moisture for a dryer texture. I added in a random assortment of seasonings I had on hand and they ended up tasting like chicken flavored ramen noodles! I also tried boiling them in beef broth and throwing them in with some beef broth in the skillet. These definitely tasted and felt more like the ramen noodles I had been craving. I had definitely hit the jackpot with these. The only thing that could make them better for bodybuilding contest dieting is lowering the price.",1314230400,3,3
B004CLCEDE,5,LOVE THESE!!,"I purchased these after watching a youtube video of a woman using them to make spaghetti with ground turkey. WHen they arrived, I already anticipated the smell upon opening the package and the texture possible being ""weird"". Must say, I have already eaten all six packages in different ways but my favorite dish was the spaghetti.  When I opened the small bag, The smell was fishy but I allowed them to rinse while I chopped my veggies. The texture was very similar to noodles but more like an asian noodle (like the noodle used for pad woon sen or ramen noodles)They really soaked up the flavor of the sauces I used. I will be ordering my next shipment today! I am completely impressed and will probably use these for my spaghetti from now on!",1311292800,3,3
B004CLCEDE,5,Best Brand of Shirataki Noodles,"I am a very picky eater with a very adept pallette, so I was a bit skeptical about the whole shiritaki thing, but I'm glad I gave them a try. I was very pleased with these noodles, I have had other Shirataki noodles before (can't remember the brand exactly) but these were much better. Don't be alarmed at the horrid smell when you open the pouch (I certainly was lol), that as I understand it, is the odor given off by the presearving agent, and has no affect on the taste of the noodle. Simply rinse them thoroughly in a collander until the smell is gone/extremely faint. Once boiled as instructed the smell will not be present in the noodle, and as I said the noodles do not taste like that smell. Miracle Noodles are completely flavorless and the texture of this brand is much more palatable than the other brand I tried. I think the Miracle noodles are akin to ""Ramen"" noodles as far as texture goes (this only applies to the angel hair variety, I have not tried other shapes). I had these with my homemade tomato sauce and they took on the flavor of the sauce entirely. I love them, I will deffinately be ordering them again. Pasta was the absolute hardest thing to give up when I switched to an ultra low carb lifestyle (over 2 years ago), and I am thrilled to finally find a substitute that fits into my diet! I would reccomend them to anyone on a low carb diet or just looking to lighten up their meals occasionally, great product!",1343088000,2,2
B004CLCEDE,5,"Impressed, But be aware of what you're buying","Okay so I was searching for a pasta that I could use in low cal cooking. 0 calories per serving seemed amazing. Worth a shot. I knew by looking at it that it was going to be more like a rice noodle, so I was prepared for that.<br /><br />Now, be aware that if you're looking for something to replace spaghetti or something, this isn't the one... This is more like a rice noodle. Good for quick sautee with something... I wouldn't use it in a spaghetti sauce or an alfredo, really.<br />If you're looking for something to replace RAMEN noodles, this would be good... If you're looking for something to replace regular pasta? Forget it. Try Fiber Gormet or whatever it is. But if you're looking for a replacement for a rice noodle or something of that sort, this is a great product.<br /><br />They do smell horrible when you open the package Rinse it!<br />I used a little bit of lemon juice just to make sure the smell went away faster, and rinsed again, and it was perfect.<br />They have NO initial taste. (This is of course after the rinsing very well, i didn't taste until the smell was gone)<br /><br />Basically the most amazing thing about these miracle noodles is that they absorb the flavor of what you put on them instantly. A quick sautee with a brothy spicy sauce and it was like wow... Definately something I'll get again. Glad to have purchased it.",1337558400,2,2
B004CLCEDE,5,Low Carb Pasta!!,"I've switched to a low carb lifestyle and one of the most challenging things to eat is things that I would traditionally eat with rice or pasta... like mac and cheese or thai curry. For years I've been getting konnyaku noodles from the Asian grocer but I was happy when I found these as a I have a little more faith in their actual contents. The trick to shirataki/konnyaku is to let them sit in a flavor rich sauce so they absorb the flavor. Don't prepare them plain and expect them to taste good, cuz they won't. They don't really taste or smell fishy to anyone who actually knows what fish smells and tastes like, but they do have a different odor. Lately my favorite preparation is to parboil them, then soak in an Alfredo sauce prepared with Cheddar cheese instead of Parmesan. A ramen restaurant near me recently started giving the option of shirataki noodles in place of wheat noodles, so I've been meaning to try them as an instant ramen or instant udon replacement because they are awesome in ramen!! There are some really rich Korean stews that would do well with these in place of rice as well. Be creative and experiment, but most of all, keep your mind open!!",1327622400,2,2
B001AQVQL0,5,tastes like melted vanilla ice cream,"absolutely the best tasting ready to drink protein drink i have found.  the negative review said that they received a bad (separated) product.  This has happened to me too.  After all, it is protein - and if it gets too hot - (like when the delivery people leave it in the hot Sacramento sun in the summer) - it will clot.  I just called the company and they shipped out a replacement order.....no problem<br />Or, like the reviewer said.... just order the powdered version.",1310688000,0,0
B0002YB21A,5,Great to have in any kitchen,It's a staple in many Asian recipes but here's a tip... add a teaspoon to any instant noodle and it will bring the broth to life! It was a stalwart companion during my years of living in the dorm room.,1234396800,15,15
B000SATUWG,5,Gustaf's Dutch Licorice Creamy Goodness,"The most luscious, soft, creamy licorice caramels you could possibly imagine.  Not a hard candy, and not the typical bitter taste found in most licorice candies.  I sampled these at a candy shopppe in Old Sacramento, and located them online at Amazon.com<br /><br />They are even better than the (now) defunct Callard & Bowser's brand from England.",1350864000,0,0
B0005YVCX0,5,"Really tasty, especially how I prepare it *RECIPE INSIDE*","You can find these in your local grocery stores for a price of about less than a quarter each, so this is a bit of a rip-off.<br /><br />I saw the other review with the person using a microwave(?). I don't use a microwave, however I suspect he may be talking about about a different instant ramen.<br /><br />I DO NOT RECOMMEND THIS TO ANYONE ON A DIET. If you just want a snack, then this is the perfect product for you. Its cheap, filling, and tasty, but it has virtually no nutritional and can be bad(and slightly fattening) in excess. If you like, you can do an experiment on what happens in your stomach until you fully excrete it: place ramen in large container, add two cups of water, and wait a few months to see what happens. Again: IT'S JUST A SNACK OR LIGHT MEAL(LIKE BRUNCH). ON IT'S OWN, IT HAS VIRTUALLY NO NUTRITIONAL VALUE AND CAN BE UNHEALTHY IN EXCESS.<br /><br />As an Asian, I grew up with this product simply because of cultural values(it says ramen,so in my family it's Asian); so I had a LONG time to develop a recipe.<br /><br />To attain my level of ramen, which my baby sister still adores, I stretch the time to 13 minutes.<br /><br />How I make it:<br /><br />1. Put ramen in regular pot and add two and 1/8 cups of water, or more or less if desired.<br />2. Put to boil on the highest setting possible for ten minutes, or less time if you are unwilling to wait long, stirring constantly. When ramen reaches boiling point, add soup packet. Stir with a wooden spoon and insulated long fork(or spaghetti fork)or chopsticks to avoid burning. Boil for a bit more, if desired. The more you boil, the softer and fuller the noodles. Turn off heat immediately and let cool. Leave as is or add desired ingredients WHILE ramen is cooking. If water gets too low, add water.<br /><br />Have you ever heard of egg drop soup? With ramen, you can make it easily:<br /><br />OPTIONAL: To get more ""traditional"": add green onions(1 or 2 chopped), soy sauce(1 tbs), ginger(grated, 1/2 tsp), mushrooms(sliced, 1/2 cup), sesame oil(1 tsp), white pepper(1/4 tsp or 1/2 tsp of sugar to substitute), and cornstarch(1 tbs dissolved with 1/2 cup of water set aside previously from the 2 1/8 cups).Ingredients must be added before eggs, so you can keep heat slightly longer but remember to stir entire time to avoid noodles sticking to pot. Add more water, if necessary.<br /><br />3. Immediately after removing heat, add beated or non beated eggs(3) through a fork(or 3 to 4 chopsticks), while stirring the soup. I pick up some parts of the egg with one hand through the utensil and stir with other, though I usually need help stirring at the end. Stir quickly for one minute to get ""shreds"" or slowly until eggs ""form"" to get ""ribbons""(only on one direction: clockwise).<br />Note: beaten eggs must be beaten VERY lightly so NO BUBBLES FORM<br />The end result is VERY tasty.<br /><br />There are many variations of this soup. My particular version without egg or veggies feeds 1 or 2 people or, if your getting fancy with the veggies or eggs, 2-3 people, and if you got fancy with the egg and veggies, then 3-4 people. If you add even more things, it feeds 5-more people.<br /><br />Be creative, though. Add whatever you like. My dad, who was part Japanese and part Chinese and part Filipino added squid sauce(it did taste good) and white jasmine rice(after boiling) and my Hispanic(slightly Italian, but not culturally) mother added chile(hot sauce) and lemon. My aunt, who looked more and acted more Italian than Mexican made it into Minestra Maritata or Italian Wedding Soup. So, base a recipe into your ramen, or just add things to meet your cravings. All in all, it's a flexible, hot soup good for a sick-day or just a snack.",1325635200,0,0
B001SAOHWI,5,"Next Best Thing to ""From Scratch""","I usually make my own chicken stock from scratch, but sometimes what I've got on hand isn't enough to fill the pot. When that happens, this is my go-to bouillon. It's also great for when you get to the bottom of a big pot of soup, and it's super thick. Adding a little of this vegetable stock can stretch out that last bit without sacrificing flavor. I've tried a lot of different chicken bouillons, but none of them have the wonderful flavor this vegetable one does. This is also the only bouillon I will drink straight, when I'm feeling sick. It's delicious!<br /><br />The sodium in this is comparable to other bouillons, and MSG (in some form, frequently listed as ""autolyzed yeast extract"") is in pretty much every canned soup and stock out there. Very few people are actually sensitive to it, or they would have gotten sick every time they ate Campbell's soup as a kid. But they see the scary letters and get alarmed. It's just silly.<br /><br />While I do think you should try to keep processing foods like this to a minimum because of the high sodium levels, a little bit here and there won't hurt you. Fast food and processed meals like TV dinners and Top Ramen are far worse. Practice moderation in all things and you will be fine.  :-)",1299628800,0,0
B006C6S3QY,5,Like crack.  Only good for you.,"I've been experimenting with homemade sugar-free chocolate for a while now, and after trying a large number of sugar substitutes, I've found it very difficult to make anything that I'm proud of.  Chocolate, in general, is very temperamental.  It has six different crystalline forms, and you have to get the temperature just right or else you wind up with a less than desirable form.  And your sugar substitute needs to be fat-soluble and anhydrous, because small amounts of water can will cause your chocolate to seize.  It's very complicated, and I've never been keen on anything I've made myself.<br /><br />Coco Polo's chocolate, by contrast, is tempered perfectly.  It has just the right snap and mouth-feel.  Because it's flavored with Stevia and Erythritol (the easiest-on-your-stomach sugar alcohol), you can eat the whole bar in one sitting and not suffer any unpleasant effects.  At least I didn't.  Everyone is different.  But I can say that even small amounts of malitol-sweetened chocolate cause me gastric upset.<br /><br />That being said, this product is not as sweet as ordinary sugared chocolate.  But that is going to be true of any sugar-free chocolate.  In particular, Coco Polo's sweetness is also somehow more subtle, which is the best I can explain it.  If your familiar with Stevia as a sweetener in tea and coffee, you'll know what I'm talking about.  It's not as intense as sugar, but it's still nice and doesn't have any chemical aftertaste.  If you are a fan of less sweet dark-style chocolates, than transitioning to this sugar free band is easy.<br /><br />If I didn't know any better I would give this product 3 or 4 stars because it is not as good as regular chocolate.  But having tried to make my own for years, I recognize when I've been outdone and I'm giving it a 5 star review.  I've also tried many brands of sugar free chocolate over the years, and I like this one the best.<br /><br />On the downside, I think this chocolate is too pricey.  When I ordered mine, it was shipped in an insulated container with cold packs to keep it stable.  This was in the spring and early fall - perhaps in the winter they forgo this treatment.  (They don't ship at all in the heat of summer.)  So perhaps the extra cost is to cover the special shipping.",1349740800,0,0
B003SKYBRW,4,Spicy!,"Very tasty! More spice than I would've anticipated. Cooks quickly (~4-5 mins). Impressed with overall quality and flavor of these instant noodles. Used to Top Ramen, but these are above average, that's for sure. Premium ingredients packet contained a good mix of chicken, spices, and peppers, much to my delight. Perfect for a quick snack/meal. Would recommend to others!",1310169600,0,1
B006XYUZ9I,5,"Well, it's hot alright...","With just a few grains into a bowl of ramen, I had a delightful burn spreading through my mouth. Can't wait to take this to my local Americanized Thai Restaurant to put some real heat on the table.",1331510400,0,0
B0046LJ97E,3,"But, there is a service and other issue problem...","For Ramen noodles, this product was middle quality. The price was good, on the first shipment. There are minor QC issues with the packaging, soup base envelope, and other minor quibbles, but, once I was on the 'monthly' delivery, the price was jacked up $9 and then $14 or $16 depending on who did the subtraction...<br /><br />They called the money out of my account well before requested delivery date (and they say that they only 'hold' it, pending shipment... Had they waited 6 hours, it would still have been too damned early, But, I would not have known about it, Until I checked the bank...<br /><br />Well, that process could have caused checks to bounce, and my feeling is, if I say ship no sooner than one date, keep your hands off my account until that date... (You should have heard the stories and excuses for that one.)<br /><br />I have dealt with Amazon Customer Service before... The people in those instances were great!! And I praised them for their service and care...<br /><br />I hate besmirching them with this go round. In the many calls It took to resolve the issue, the group of 'reps' had a problem with the difference between day of week and date of month, did their best to keep me from talking to a supervisor, a supervisor started talking to someone in their room, one second after the 'hold' music stopped, with the sentence 'he hung up, huh?'...(ooops, forgot the 'click))...<br /><br />I have canceled delivery because a $16 price jump in 28 days, and the service trying to resolve the issue... sounded like the lies the media spreads about many other subjects. Actually, a supervisor canceled it, then a few minutes later I canceled it (twice); and I was asked to call them back... and the chap on the line that time queried me about if I wanted the order canceled... sigh....<br /><br />I was extremely disappointed...<br /><br />(watch this one get pulled)<br /><br />If you can get the product, at the original price I was quoted on February 3, 2011... It is an ok deal...<br /><br />The price they had it raised to by Feb 24, was borderline ok...<br /><br />The price on February 28th was past reasonable...<br /><br />The price for the next shipment (which I saw March 3rd) was crazy...<br /><br />Noodles have not gone up that much over the last 20 years...<br /><br />They did it in 28 days??",1299456000,2,2
B00113SKZW,2,Buyer beware: It does have MSG...,"When I tasted this product, I was so impressed by the flavor. It tasted just like the Beef Top Ramen Flavor I enjoyed growing up. I bought this bouillon because the packaging said NO MSG. This was important to me because I avoid MSG at all costs. I recently realized this product has yeast extract (which always contains MSG). Another review mentioned that the company recently retracted the ""NO MSG"" claim, but too little, too late. I have already consumed and gifted away most of my 12 boxes with the understanding this was an MSG-free bouillon. If you are avoiding MSG, I recommend doing some research because there are about 50 different names that can be used to hide MSG in an ingredient label. ""Yeast Extract"" is the perfect example of this. There are a lot of other names for flavor enhancers out there that always or sometimes contain MSG. Unfortunately, I did my research about a year after I purchased this product, but hopefully this review will save some other health-conscience consumer from making a purchase they regret.",1320624000,2,3
B0057FSTJ2,1,One of the worst things I've ever eaten,"Simply Awful. When I first saw this and I thought mhh, seems like a good buy, an upgrade from ramen noodles. Wrong! These noodles are thick and disgusting. If I had to say something ever tasted like a dirty Sock, This Would Be IT!!! When you microwave these noodles, they go from looking semi edible, to completely rancid. I wish I could go back and return this but I don't think I have that option. I'm not sure how the other flavors taste but I'd suggest staying away from this one. P.S I also feel sick right now after eating it. Wish me luck, might be sick and vomiting from this in a bit.",1318809600,1,1
B002CIL78C,5,A favorite returns!,"For a long time, this wasn't available here for some reason.<br /><br />But I LOVE this cheese topping product. I use it on popcorn, to give mac & cheese a little extra flavor, and with Ramen noodles (instead of the seasoning packet).<br /><br />I've tried other powdered cheeses, but they were terrible!<br /><br />Kraft's is the best! Keep selling it, Amazon!",1300406400,1,1
B000PDNZEU,5,Best instant Noodles i've ever had...,I'd have to say these Hot & Spicy Instant noodles are among some of the best out there.  Highly recommend trying some if you like spicy stuff and ramen noodles...,1184198400,4,4
B000EGZ2L2,5,Aboslutely wonderful for my pitbull,"I ordered this after reading a ton of awesome reviews and in hopes that it may hope with my dog, Kitty, a 65 pound, 2 year-old pit bull's recent issues with her skin. It turns out that her problem was in fact due to corn and other fillers used in lesser quality dog foods (in this case, Purina One). Overall, this product alone made it completely worth the cost to subscribe to Amazon Prime for the extremely fast and cheap shipping, so for less money (as Kitty now requires less food, since she's more full from eating less of the higher quality food and we make sure to only feed her what the vet recommends,) I no longer have to drive to the store and pick up a 40 pound bag of dog food and load it into the back of one of my GTIs. So far, Kitty's been gaining weight and muscle at a pretty decent rate, in my opinion. (Over the past 2 months, she's gone from approximately 59 pounds to 67.5 pounds currently, and is quite fit and happy.) All this, is of course in addition to daily exercise, walks, et cetera, but her temperament lately has also been much better. On the lesser quality dog chow, she used to mope around the house every few days, but lately, she's been very happy, energetic and outgoing. She seems to be much less easily stressed out, which is great for her, as she tend to be a bit anxious, although an absolute sweetheart.<br /><br />Bottom Line: I could not recommend this or any other Canidae Dog Food product highly enough. By word of mouth at work alone, I've converted over ten people since switching at the beginning of the year (2011).",1303603200,3,3
B003EX2ECM,5,Quality Product!,"I use this product regularly. If you know what you're doing and have great to professional cooking experience, you can create kitchen miracles. I use this to create custom cuts of meat or to bind different species together. My favorite application is to make a sort of Turducken Braciole. I debone whole turkey, duck, chicken and sometimes quail or squab and after removing the wings and legs, I butterfly the meat into flat sheets. I then use this product in between each layer of meat to bind them together as if they came from the same animal. I then roll the meat sheat around a long natural casing sausage to create beautiful tube of mixed meat. After seasoning, grilling and roasting, I slice the roast into discs and serve with a port wine reduction or gravy of some kind. It's allways a hit! This product is not for beginners. You must have a-lot of kitchen experience. But with experamentation you can work wonders. Ignore the one star reviews. Having read them all, none actually review the product or discuss their experience with the product. All are either vegan/vegiteran or anti-modern butcher practices activists using the review as a platform to spout their drivel. If you're buying this product here, chances are you're not supplying mega-marts with fake stake or faux roasts. You're probaby buying this for private home use or small resaurant use. When used properly there is no danger at all. If it was poisonous or unsafe to consume it would be illegal to sell in the US, which it isn't. All in all, this is a solid product and one I use often.",1312329600,4,5
B007IEFJ0M,3,ok but more salty than chicken flavor,I was expecting a paste type of broth mix but this is a fluffier dry mix.  It has MSG if you care about that.  I think it will work well as a salt substitute where you want a chicken flavor but too salty as a direct replacement for chicken bullion.  I would compare this to the broth you get in the chicken noodle soup packets or the chicken Ramen envelopes.,1350432000,0,0
B003OB2H1M,5,Best Ramen Ever,"I can't believe I have to order this from Amazon, but I can't find this flavor locally, even at Wally World.  But this flavor is the best ramen ever, way better than anything Yakisoba has to offer, and beats any other ramen flavor hands down.",1309996800,5,5
B003OB2H1M,5,Change is good,"Ramen is a quick and easy meal, you can doctor it up to be fancier and more filling.. or eat it plain if in a hurry.<br /><br />It's a great staple to have in the pantry for quick meals, or emergency situations. All you need is hot water.<br /><br />But... with only a couple of flavors available locally, it got boring. I don't even remember exactly how I ended up on the page with all the Ramen soup flavors but I did.. and I'm glad.<br /><br />I ordered four new flavors that day, and found them all to be very good.<br /><br />The Roast Beef has that hint of roast beef background flavor, I was surprised. It was different enough from the plain beef that I liked it, the plain beef I've never really liked much, only got it so that I wasn't eating only Chicken. This will be one that I'll get again.",1300579200,4,4
B003OB2H1M,5,What do you say in a review about ramen? It's cheap?,I bought this only because it was on sale for under $5 when I bought it. It isn't necessarily any better than any ramen I have had as I would say that most flavors all taste like ramen.<br /><br />I prefer the beef flavor to this roast beef flavor which is a little over powering but with 1/2 to 3/4 packet it is alright. I am just going to put this in a closet somewhere for food storage in case of an apocalypse and we have no food left and we have already eaten our dead...,1319414400,3,3
B003OB2H1M,5,Always love the ramen,Ramen noodles are a great staple for overseas living. So glad to have found this great deal. So easy to just set it up to send me a case every month or two and then not have to think about re-ordering.,1320451200,1,1
B003OB2H1M,5,Ramen Soup,"I have used ONLY this Brand and This Roast Beef Flavor Ramen Soup's As What I mainly do is brake up the Noodle's and add to Canned Soup's And make as directed, but add about 1 to 2 cup's more Water and the Flavor Packet. Makes the canned soup make a larger Pot, and is just wonderful with this ROAST Beef Flavor packet.<br />Try this and I think you will really Enjoy!!!",1287100800,4,6
B003OB2H1M,5,Good flavor,"I ordered this flavor when I saw it was on Amazon, as most stores in my area do not carry it, and only carry Chicken, Beef, Shrimp and Oriental flavors. I guess there isn't enough demand for other flavors which is sad because the ones Ive tried that they used to have are way better than just Chicken and Beef. I enjoyed this flavor a lot. It is rich and satisfying. It does remind me a lot of roast beef, the flavor is kind of subtle, but is good all the same. I remember I used to be able to get this at the gorcery store and loved it and others such as Pork, Lime Shrimp, etc, sadly I now depend on Amazon for more Ramen variety. Thank you for carrying this and other Ramen, Amazon. I will continue to buy this and other hard to find flavors of Maruchan( like Creamy Chicken and Lime Shrimp, try those, they are delicious) for easy, tasty lunches.",1347235200,0,0
B003OB2H1M,5,Glad I Finally Found This Again!,"I don't know why grocery stores in my area are no longer stocking this particular flavor of ramen, but I'm glad to have found it on Amazon because it's the only flavor my son will eat.  He likes the spicier flavors, but has a health condition that causes great stomach upset if he eats them, so this is a blessing for both of us.  Ramen has always been one of those great little things to have when you need to fix something quick in a pinch, or when you want a lighter meal so we have missed it.  I have to admit that I had some concern about expiration dates buying on line, but it's about a year out so this ramen will be fresh for a good long time.  It was also packaged very well and arrived in great condition!",1330041600,0,0
B003OB2H1M,3,Flavourless rubber,"There's really not much to it than the title. It says extra flavour, but its so bland and if you don't time it well,  the noodles go from rubbery to soggy in a split second.<br /><br />I don't usually care enough about instant noodles to want to write a review, but this was pretty bad. But I suppose for the price, it keeps you full.",1320796800,1,2
B003OB4ADK,2,Wrong Item Pictured,"The product pictured above (at this time) is Lime Chili Shrimp flavor but the product sent is actually as the listing states: Lime Shrimp. It's bland and needs hot sauce and/or more citrus flavor. It's just ramen and you can't expect much more than for it to not instantly kill you, but for the same 29 cents a cup, there's better flavors.",1342224000,0,0
B0012XBD7I,5,My favorite Kettle Chip,"These are my favorite, but they aren't for everybody. In a way, they sort of taste like Oriental flavor ramen, but with a kick. For me, how can one go wrong with the combination of jalapeno and ginger? They are a bit rich, so they aren't for EveryDayForAMonth snacking. Because this is a case purchase, I recommend trying out a single bag before buying an entire case. The 2oz size seems to be no longer available, which is a shame; I can eat the entire 5oz bag.",1327968000,1,1
B000VK4CT4,5,Surprising Nutrition Numbers,"I had my first ramen noodles when I was about 12.  A family from down south moved close by and I became friends with their son.  One night I had dinner with them and unknowingly was eating ramen noodles (we called them worms).  They were the super cheap kind you'd find in most American stores.  That night was also the first (and only) time I'd eaten ribs, which was a traumatic experience (I hated bones in my food).  I didn't really eat ramen much until late high school and college years after that.  I still only knew this as worm noodles until I started buying my own food.  That's when I learned what ramen really was.  I really enjoyed the stuff Campbell's or whoever had with the line of baked ramen.  I ate that stuff like crazy.  Today, I'm a vegetarian so much of the ramen in stores is not for me.  I used to buy the mushroom kind just for the noodles and instead of using the sodium packet I'd put a little butter and dash of salt and pepper.  But I haven't really done that since the baked ramen was discontinued.  The other day I decided to search Amazon for vegetarian ramen and discovered this stuff from Koyo.  I wasn't familiar with the company but the reviews were decent.  I especially liked the part of being vegetarian friendly.  So I bought a case and was eager for its arrival.  The first thing I noticed was the nutritional label.  There was only 193 calories, 1 gram of fat, and 0.5 gram saturated fat in a brick of noodles.  I was surprised because I was expecting something like 6 to 8 grams of fat like the stuff on most supermarket shelves.  I also noticed it said it was a product of China but then realize I was eating ramen after all.  That's like not buying Mandarin orange because they're from China.  I had my first bowl of it which I used half of a packet of flavoring with.  It was very good and I was happy.  I've since been altering between the half of a seasoning packet (which is loaded with sodium just like the cheap ramen) or the butter/salt/pepper mix.  I prefer the latter but the former is no doubt good too.  I wasn't half way through that first box of Koyo ramen before I had three more cases on the way.  Now my cabinets are stocked full of Koyo ramen.",1271548800,8,8
B000VK4CT4,4,Tasty!,"Vegetarians and others who want to eat quick/easy/cheap noodles should try this.<br /><br />Nothing special or fancy, just decent ramen goodness without the nasty chemicals (like MSG) that are typically used.<br /><br />They do have to cook a little longer, though. I'd buy some more, depending on price.",1227484800,4,4
B000VK4CT4,4,Great Noodles!,"These noodles are excellent. Be aware that they are not Fried Ramen... these are much healthier. This one was a little basic for me right out of the package, but when i have a craving for noodles, I always make them my own when I cook. I added fresh ginger, tofu, broccoli and soy and these were excellent. I am going to try the mushroom next as they seem to be the ones people give the best review for.",1324512000,1,1
B000VK4CT4,3,plain ramen,"If you're looking for a healthier substitute for Top or Maruchan, this might not be for you.  This noodle is a bit plain by comparison.  But it doesn't taste too bad.  Although, I think I may have used a little too much water (didn't measure, I always just eyeball it when cooking ramen).  But, it also doesn't make you feel bad afterwards.  Not sure if the ""organic"" thing is just a gimmick.  But I'd like to believe it's made of better stuff than your average ramen.  After shipping, each pack is relatively expensive.  Not sure if we'll try it again.  We can probably find other asian noodles with similar health content for about the same price but this is the first ""ramen"" I've found of this kind (other ""healthier"" noodles that I've had that comes with soup like this tends to be thicker more like ""udon"").  After my son and I (both pretty much ramen addicts) go through the whole pack, I might update this review.<br /><br />Each package seems small to me (again, compared with Top or Maruchan).  But after cooking it, there seems to be about the same amount of noodle.  Maybe they were able to get more air/water out of it...??<br /><br />UPDATE: I tried following the directions more closely and then customize from there.  Using the right amount of water helps a lot with taste of the broth (of course).  The directions say to cook for 4 minutes.  I find that makes the noodles too soft and mushy.  I like them at 3 minutes so that they're more firm.  Yellow egg noodles fans should understand.  My son who is a very picky eater likes it -- so far so good.  But I probably won't buy these again unless he asks for them (and maybe try a different kind).  The cost (after shipping) is a bit too much IMHO.<br /><br />UPDATE 2: We tried it with some cut up fish cakes ([...]).  They helped make the noodles better.",1313712000,1,1
B000VK4CT4,5,Delicious!,Since Nissin Top Ramen Oriental flavor has been discontinued I was trying to find a good alternative and I have.  I usually add some garlic powder and parmesan cheese...Very Tasty!,1274918400,1,1
B000VK4CT4,5,almost like the real thing!,For anybody that loves the original ramen noodles but hates the calorie and fat content these are for you! Tastes just like the original but with 1 gram of fat and 220 calories in one whole bag!! I'm already going to stock up and order more!,1346803200,0,0
B000VK4CT4,4,"Very edible, too small though","If you have lived in Mainland China, you would know that it's almost impossible to get clean food, let alone organic and/or all-natural food.  How this maker can ensure that is beyond me.  But let's give them the benefit of doubt for now, shall we?  The noodle pack size is way too light/small.  It's like 1/2 the portion of regular instant noodle.  The noodles tastes quite chemical-free to my sensitive tongue, that's good.  Aftertaste was minimal, that's good.  Soup base pack is a lil' on the salty side, noodles didn't absorb the flavor too well.  At this time, I may not re-order...",1334102400,0,0
B000VK4CT4,5,"Delicious, and Weight Watchers friendly","I'm surprised by how tasty this is, especially for something that is so low in fat.  It reminds me of the ramen I grew up with, but it's actually even better because there's no oiliness to it.  Great flavor and texture, and a great price here on Amazon.",1331078400,0,0
B000VK4CT4,5,so happy I discovered these,"Ramen has always been a guilty comfort food for me, because of the MSG and fat.  So I am so glad I discovered these noodles!  You can definitely tell the difference in flavor without the chemical flavor enhancers but I doctor my ramen up so in the end it doesn't matter.  Here is how I make mine:<br /><br />3 or 4 brown (or you could use white) mushrooms diced small<br />1/4 cup chopped red or brown onion<br />1 cup bock choy chopped<br />splash of soy sauce<br />lots of siracha<br />flavor pack from Ramen package<br />fyi I don't actually measure, I just kinda do it by eye and I don't think it matters if these amounts are exact<br /><br />I cook all of these together, then add the ramen, then throw in an egg and let it hardboil in the broth, and voila. DO NOT OVERCOOK (like for more than 15 minutes) or noodles will by kinda gross. I do think you need to add something to this ramen otherwise it is a tad bland.  Bottom line if you are willing to work with these they are delicious and especially nice if you have a cold or an upset stomach.  Enjoy!",1330646400,0,0
B005GRBU4M,5,Yum!,"This soup cooks up quickly and is very yummy! I really like the flavor of the seasoning packet and the way the noodles cook up, nice texture. It is very satisfying to me. I'm a single gal who doesn't really cook & am often in a hurry for my next meal, and I find that this soup really hits the spot. Although it does tend to be more of a mid-afternoon snack/light lunch item for me. It will tide you over for a while until your next big meal, but i have to agree with the other reviewer that if you try to have just one of these for dinner you can expect to be hungry in a few hours.<br /><br />Personally I LOOOVE this soup that much more because I had to give up the ramen cup o' noodle and some other brands i had been eating because I developed an allergy to shellfish and mollusks.  It seems that often these instant noodle packets/bowls either have some type of seafood in the sauce or they are manufactured on equipment that also processes shellfish. This one does not contain any type of seafood like many of the other instant noodles do. Another plus for me is that it's not spicy. I'm kind of a wimp with spicy foods, plus i have GERD/reflux, so believe me if i can eat it is NOT spicy. Just tasty :)<br /><br />One thing that bugs me a little is that i feel guilty about the packaging since the plastic bowl is not recyclable (in my town they only take 1's and 2's which of course these microwave safe bowls are never made out of.) Oh well, can't have it all....",1349136000,0,0
B000E4C1OK,5,Cincinnati Cili Mix,We used to get this chili mix in Sacramento when my husband worked there and we lived in LA.  I would visit him on the weekends and make this chili for him.  It was so easy and delicious.  He is from Cleveland so it was a taste of home for him.  We had not been able to find it in LA so I was delighted when I found I could order it through Amazon.  We have already had it at our family night dinner once and we are having it again tonight!  It was a huge hit! I had to re-order the 12 pack to share with family members.,1343606400,0,0
B0012272NI,5,Best Staple for my Cabinet,I counted on this stuff to get me through college once I moved out of the dorms and tried eating healthier (no health issues; I just wanted  to start being careful). I used to shove ramen packs in the back of the cupboard and use this instead; I'd boil chicken breasts in it; I'd cook regular pasta in it; I'd drink it as a warm drink in the Michigan winter. Now I'm down South and can't find this anywhere. If only it came in packs smaller than 12 bottles on Amazon.,1286755200,2,2
B0012272NI,5,Love it!,"Really great product! I like ramen noodles but I can't have the packet that comes with it, too much sodium. Since I got the Wyler's chicken bouillon I can enjoy my ramen whenever I want. I throw out the packet that comes with the ramen and substitute a tablespoon of the Wyler's. I also use it to enhance the flavor of home-made soups and stews. It's delicious.",1337299200,0,0
B003OB4CMY,5,The BEST flavor EVER,I no longer buy any other flavors of ramen.  This one is phenomenal.  It will change your life.  Local stores don't carry it though ;(<br /><br />Beware - the one that comes in the styrofoam cup tastes nothing like this one.,1315958400,10,10
B003OB4CMY,5,Awsome,"<a href=""http://www.amazon.com/gp/product/B003OB4CMY"">Maruchan Ramen, Lime Chili Shrimp, 3-Ounce Packages (Pack of 24)</a>This is awesome...the best ever.  If I can help it this is the only one I buy. Durin' the summer I only eat the noodles...with this one, I save the broth and use it with other items I cook...like rice or other Ramen noodles mixes to give them that lil kick...and the noodles still keep their kick to..even without the broth. So to others who eat with or without the noodles this is the best to buy. Remember ya can always keep the broth to spice up the Ramen noodles mixes or add to other dishes to give them that lil kick.",1332633600,1,1
B003OB4CMY,5,Yumm,"Love ramen. Has a good spice to it (and I am asian). I used to make these on the stove for quick snacks, but now I just do it in the microwave and it is just as good.",1327795200,1,1
B003OB4CMY,4,"Zesty flavor, but watch the price!","I have bought more than six hundred of these at a discount store, and I have been eating them regularly.  It should be obvious that the only difference between the ramen flavors is the little flavor packets.  This flavor packet is a pretty zesty lime-citrus-salty flavor which is actually not as bad as you might think.  I usually use half the packet and throw in some curry and ginger, but that's just my preference.  Sometimes I will add a jalapeno or serano pepper that I sliced up into very thin pieces.<br /><br />So there must be many ways to enjoy ramen.  I only suggest that one watches the price.  I am happy to pay ten cents per packet at my discount store.  Otherwise it is seventeen cents at Walmart for chicken or beef flavor.  But even if the price is two bucks for twelve, it is still a great base for quick and easy meals.",1296691200,3,4
B003OB4CMY,2,edible but weird,"This ramen is ok, but I don't think I'm ever going to use the flavor packets again, and I'll just eat the noodles. If you can, pick a different flavor of ramen. I recommend creamy chicken, it is quite delicious.",1312416000,1,7
B0002F5CBA,5,The World's Most Addictive Ramen,"Ah, Indomie Mi Goreng.  The crack of the ramen world.  How can something this cheap be so bloody good.  And why isn't it easier to find??<br /><br />Seriously, this stuff is mondo good.  The noodles are even good dry.  You can mix it with just about anything you want too.  It's ramen, so it's  as healthy as styrofoam.  But oh it is so worth it",1165363200,8,8
B0002F5CBA,5,The Ramen Revolution will be Indomied,"Although, I understand that the Goreng part of the name means noodles without broth, I'll never stop calling this ramen (meaning noodles with broth). The Indomie products that I've tried (original, satay, and pedas) are all delicious. Make no mistake, not all oriental noodles do it for me. When our local Asian market ran out of Indomie, the owner told me to get a different brand that he promised I'd like better. I ended up throwing it out, because the taste was just awful. Indomie (original) however, has a mellow taste, with enough spice to keep you interested.<br /><br />This how noodles are done. Classic.",1137974400,6,6
B0002F5CBA,5,Delicious Instant Noodles,"I heard about these noodles from a friend, so after months of him telling me I need to try them, I finally caved in and bought 10 packs.  Mi Goreng is simply amazing, the best instant noodles I've ever had, I'll never go back to the cheapo Ramen you can get in your local grocery store.",1126828800,5,5
B0002F5CBA,5,Yum.,"These noodles are hard to beat. Nutty and a bit spicy and all in all delicious. The Pedas and Satay varieties are excellent as well. A bit more difficult to cook in a college dorm environment than ramen soups (Top Ramen, Maruchan Ramen) because you have to drain the water, but totally worth it.",1172102400,3,3
B0002F5CBA,5,The good stuff,"This was my very first fried noodle I bought. And before this, I had only eaten the ramen sold in every store in the US.<br />I'll just say this: Mi Goreng makes the those cheap supermarket ramen seem like I eating newspapers and apple cores.<br />Better quality noodles, better quality sauces(3 of them in the package), and combined it is quite flavorful.<br />Will definitely try again.",1304985600,0,0
B0040Q0EJW,5,Light broth and tasty thick Udon noodles,"After a long day of work, add water, 5 minutes later, dinner is done. How easy is that! Compare to other soft noodles (e.g. ramen) and its usual flavored content, this totally worth the price. The broth is light and tasty. I especially like thick and chewy udon noodles. I believe JFC Udon Bowl also has a Curry flavor Udon variety, that one is very salty, not great tasting as this one.",1345248000,1,1
B0040Q0EJW,2,Not a fan,"I got these because I like the Myojo curry flavored ramen and thought I'd give these a try. Something about the texture is off. The udon are too dense. Even with soaking them in hot water, draining, then adding water for the soup, they're still too dense. The curry flavor is okay, pretty mild, but there seems to be some weird after taste, like maybe these have been in the plastic packaging too long. Either way, I'm going to stick with more expensive Japanese udon or the Nong Shim udon which has the right texture and no weird after taste.",1337644800,1,1
B0040Q0EJW,1,Contains sugars AND artificial sweeteners!!!,"I know instant noodles aren't considered to be a health food, but I can't see any reason for some of the ingredients in this soup, unless it's to hide other poor quality ingredients.  Most of the ingredients are chemical sounding names that I had never heard of, so I looked them up.  Among them, propylene Glycol is a colourless viscous hydroscopic sweet-tasting compound used as an antifreeze and brake fluid (WTF!!!), and most of the others I couldn't find (even using Google).  Then there are the 8 -- that's not a misprint; I said eight -- times sugar in its various forms are mentioned in the ingredient list: Sorbitol, Sucrose Fatty Acid Esters, High Fructose Syrup, Glucose, sugar (listed THREE times), sweet cooking wine.  Then after adding all that sugar, they added an artificial sweetener (Sucralose).<br /><br />I don't care how easy this is to make -- or how good it tastes!  With all the sugar it contains, anybody who is the least bit sensitive to sugar (for instance, diabetics or hypoglycemics) would really experience major sugar overload from eating it!",1296259200,2,31
B0019ZB4KA,1,Seemed like a good food but caused urinary crystals twice,"I fed this flavor to my cat for over two and a half years (as a kitten he ate grain-free Innova), almost exclusively wet food. If he got hungry later I'd give him a tiny sprinkle of Wellness dry (salmon), but twice a day he got this food. He developed urinary crystals TWICE even though the food says it's designed to prevent this problem.<br /><br />I was a big believer in healthy, grain-free, wet food, ""natural"" cat food diets. Even when I was unemployed for a year, my cat continued to eat Wellness while I ate instant noodles. It was fine, I thought I was feeding him the best and pre-emptively striking against any preventable health problems. Well, he got urinary crystals on one occasion; I brought him to the vet, $1,000 later and he seemed fine. The vet cautioned me against returning to the same diet but I somehow thought it would be okay and that the diet wasn't to blame. Well, it was. A few months later he got the same problem. Another $1,000 later and boarding for four days, my vet (whom I've trusted with all my pets, dearly, for many years) told me that (1) the ""natural pet food craze"" was overblown and ridiculous, that he's fed a leading brand of standard grocery store cat food and has had cats live beyond 19 years; (2) the diet was the cause of my cat's troubles, and I had to change it.<br /><br />Well, now he's on prescription food that's even more expensive than the fancy stuff but with seemingly far less high-quality ingredients. But he hasn't had the problem come back, and from what I can tell, he's got the same energy levels and healthy coat as before, just minus the urinary troubles. The stray cats my family and I feed (six others) all get the junky grocery stuff like Friskies, Fancy Feast, and Purina, and they have never needed to go to the hospital. I know diet isn't the only factor but it is certainly the major one. I would rather have my cat eating food that doesn't send him to the hospital with a life-threatening condition, than one that makes me feel good about its ""naturalness."" Mind you, urinary crystals are severely painful and will kill your cat if not treated within hours. This food might work for many owners but I'm not taking the risk again.",1337817600,1,1
B002IEZJMA,4,A Good Balance Between Flavor and Sweetness,"It has been a long time since I have had brewed (but not necessarily fresh) coffee out of a can.  Having been exposed to a range of canned coffees in Japan, where, I might add, it is something of a staple among salaried workers and nearly approaches the status of being its own food group, just like instant ramen, I have to admit that I had a few reservations about the product, given that some products in this category hit and others miss, quite often by more than a mile.<br /><br />I can confidently say that the Illy Issimo Caffe Coffee Drink definitely hits the target.  The coffee comes slightly sweetened (with sugar being the sweetener) and has a good texture.  The drink itself is sweet, but not syrupy, and is heavy on flavor, with a pleasant after-taste.  Its aroma is understated, and the coffee tends not to be very pungent, which I found most peculiar given that the product uses only arabica beans.  From the standpoint of caffeine content, I would say that there is a fair quantity here to develop a modest and sustainable ""buzz"" (readers should understand that, given my 8-cup-a-day coffee habit, my comments on caffeine content are highly suspect).<br /><br />Although I can't say for certain from where the coffee was sourced, both its strength and its aroma would tend to suggest a Central- or South-American origin (and I freely admit that I could be totally wrong here).  Unfortunately, I had only one can of this delightful treat, and if I had a spare can, I would have given it to our resident coffee-snob at work (who, by the way, roasts her own, carefully and elaborately sourced green beans) and much like a sommelier, she could have told me whether or not it was a specialty coffee or just commodity coffee, its probable point of origin and even its terrior.  But I (totally) digress.<br /><br />I had this coffee cold, and I placed it in the fridge for about twelve hours before consuming it.  Indeed, I think it best to serve this particular product cold, as the flavor components and aroma may quickly volatilize (that is, disappear by evaporation) if consumed warm or hot.<br /><br />Overall, the Illy Issimo Caffe Coffee Drink represents a good balance between flavor and sweetness.  Those of you looking for a quick pick-me-up in the afternoon will do well with this product, and those of who like a good, sipping coffee served cold will do even better with it.",1332288000,0,0
B000HDJZMO,5,Delicious and Low Fat!!!,"I love this and order it in bulk all the time. The Soy Ginger flavor is awesome! The noodles are great. Nothing like ramen. This is pretty healthy in comparison and tastes a million times better. I sometimes add veggies or meat, but I love it just the way it comes. Great for work. It's so easy to make.",1276560000,1,1
B000HDJZMO,2,not my taste,"I bought this so that I could get food in my dorm room that isn't ramen, and I had had good experiences with this brand. I couldn't even finish two of these because it was so disgusting that I couldn't stomach it. I had to give the rest to one of my friends so that it wouldn't go to waste. He didn't really like it either, but he ate it so that he wouldn't waste it. I wouldn't even consider buying this again.",1273795200,0,1
B001KUSKHY,5,"Affordable, Great Discount w/Autoship & Free Ship!","Go to the Natural Value website and read about the Sacramento California company and you'll feel even more confident about the quality of their products and the company's beliefs, especially in fair trade. All the pet food cans are BPA-free now as well. I literally have offered every high-end quality wet or dry cat food available to my semi-feral cat, even raw. It doesn't matter how good it is for your pet if your pet won't eat it. My cat will eat every bit of this brand and flavor as well as the seafare. Her fur is glossy and her eyes bright. I particularly like that even after half of the can is refrigerated it stirs to a smooth consistency immediately and effortlessly. Few if any of the online pet suppliers offer free shipping except as a promotion with the price per can the highest they can mark-up. I appreciate the discount with and convenience of autoship which can be changed at any time. I don't have to keep track or run back out because I forgot and best of all I do not have to lug heavy cans anywhere except into the apartment.",1350604800,0,0
B000N8N45W,5,The Best Instant Noodle Meals You Can Buy!,"Why?  Because the noodles come SOFT, sealed in plastic!  If you are tired of noodles that ""crunch"" or that have to be reconstituted out of the original cardboard, you are in for a treat!  Available in something like a dozen different varieties, try them all and then subscribe to your favorites in order to get the lowest price.<br /><br />Note: The seasoning comes in a sealed pouch so if you tend to prefer yours less salty or less strong in taste, don't use it all to start.  You can always add more in later.<br /><br />Note: Since the bowl is made partially from cornstarch, it will biodegrade completely so toss it in the trash when you're done without feeling guilty.  (For this reason you should NOT attempt to reuse this bowl like you may have done with other brand instant noodle meals that came in plastic bowls.)",1329091200,2,2
B000N8N45W,5,Peanutty Good,"This is so much better than the Ramen-type noodle bowls. I suppose I could make noodles from scratch and put peanut sauce on them, add a little spice, a few greens, and some crushed-up peanuts, but this is so much faster. They give a generous packet of spicy peanut sauce with a good flavor, and the crushed peanut bits add a nice little crunch. Good stuff for a quick meal.",1316822400,2,2
B000N8N45W,3,Fatty!  Caution.  Compare to Simply Asian,"This particular Auntie Chun's has 20 grams of fat, 5 grams of which are saturated fat.<br /><br />This is not much healthier than Nissan fried Ramen.<br /><br />Simply Asian noodles have 1 gram of fat!  One gram per whole serving!  And the servings are the same size, and the taste is just as vibrant and lovely as this Auntie Chuns.  I, personally, won't be buying Auntie CHun's again, and wanted others interested in nutrition to notice this startling difference.<br /><br />Quality of product and taste is same, essentially, Auntie CHuns and Simply Asian.  I get the Teriyaki noodles or the Pad Thai Simply Asian.<br /><br />Healthy living to you all!",1339027200,0,2
B00410JCD6,5,A Great  Flavor Adventure! (but no price bargain),"These are absolutely great to eat!  The peanuts are unusually crisp and crunchy, and are delightfully spicy with the flavor of the hot red chili shards and (more exotic) Szechuan peppercorns which make your mouth tingle. The chunks of chili and little Szechuan peppercorns mixed with the peanuts are also crispy crunchy, and very potent.  I think the salt must be infused into the peanuts somehow, not sprinkled on, because I found no grains of salt.  The spices from a bag (after I sorted out the peanuts) weighed about 4 grams.<br /><br />My 5-star rating is based entirely on the product, not the price.  I can get these peanuts for $1.59/bag at an Asian grocery store here in Sacramento.  To send some to a friend as a gift using Amazon, with shipping costs I paid $17.92 which is $4.48/bag for four bags.<br /><br />If you want to try these peanuts, first see if you can find them in a local Asian market before you order from Amazon at the price I paid.",1329004800,2,2
B0007A0AQW,5,Little doggie attention magnets!,"I am a trainer at a local no-kill shelter.  I work with all different types and temperaments of dog, and the only common denominator is that I need their undivided attention and a reward they'll do almost anything for.  Plus, being a wide population, I needed something with a simple ingredient list (so as to avoid digestive issues).  THIS IS THE TREAT!  I am a huge fan of Zuke's already, but was dubious as to whether or not one type of treat would suit the tastes of so many different dogs.  The chicken flavor has yet to fail me.<br /><br />Low-calorie, a universally appealing flavor and the perfect training size.  Bonus for trainers: they don't smell half bad!  However, their scent is still strong enough to work as a puzzle toy filler, a Kong filling, for tracking or scent games or to just grab focus from an enticing squirrel. ;)<br /><br />Even previously feral and non-treat-motivated dogs seem quite happy that I bring these.  Highly recommend.",1328140800,0,0
B0017U08SQ,5,yummy!,"The best tasting cup noodle soup I ever had and it's so easy.  just add hot water and about 1 minute (I'm impatient and it's still so hot) it's ready to eat.  I usually get an unpleasant aftertaste with cup noodles, too salty or msg, not this one.  just tasting good and I think it's low fat, low cal too.  very good.  I am recommending to all my friends and family to try.",1232323200,10,10
B0017U08SQ,5,Best Soup ever!,"This the best of all the Dr. McDougall's soups by far. The second place is the Miso.<br />I have tried the Minestrone, the black bean, and the Ramen. None of which do i recommend.<br /><br />If you like onions only a little, this is a great soup to have on hand!!",1252627200,7,7
B0017U08SQ,4,"A very nice, low-cal, instant noodle soup without the junk additives, thanks Dr. McD","I've tried various Dr. McDougall's products (as I'm lazy in the kitchen and anything quick to fix, but healthful, is a boon). This is one of the nicer soups. I didn't give it 5 stars, which I'll explain below, but I still recommend this to folks who like instant noodle soups, but want something vegan, vegetarian, non-gluten, or without a lot of added junk.<br /><br />For a mere 180 calories, this is a very generous serving of soup with pleasantly-textured rice noodles. The flavor packet (with dried veggie mix including shallots, garlic, green onions, white onions) mixes in without lumps. It is microwaveable, but I like adding boiling water and letting it sit a few minutes. The broth is very ""oniony"", and if you don't like a strong onion/garlic flavor, this is not for you.<br /><br />The one star removed is for me finding it too salty. This almost has 700 mg per cup, which may not sound like too much for convenience soup, but I found it was very salty to my taste--and I love salt. I also found that there is a very faint, slightly unappealing undertaste (again, YMMW, it might just be my taste buds), that kept it from being a five-star soup for me. That said, I enjoy this soup, and I would order it again, simply because it's hard for me to find a noodle instant soup that satisfies me in the taste and texture dept. This one has lovely texture and a pretty decent flavor, and it doesn't have the artificial colors and flavors or trans fats that I don't want or need.<br /><br />Another good Dr. MCD product! And with the subscription option, comes out to a tad over a buck fifty for soup for lunch. I like that, too.",1249430400,2,2
B0017U08SQ,5,Spring Onion McDougall soup,"I love this one, too.. hard to find any ramens that don't have meat in them.. making these reviews is making me hungry and wanting to order some of these.. lol :o)  Onions are good for you.",1345334400,0,0
B0017U08SQ,5,Our favorite kind,"First off, buying these Noodle Soups, it's rare that any of them taste GREAT.  Nothing tastes like homemade.  But, comparing Dr. McDougalls Soups to stuff like Ramen noodles, etc....well, there's no comparison.  Ramen may be cheap...but the sodium content and crap content alone will kill you.<br /><br />We've tried several kinds of these Dr. McDougalls, and our favorite happens to be the Spring Onion.  Very tasty (to us).  Also very eatable, unlike some other brands I won't mention.  I also see there are some lower sodium ones we're gonna try next.",1299628800,0,0
B004JRXZKM,5,Awesome Alternative,"Well, I was worried after reading the reviews, but ended up pleasantly surprised with these ""noodles.""  If you follow the instructions, which are very clear, they taste like asian celophane noodles.<br /><br />Here is how these need to be prepared:  first, you open the package and place the contents in a strainer. Now, at first, the smell of a preservative like substance is present, but that goes away quickly once you run the noodles under cold water for about 30 seconds. Rinse them well. Then you drop them in boiling water for about a minute before putting them on paper towels to dry. Now they are ready to cook with.<br /><br />You must follow these directions, which are clearly printed on the package. Once you do, the consistency is not rubbery or like cartlidge as noted in other reviews. The noodles become much likecooked  ramen noodles.<br /><br />The one surprise to me was that these are packaged in a clear bag with a fluid. It was weird, but the fact that I can have these without fat, carbs or even calories is a huge bonus.",1343952000,5,5
B004JRXZKM,4,Don't Expect These to Fool You!,"I saw these noodles at a local international food store.  I bought two packs because my husband and I are trying a low-fat, low-carb diet and I had been craving noodles.  Before I prepared them, I found a very helpful review here on amazon that gave some great tips on preparation:<br />1. Drain and rinse in a colander or sieve for a minute to remove most of the fishy smell. It is there, but you can rinse it off if you rinse it well.<br />2.  These are very long!  Much longer than your normal fettuccine noodle.  You might want to take kitchen shears and cut the noodles into thirds.  I usually leave them in the colander and snip around the pile of noodles.  It's not precise but it's easy.<br />3. Dry fry it in a frying pan for about 10 minutes on Medium.  You will notice the noodles become more opaque.  When you aren't seeing much wetness (not really standing water) in the pan when you move the noodles around, they are probably ready.<br />4. It may not be necessary but I remove them from the pan, prepare the rest of the dish, and then add them at the end.  I saute them in the pan with the other ingredients for about 5 minutes.<br /><br />Possible Preparation?  Try some soy, ginger, garlic, and chili paste.  Then add some tomato spinach, and mushrooms for a nice stir fry.  Or, shred some roast, saute it with some carrot and onion, spices and maybe a little bit of red wine for something like beef and noodles.<br /><br />The verdict?  These remind me of ramen noodles but with a little more bite to them.  They aren't a perfect substitute, but they work for me. They satisfy that craving for a noodle such that I am not feeling deprived. If you're on a diet that does not allow noodles, or if you are just trying to cut carbs, I think you have to set the right expectations.  They aren't meant to be an exact substitute.  You have to eat them with the knowledge that you are looking for an acceptable substitute.",1331596800,1,1
B000G6MBUA,5,My favorite Kettle Chip,"These are my favorite, but they aren't for everybody. In a way, they sort of taste like Oriental flavor ramen, but with a kick. For me, how can one go wrong with the combination of jalapeno and ginger? They are a bit rich, so they aren't for EveryDayForAMonth snacking. Because this is a case purchase, I recommend trying out a single bag before buying an entire case. The 2oz size seems to be no longer available, which is a shame; I can eat the entire 5oz bag.",1327968000,1,1
B003EM7J9Q,5,Great for low carb life style,I finally tried these noodles and cooked them in chicken broth and added to my stir fry.  Everyone liked them and commented that it was like eating ramen noodles.  Once I got past the fishy smell rinsing them I was happy with the result.,1334793600,0,0
B0061JW7I2,5,"outstanding flavor, no MSG added, slightly lower sodium","I have enjoyed nong shim's flavorful ramyun offerings for 10 years now.  I only recently saw their Black label product and hesitantly indulged as it was $2 a pack.  worth it for me.  I think i like it a little better than their classic ""gourmet spicy"" and am now subscribing for a case every 6 months.  It has beef and beef bone flavorings, perhaps an acquired taste, but they are well executed for an instant product.  It's less piquant than the ""gourmet spicy"" classic flavor, but very rich in taste thanks to the beef bone extract and other seasonings.  If you like nong shim's gourmet spicy, you'll probably like this.  I like pork bone ramen (Tonkotsu) and really like this as it has the same milky richness in the broth.  I am excited that it's relatively lower sodium (920mg per serving=half pack) than most similar products and apparently has no added MSG... with so much flavor they apparently don't MSG or so much salt.<br /><br />*edit- to other folks that prefer gourmet spicy... i agree that is a classic but enjoyed these more: very good broth especially, less heat but more rich flavor than gourmet spicy.  the lack of sumptuous hunks of freeze dried beef doesn't bother me, I'll garnish mine with whatever I have in the fridge.  I'm disappointed amazon has raised the price somewhat, a case was about $10 cheaper in december.  If you're hesitant, try a single pack at your local korean grocer before you get a case.",1323648000,14,16
B0018KR8V0,5,"The ""tastier"" fruit and nut bar","Obviously a lot of people like this bar, myself included, so I thought I'd review it a bit differently.  When I was searching for a healthier between meal afternoon snack I read a lot of reviews for a lot of products.  I wanted something with few ingredients, not ""fortified"" and with some nuts in it.  I settled on these Larabar Fruit & Nut Cherry Pie bars and the <a href=""http://www.amazon.com/gp/product/B000P504ZG"">Pure Bar Organic Wild Blueberry Living Food Bar</a>.  I love cherries and I love blueberries so they seemed like good choices.<br /><br />The stats of the bars are very similar, weight (both 1.7oz, not 1.8), calories, fat, sugars, etc.  The PURE has more protein at 6g vs 4g.  The Larabar has no sodium while the PURE has just a bit at 5mg.  The Larabar is thicker, the PURE bar is wider.  Visually the Larabar appears to have more nuts in it, which doesn't seem to jive with the protein stats.  The PURE bar has a grittier texture while chewing so maybe more of the nuts are finely ground.<br /><br />1st ingredient is dates for both followed by almonds and then cherries for the Larabar and followed by blueberries and various nuts, organic agave nectar, rice protein and lemon juice for the PURE bar.  One would think with the extra ingredients in the PURE bar they were added to tweak the flavor or give it a fresher taste, but the flavor of the Larabar is better than the PURE by a pretty good margin.  It has a much fresher and lively taste.  I have to say the PURE bar is a bit cardboardy tasting to me and has a drier mouth feel.  It is not bad, in fact my 2 youngest kids eat them readily, just not nearly as good as the Larabar.  I think the tartness of the cherries in the Larabar kick up the flavor vs the milder blueberry flavor of the PURE (maybe the lemon juice add as an attempt to kick up the PURE bar flavor and tartness?).  In fairness I should probably review the PURE Cherry Cashew bar but I much prefer almonds over cashews so don't plan on ordering any from Amazon.  If I stumble on the PURE cherry in a regular store I will give one a try thugh.  I still get both auto shipped from Amazon for variety sake, but am looking for a better tasting blueberry bar w/ basic ingredients including nuts.<br /><br />For grins here is a comparison of the Larabar, PURE, Snickers, Hershey's and Maruchan Chicken Ramen noodles in a few categories.  Stats are listed in the order I listed them in the previous sentence.<br /><br />Calories:  190, 190, 280, 210, 380<br />Total Fat:  8g, 9, 14, 13, 14  Saturated Fat:  0.5g, 1, 5, 8, 7<br />Sugars:  21g, 20, 30, 24, 0<br />Protein:  4g, 6, 4, 3, 10<br />Sodium:  0mg, 5, 140, 35, 1540 !!!",1249776000,2,2
B002PI82P0,4,Saeco Vienna Plus A Worthy Successor To 8-Year-Old Vienna Deluxe,"I recently purchased a Saeco Vienna Plus to replace a Vienna Deluxe model that provided great service for eight years. We make about 24 shots of espresso a week, on average, so over the eight years the old machine pumped out about 10,000 shots. I felt we got our money's worth from that machine and was eager to replace it with another Vienna Deluxe.<br /><br />When I went to do my research, however, I found that Saeco had discontinued the Vienna Deluxe model. The Vienna Plus appears to be the only current model in the old Deluxe form factor. I initially was tempted to buy up into one of the pricier ""Giro"" machines, mostly for the more stylish design. But after talking to a couple of Odea and Talea Giro owners, and reading lots of online reviews, I decided these more expensive machines also might be a little more temperamental. So, I chose the Vienna Plus.<br /><br />It's only been about three weeks, but so far the Vienna Plus is meeting my expectations. The main difference between the old Vienna Deluxe and the new Vienna Plus is in the boiler. I assume the Deluxe model had two boilers, one for coffee and one for steam. (I think Saeco is now calling this feature ""Rapid Steam"".) I assume that because there was no wait time between steaming and brewing, or brewing and steaming. I always steam my milk first, and the Plus model makes me cool down the boiler from steaming temperature to brewing temperature before brewing the espresso. That's easy: you just disengage the ""steam"" button and open the steam control to run hot water through the wand. After less than a shot's worth of water comes out, the ""brew"" light comes on and you can brew your coffee. The wait time for this is under five seconds.<br /><br />Other than that small difference, I'm finding the Vienna Plus comparable to the Vienna Deluxe in terms of both the quality of the coffee it produces and convenience. Who knows how long the new machine will last, but if it comes anywhere near the eight years I got from the Vienna Deluxe I'll be delighted with the investment. Speaking of investment, while the list price on the Vienna Plus is similar to what I paid for the old Deluxe model, the street price on the Plus model is quite a lot lower. I was able to get the Vienna Plus from a local warehouse store for $380 including business delivery. California sales tax ran the total to about $416, but even so I paid about $200 less for the Vienna Plus than I paid for the Vienna Deluxe eight years ago.",1298764800,4,4
B002PI82P0,3,disappointing for the money,"OurSpydem Digital Plus died after 8 yrs and 6500 cups of coffee - a great machine.  We bought the Saeco because it was priced in our comfort level, and we assumed it was the closest to the Spydem that died.  The Saeco makes an OK cup of coffee, however for the money it is really stripped of features we were used to. For example -no dreg drawer warning, no empty water warning, even though the manual says its there. Also no energy saving mode. Single boiler, and of course a lot of plastic. It seems all these machines are quite expensive for some reason - probably largely because they're built in Italy. Hopefully someone in the far East will catch on to the money that could be made if they were to start building these machines, and we could all be paying $300 for them.<br /><br />Added 8/12/12 - we've had the machine for about 2 years now and it has been very disappointing.  Makes an OK cappuccino, but not hot enough.  In spite of being cleaned regularly it has been temperamental, stopping in mid cycle and freezing.  Takes numerous restarts and disassemblies to get it working again.  The problem is getting worse, now it's occurring on an almost daily basis.  This is a piece of junk - spend the money and get something decent - it will be cheaper in the long run.",1284508800,5,8
B003MOX6RA,4,Upgrade Your Instant Noodles with Nong Shim and Add-ins,"More flavorful than the instant noodle brands sitting on most supermarket shelves, Nong Shim's Big Bowl Noodle Udon is an excellent base for a quick meal.<br /><br />Before you start wagging a finger at me, I know instant udon is no substitute for the real thing. During my years in Japan, I ate bowls of hot noodles: soba, udon, and ramen - shiyo, shio, tonkatsu, miso, and butter corn - among others. On occasion, I ate instant noodles, too. There was a time and place for everything.<br /><br />If you are looking for a quick, inexpensive, hot lunch that is relatively healthy (vs. a standard, fast-food combination lunch), Nong Shim is a good start. If sodium is a concern, eat the noodles and leave the broth. Add seasonings, vegetables and either eggs or meat to finish it off.<br /><br />J. Kenji Lopez-Alt, executive editor at Serious Eats, recently posted an article, ""Ramen Hacks: 30+ Easy Ways to Upgrade Your Instant Noodles."" I highly recommend you search out and read the full article because you'll never go back to relying on the flavoring packet alone to make instant noodles.<br /><br />I've distilled his tips down to these four areas:<br /><br />* Simple Add-ins - Miso paste, chili bean sauce, Thai curry paste, Japanese curry powder, fish sauce, harrisa, vinegar and ponzu.<br />* Vegetation - Baby spinach, romaine lettuce, bean sprouts, thinly sliced cabbage, watercress, and scallions ""should wilt in a matter of seconds.""<br />* Eggs - Hard boiled, soft boiled, the egg-drop method, poached eggs and fried eggs.<br />* Simple Simmered Meat - Thinly sliced meats cook in a matter of seconds directly in the pot. Chicken breast, pork tenderloin, or flank steak are all great candidates.<br /><br />In addition to <a href=""http://www.amazon.com/gp/product/B003MOX6RA"">Nong Shim Big Bowl Noodle Udon</a>, I also recommend <a href=""http://www.amazon.com/gp/product/B00171FB7I"">Nong Shim Beef and Ginger Bowl</a> and <a href=""http://www.amazon.com/gp/product/B0028PDFQG"">Myojo Ippeichan Yakisoba Japanese Style Instant Noodles</a>. All of these varieties have great flavor but are mild enough to serve to both kids and adults. Another recommendation is for <a href=""http://www.amazon.com/gp/product/B000LQNK5A"">Nong Shim Kimchi Noodle Bowl</a>, which is too spicy for young children but excellent for anyone who enjoys a hotter soup.<br /><br />Rating: Four stars.",1307318400,23,23
B003MOX6RA,4,Not for the squeemish.,I like this brand of ramen. They make authentic flavors and they are made in the US. While I like seafood I was a bit taken aback my the chunks of dehydrated tuna and anchovy in this soup. I think I'll stick with their spicy Kimchi which is awesome,1300924800,9,9
B003MOX6RA,5,Tasty and big!,"These were purchased with Subscribe and Save for my college student.  Better than Ramen noodles for a dorm resident who only has a microwave, my daughter says that these come in handy when she's in the midst of a study session and doesn't want to leave the dorm to pick up food and that they also taste great!  She also says they're huge, which I can verify, since I saw them on my last college visit.  Very good buy and I will definitely keep my Subscribe and Save going for these.",1319068800,2,2
B003MOX6RA,5,"Delicious value on ""keep it stocked for quick eats""!!!","5-stars for convenience and taste, better than expected from an asian-noodle inspired instant (just add hot water) product; the noodles are ""udon"", slightly wider than the usual instant noodles.  I also appreciate the thoughtful higher-shouldered design of the bowl as this consideration allows for adding of other ingredients to make it even more fancy and more enjoyable, such as meats, won-tons, pot-stickers, perhaps some kim-chee and/or whatever else your taste-buds desire.  I would add caution for parents of little ones who love noodles that this may be too much food, better for a teen or adult.  Keep one handy at work for when you cannot get away from the pressing deadlines to get lunch, head to employee lounge/kitchen and use the hot water tea tap.  It's enough in and of itself to satisfy lunchtime hunger.  Having grown up on the boil the water package method and instant cups, these are a pleasure to have purchased by the case to have handy.",1308528000,2,2
B003MOX6RA,4,Om nom nom nom,"I'm not sure what else to say. I was expecting ""Top Ramen"" and got a wonderful bowl of noodles. These are great if you have a hot water maker at work; however, they are not meant for the microwave. I eat them on the weekends for lunch. Pretty tasty.",1319587200,1,1
B003MOX6RA,3,Nong Shim's fresh udon is a better product,"These noodles are thicker than regular bowl ramen but not as thick as the plastic wrapped fresh udon. As such, to me, they just don't taste right. The hot water doesn't seem to cook them thoroughly enough, so no matter how long they soak, they're still al dente. Bonus points for not being spicy (seems like 98% of Nong Shim's bowl noodles are spicy) or too salty. I'm sticking with Nong Shim's fresh udon for now.",1337644800,0,0
B003MOX6RA,4,Pretty sure it is ramen,"The taste is pretty decent for a cup noodle. It is dehydrated stuff so it is a bit entertaining to watch them rehydrate. Being an instant noodle, the salt levels are high but you can control the flavor packet. My only problem is that the title says udon and I am pretty sure these are ramen noodles.",1317600000,0,0
B000E8U9DQ,5,"Sapporo Ichiban, the high end of low end cusine","Sapporo Ichiban is my favorite brand of ramen to buy, the flavor packets are very flavorful and to me, the extra cost is negligible.<br /><br />When I cook them I boil the water, toss in some frozen broccoli and some precooked chicken chunks, toss in the noodles, let them cook for 6 minutes or so, toss in the flavor packet, and then once its all stirred up nice, crack and drop an egg onto the whole thing, letting it cook for a few more moments, pouring some of the broth on top of the egg, it makes for a very flavorful and satisfying meal.",1188172800,2,2
B000H23ZF8,5,Noodles,"With free shipping from Amazon, this product is considerably cheaper than available locally.  A Japanese friend got me hooked on these noodles.  Better quality than run of the mill ramen, sauce flavor and seaweed great too.  I don't use quite the whole envelope of the sauce mix when tossing on the noodles.",1207526400,7,7
B000H23ZF8,5,Wow!  I'm so happy to have found these on Amazon!!,"These chow mein noodles are absolutely delicious!  They are so much better than typical ramen noodles.  The seasoning packet is a little bit sweeter, and these noodles aren't nearly as salty-tasting as the typical ramen noodles.  The seaweed also gives it an extra oomph.<br /><br />The price offered through Amazon is cheaper than anywhere else I've seen.  This is a good deal!<br /><br />One last thought:  I've noticed, and this goes for all the ramen noodles I've had, that adding a little bit of olive oil to the water as they cook brings out the flavor a little more.  Plus, the noodles won't glop together while trying to eat them.<br /><br />In any event, these are wonderful noodles - sometimes I get on a kick and eat these noodles every day for a week or so.  These are ""gourmet"" ramen noodles.  Ha!  Please do try them!",1235692800,8,9
B000H23ZF8,5,Read the instructions,"The first time I ate these noodles, I was quite disappointed.  They tasted terrible, and I could not see how they amassed such great reviews.  The second time I ate these noodles, I read the instructions on the package and realized I had made them wrong.<br /><br />These were meant to be eaten like a pasta; not like a soup as I had incorrectly assumed.  If you get these, don't make the same mistake I did in preparing them like a traditional ramen noodle bowl.  Drain the noodles from the water, toss them dry with the flavoring packets and some vegetables thrown in, and you'll be set for a delicious meal.<br /><br />When made correctly, these noodles are awesome.",1345248000,1,1
B000H23ZF8,3,A bit dissapointed,"I've eaten so much ramen in the past year due to not having a car on campus. It's easier to just buy a bunch in case i ever out of food  and won't starve when it's snowing outside.<br />I decided to buy some online to find a better variety than just the chicken, beef or shrimp they offer at the store.<br />I thought it would be thinner noodles but its not. The sauce packet (powder) tastes like worcestershire sauce like the reviews say, but thats all i tasted. The seaweed flakes didn't go so well for me either. There is a slight spice which is usual with the worcestshire. Personally it was just lacking something and wasn't all that appetizing.<br />I will try adding ingredients and see how that goes. I think the preferred cooking method is stovetop for a reason.<br />I don't think it's any healthier than maruchan ramen noodles either.<br />It's made in the usa though, not that that says anything about it. Shipped super fast with chosen standard shipping.<br />Overall judgement: I wish i could say i like it, but i don't.",1266796800,1,1
B000H23ZF8,5,Good delicious noodles,"Hi,<br /><br />These noodles are hard to find in my local grocery store so instead,<br />I just ordered them from Amazon.com  When I drove out of town, I used<br />to buy them by the dozen and I always enjoyed them.  Each pack has a seaweed pack, and regular ramen noodle season pack, except it is somewhat sweet.  Sometimes your stomach doesn't want a bannana, a piece of cake or an apple for a snack, then you just eat one of these chow mein noodles and you are set.  You may also find it takes a while before your main meal is done, these don't take long before it is done.  You just add a little water, enough that it evaporates the noodles, and that the noodles have their soft & you could even overcook them about 2% so they have a little crisp and soft to them.  There's nothing more to it, they are either a snack or an appetizer dish.",1265500800,1,1
B000H23ZF8,5,Delicious,Bought these off Ramenbox.com and I was pleasantly surprised by the noddles. I did not know what to except because I could not figure out what flavor they were. Still unsure even after tasting them how to describe the flavor but it is definitely hint sweetness that is for sure.,1336003200,0,0
B000H23ZF8,5,Super-fantastic yaki-soba packs,"Now that I know I can get these from Amazon, I won't have to special order them through my grocer.  I used to live in Japan, and I really enjoyed yaki-soba (Japanese noodles) when I lived there.  BTW - these ARE NOT ramen.  These have Ramen-like noodles, but the powder is yaki-soba flavored, and when you cook them the right way you end up with a flavored noodle, not a soup.  I like to add peas and meat...ham is best.  You can add other things, as well, but this is my lunch of choice when I am home on weekends.<br /><br />Believe it or not, these noodles capture the lion's share of flavor of the yaki soba shops and street vendors I used to frequent when I lived in Japan.<br /><br />5 yummy stars!<br /><br />Just make sure that you follow the directions that come on the back for best results!",1276387200,0,0
B000H23ZF8,5,NOT chow mein!,"first of all, this isn't chow mein. It's japanese yakisoba style instant noodles.<br />me and my girlfriend love these noodles. I'm Korean and she's American, and lot of my favorite Korean noodles are too spicy for her.<br /><br />You can add many different types of vegetables to change things up.<br />We use only half of the seaweed packet. We find it overwhelming when all is used.",1269302400,0,0
B000H23ZF8,5,Less salty than ramen noodles,"I like this product because it seems to be less salty and probably has less MSG than normal ramen noodles. You are supposed to cook this with less water, and therefore less soup but I still make it like ramen and like it that way. It tastes different than ramen noodles yet is more satisfying to me.",1261440000,0,0
B000H23ZF8,4,Cheap but delicious,"These noodles are delicious and they are cheap.<br /><br />They're much better than other ramen noodles, but I don't follow the cooking instructions printed on the package.<br /><br />I cook them like this:<br /><br />1. Break up the noodles and put them in a microwavable bowl.<br />2. Pour a cup of water over them.<br />3. Cook for seven minutes in the microwave.<br />4. Add seasoning and seaweed packet.<br />5. Stir and eat.",1221523200,2,4
B000H23ZF8,5,"Yummy, sweet, salty noodles!","I love these noodles.  They are my favorite ""ramen"" style packet food - but *NOT* ramen.  I've been calling them ""chow mein"" for some time, but other reviewers are right, they are Japanese Yakisoba style noodles.<br /><br />They are cheaper here on Amazon than I can find them in stores, but more importantly, consistently available.  Some local stores have them for $0.99-$1.25, but I have noticed they are incredibly difficult to find.  They seem to be carried randomly. I'll find a store that carries them, buy a dozen, and next time I go back they no longer carry them.<br /><br />The noodles are a wonderfully sweet, rich, salty, tangy-ish flavor.  Personally, I love them, but I know the flavor is NOT for everyone.  Every time I cook them, my husband always says, ""ooh, that smells good, can I have a bite?"" and immediately makes his ""gross face"" when he tastes it.  EVERY TIME.  So its a love-or-hate kind of food.  But me?  I LOVE them.  As a side note, they come with a small packet of green seaweed type stuff, but I hate the way it tastes (and even smells - ick!), so I always omit it.<br /><br />(And I'm a vegetarian, so these noodles are perfect for me.)<br /><br />Pros:<br /><br />- Quick to prepare<br />- Flavorful<br />- Cheap<br />- Unique<br />- Vegetarian<br /><br />Cons:<br /><br />- Sometimes inconsistent availability (outside Amazon)<br />- Packet of green ""stuff"" (personal preference)<br />- I wish they had a ""1.5 packet"" size. One packet is sometimes not enough, two is too much.",1331164800,0,1
B000UXY292,4,Roland: King among noodle cups,"Roland's chicken-flavor Noodles Cup is one of the best instant noodle products I've eaten. What makes it so good is the savory taste the chicken flavor packet imparts to the noodles. Additionally, I like it because it contains a minimum of ingredients. The only remotely ""controversial"" components are yeast extract and hydrolyzed soy protein, which some people have likened to MSG, as they are chemically similar. They add great flavor, though.<br /><br />I would like to point out that when I make these, I never use the little packet of dried vegetables. They don't rehydrate very well. However, the ramen is excellent without them.<br /><br />Additionally, Amazon has a great deal on this 12-pack; it's definitely less than I would pay for 12 of these in a store.",1265932800,2,2
B0002BL3PI,5,Very satisified with this product,"I purchased the Swiss chocolate Almond coffee since Sacramento stores did not stock this product.  The grounds were very fresh, and the packaging maintained the aroma of the product.  I was not happy with the cost of shipping.  The cost of shipping was doubled the price of the product.",1284681600,0,0
B00064VQO4,5,Best Olive Oil Ever!,"I get this at the Sacramento Farmer's Markets, but my dad moved to Colorado and really missed the California Olive Oils. I sent him a bottle of this oil and he was in heaven! It has a strong taste of olives, cloudy, and even olive 'dust' on the bottom - To me, this is a sign of quality you can NEVER get at a grocery store! This oil is best for pesto, dipping bread, and fresher meals--as the taste diminishes with cooking. As a 'foodie', I have never found a better oil! Thank you!",1252281600,1,1
B00472I5A4,5,My favorite Kettle Chip,"These are my favorite, but they aren't for everybody. In a way, they sort of taste like Oriental flavor ramen, but with a kick. For me, how can one go wrong with the combination of jalapeno and ginger? They are a bit rich, so they aren't for EveryDayForAMonth snacking. Because this is a case purchase, I recommend trying out a single bag before buying an entire case. The 2oz size seems to be no longer available, which is a shame; I can eat the entire 5oz bag.",1327968000,1,1
B003VYH81G,5,Figured I'd balance this out,"This is basically hamburger helper for Chinese/Thai food. It's not going to be amazing, and you shouldn't be holding any delusions that this would be better tasting than sitting down at a restaurant.<br /><br />That said, I'm lazy as hell about cooking. I did it professionally for 5 years and hardly ever want to do it at home any more. I bought a box of this from my local wally world and made it today with about 6oz. of sauteed chicken added.<br /><br />It turned out really well. It was a bit chewy (rice noodles don't firm up like wheat does) but all in all I enjoyed it.<br /><br />For a cheap, easy meal this is a great product. Beats the hell out of ramen. Fairly healthy, too. Low fat and sodium contents. I plan on ordering many more.",1339977600,0,0
B000J2JKGO,5,Aboslutely wonderful for my pitbull,"I ordered this after reading a ton of awesome reviews and in hopes that it may hope with my dog, Kitty, a 65 pound, 2 year-old pit bull's recent issues with her skin. It turns out that her problem was in fact due to corn and other fillers used in lesser quality dog foods (in this case, Purina One). Overall, this product alone made it completely worth the cost to subscribe to Amazon Prime for the extremely fast and cheap shipping, so for less money (as Kitty now requires less food, since she's more full from eating less of the higher quality food and we make sure to only feed her what the vet recommends,) I no longer have to drive to the store and pick up a 40 pound bag of dog food and load it into the back of one of my GTIs. So far, Kitty's been gaining weight and muscle at a pretty decent rate, in my opinion. (Over the past 2 months, she's gone from approximately 59 pounds to 67.5 pounds currently, and is quite fit and happy.) All this, is of course in addition to daily exercise, walks, et cetera, but her temperament lately has also been much better. On the lesser quality dog chow, she used to mope around the house every few days, but lately, she's been very happy, energetic and outgoing. She seems to be much less easily stressed out, which is great for her, as she tend to be a bit anxious, although an absolute sweetheart.<br /><br />Bottom Line: I could not recommend this or any other Canidae Dog Food product highly enough. By word of mouth at work alone, I've converted over ten people since switching at the beginning of the year (2011).",1303603200,3,3
B001FB69XU,5,Winter = Soups,"This is a wonderful addition to soup stocks or packaged ramen in place of the ""flavor packet"". I use it often and enjoy the unique flavor it adds to chicken stock or water. Well worth experimenting with.",1258848000,0,0
B007AIYDVW,4,Al dente,"the noodles are super al dente and bouncy, unlike any instant noodle I've ever had. Comes pretty close to real noodle soup actually. The soup base is similar to the original horuruk. Not the best ramyun I've ever had, but certainly not too shabby either.",1342051200,0,0
B0029JW9JU,5,"Haven't order online yet, but this is abolutely the BEST!","The person with the negative view must have received pepperoni that had accidentally been punctured at some point. Something is definitely wrong. I have been eating this pepperoni for over 30 years and it is fantastic! Thirty years ago, my brother convinced me to put some slices of the pepperoni in my spaghetti sauce; it was outrageously good. I have used it ever since--me and my entire family.<br /><br />I even eat it ""raw"" (can't be raw or it wouldn't keep). It's one of my primary snacks on the Atkins (and I've lost 25 lbs). I hope the nay-sayers try it one more time--they are missing out.<br /><br />The super Wal-Marts sell it and they are always running out. And by the way, I live in Sacramento and I'm an instructor at a college; don't work for Bridgeford! I'm only online because Wal-Mart runs out so fast (just came from there) and I would like to buy a large supply I can count on. Actually, I have two, inch and ahalf pieces that I've hid from my husband in the fridge. I guess I'm addicted!",1307404800,2,2
B0005ZVOPA,5,Roast Chichen Ramen Soup,"I have used ONLY this Brand and This Roast Chicken Flavor Ramen Soup's As What I mainly do is brake up the Noodle's and add to Canned Soup's And make as directed, but add about 1 to 2 cup's more Water and the Flavor Packet. Makes the canned soup make a larger Pot, and is just wonderful with this ROAST Chicken Flavor packet.<br />Try this and I think you will really Enjoy!!!",1287100800,0,0
B0005ZVOPA,5,Chicken Noodle Soup with LOTS of Noodles,"There was a time when we would buy chicken ramen because it was inexpensive.  The flavor is very good and the soup has a lot of noodles compared to canned chicken noodle soup.  This soup is reasonably easy to prepare, and begs to have a few extra vegetables thrown in.  The soup is so simple that even an elementary school child should be able to prepare it.<br /><br />While the soup is relatively low calorie (190 calories), as with many soups it does have a fair amount of salt, with 850 mg of sodium.  If you eat few other foods with much salt, this soup could be a perfect balance.<br /><br />Maruchan Chicken Ramen has been and continues to be a family favorite.  The large quantity of noodles and tasty broth make it perfect for a lunch or dinner meal, especially when you are looking for something a little different.",1115510400,1,2
B002LFBAEW,5,Better than theatre butter!,"OMG!  So good.  I know it says this is the same butter flavored topping as in the theatres, but it's better than anything we have here in the Sacramento area.  This stuff is so good!  It has such a great buttery flavor...worth every penny.  My suggestion...pop the natural, butterless popcorn, then add this stuff.  Yum!",1255564800,4,6
B005ZBZLT4,4,Fogchaser Coffee,"Bold and rich. LOVE this coffee for a fast wake-me-up in the morning, and pick-me-up mid day. The name is perfectly suited to the delightful temperament of this brew. MUST store in airtight container after opening the plastic bags though, or coffee will lose it's potency.",1348444800,1,1
B0000V1B0W,5,Wow!,"Just had this for the first time at PF Chang's in Sacramento yesterday.  I was utterly amazed at how good it is and I am a tough critic, having been a long-time Earl Grey lover.  It's great with food because the taste is light and refreshing; it's also delicious, by the way.  It's perfect for summertime, perfect frosty cold with lots of ice.  And it's real tea, not a powder.  It smells so good I almost want to wear it! Can you tell?  I LOVE this tea!",1242604800,5,5
B0002YGSA0,5,Excellent condiment,"This is the same red little bottle you'll see in Japanese restaurants in Japan and the US, with a key ingredient substituted out. I've always heard it called ""shichimi"", the alternate pronunciation of seven (nana). There are 7 spices in here. In Japan, the mix contains hemp seed, which has been replaced in the US market with orange peel.<br /><br />It's great over yakitori skewers, pizza, ramen, or anything you want to add a little dash of flavor too. Spiciness is very very mild.",1327622400,2,2
B0002YGSA0,5,Wonderful,"I first tried this at our local Japanese restaurant and fell in love. I had to buy some for myself, for home use. It makes instant Ramen or Udon ten times better and is wonderful on Soba.<br />I recommend this highly.",1345680000,0,0
B000H1195C,5,Amazon come through in the clutch!,"My local grocers quit carrying this product AFTER I had already developed an affinity for it. It's quick, easy, tasty, and if you put it together with a package of ramen noodles you have a meal in a snap! I work a lot of hours and I greatly value resources that put a meal in front of me with a minimum of hassle and adequate value. This hits the spot! Thanks Kikkoman, thanks Amazon!",1299110400,2,2
B0007SN7B4,5,Highly addictive flavor,"I love this stuff. I first encountered this sauce at ""The Lucky Cafe"" in Sacramento, CA and couldn't find any where I now live in Oregon. This stuff is available through an amazon affiliate Taylors Market (great people). Go get some and you will swoon.",1257984000,2,2
B000HQR0QO,5,Tastes Amazing!,"baked, tastes like shrimp, and so much better then a regular potatoe chip, they're extremely addicting so be warned. But they taste amazing and go really well as a side with some ramen.",1240531200,2,2
B000LQJT5A,5,"My favorite spicy Korean ""instant"" noodles","I quote the word ""instant"" because, to the uninitiated, it might come as a shock that you actually have to boil the noodles rather than simply soak them in boiling hot water.  The preparation time is still very quick, and it's definitely worth it.<br /><br />These noodles are far thicker and chewier than your standard supermarket Top Ramen noodles.  They also come with a spice package and a dry ingredients packet that contains bits of seaweed, mushrooms, and carrots.<br /><br />I usually only put in about 3/4 of the spice package and add extra ingredients like nappa cabbage, shrimp, scallops, green onions, mung bean sprouts, and/or an egg.  Kimchi also goes really well with these noodles.<br /><br />The bulk price that Amazon offers is an excellent deal, especially for people who don't have access to Asian supermarkets.  It's the perfect food to have for when you want a quick and flavorful meal.",1220832000,6,7
B000LQJT5A,5,One of my favorite ramen noodles I have tried to date,"I don't claim to be a noodle connoisseur and you shouldn't read it as such.  I have tried a limited number of ramen noodles, and most of them don't taste that great to me.  Something about plain chicken flavor ramen noodles leaves me dead inside.  There is a long laundry list of foods I rather each than that dreadful Maruchan Chicken Noodle flavored soup that I grew up eating.  Which explains why I hate that brand so much.  Enter Shin Ramyun noodles.  My mother bought this years ago through her Korean co-workers.  Initially I hated it.  Then some time passed and I learned that you can modify the ramen noodles to your hearts desire.  Well that was a game changer for me.  I started off with a egg and some frozen vegetables and haven't looked back.  Nowadays when I am looking for something cheap and quick (But not necessarily healthy because honestly when has anything cheap and quick wins up healthy and taste good?  Yeah I though so) I use Shin Ramyun noodles as a base.  What I would do is this: boil the water till hot, add my protein (be it egg, shrimp, fish, etc), then add the freeze-dried vegetables, then add a small amount of the seasoning packet (or usually none at all), keep boiling till soft/cooked.  Then I would add my vegetables (frozen or fresh), let it cook for a while, then I would add my noodles last and turn off the stove and let it sit in the soup mixture for about two to five minutes.  I like my noodles firm so I always add my noodles last.  The worst thing in the world is mushy noodles.  Then I would add my hot sauce (either the Sriracha[sic] sauce or the Korean hot pepper paste) and if I am feeling fancy, I would add some radish top kimchi and I am in heaven.  Basically I learn to experiment to see what I liked.  You don't have to use the seasoning packet.  Heck I learned that folks add butter to the noodles and eat like that, which is different (read strange as h*ll) to me but as long as they are eating it, who cares.",1333065600,1,1
B000LQJT5A,4,Yum!,"Yummy ramen.  Very spicy, but this has lots of seaweed, and the noodles are great - tick and chewy.  If you want to avoid some of the sodium & fat don't eat all of the broth - focus on the noodles!  Add veg for more nutritional content ;)  Ramen is supposed to be quick and easy and cheap and filling, not a ""superfood"" - all ramen are really bad for you.  This one is one of the better ones taste-wise.  And no I'm not Korean - I'm actually Eastern European!",1279065600,1,1
B000LQJT5A,5,One of the best instant noodle I have ever had,"This is one of the best instant noodle I have ever had. Be warned. It is very spicy if you put in all the spice in the red chilly pack. There are some other flavor of this kind, but seafood flavor seems to be the best of all.",1255564800,2,3
B000LQJT5A,4,Ramen Noodle,Nong Shim makes great ramen noodles.  This one has great flavor and the noodle is fairly thick and tasty.  However you need to add more water than the package suggested or it's going to be salty.  It's best to cook it in the pot with boiling water for 4 minutes and the noodle texture tastes different than my lazy ramen noodle mode (soak it in boiling water for 4 minutes).  Give it a try and their rest of the lineup (especially the udon bowl)!,1337212800,0,0
B000LQJT5A,1,Just awful on every account,"I had a real craving for ramen a few days ago, and considering that the Spicy Picante from Nong Shim was pretty good, I decided to give this a try when I saw it at my HyVee.<br /><br />Like the other reviewer, the smell itself was a huge deterrent. I, too, came to the conclusion that it smelled like fish-food the second I got a waft of it, and my friend agreed.<br /><br />The noodles are good as they're much thicker/chewier. The taste of the broth, though, was just down-right disgusting. To me, it just tasted like spoiled fish. One bite and it was in the trash. Ran back to the store and bought a package of Spicey Picante.",1286150400,0,5
B000LQJT5K,4,"Very delicious, but very high in sodium","I am a ramen lover and have tried hundreds of varieties over the years, including my time in Japan, the land of endless ramen varieties. Nong Shim (Korean) is a long-time favorite and among the top 3 makers on my list. Their noodles are heartier and more delicious than everybody else's, mostly because they use better ingredients. The texture is firmer and more elastic, even retaining their chewy mouth-feel over time, unlike other noodles that quickly become mushy. If you're used to bargain basement brands like the <a href=""http://www.amazon.com/gp/product/B00061I6UE"">NISSIN TOP RAMEN</a>, do yourself a favor and try a Nong Shim.<br /><br />Among the higher quality ingredients that Nong Shim puts in here are ginger and shrimp extracts, beef and pork bone stock, and beef tallow. Beef tallow is the same stuff that makes McDonald's french fries so tasty.<br /><br />Pros<br />+ very tasty, spicy, and filling<br />+ excellent texture to vegetable seasoning pack (dried cabbage, carrots, onions, mushroom). I can actually taste the veggie bits.<br />+ 0mg cholesterol and no trans-fats<br /><br />Cons<br />- 500 calories in 1 pack. 160 of which are fat calories<br />- 40% of your daily saturated fat intake<br />- EXTREMELY SALTY: 94% of your daily sodium intake if you drink the soup<br /><br />Despite directions for boiling the noodles for 3 minutes, it can be prepared with just boiling water and a bowl. I made some with hot water from the office Flavia machine (coffee and tea maker) and waited 5 minutes.<br /><br />Because of the very high sodium and fat content, instant ramen should not be eaten often. But in a pinch (either due to lack of time, money, cooking skills, or all 3), ramen can provide a quick and filling meal. It is very easy to add vegetables and leftovers to it to mitigate the saltiness and provide better nutritional value. Ramen alone is just calories, fat, and salt and offers little nutrition. The powder packet packs a punch, and half a pack or less is sufficient for full flavor and to reduce the sodium level.<br /><br />Canned corn can be added (a popular topping in Japan), soft boiled egg, shredded green or <a href=""http://www.amazon.com/gp/product/B001I02JBY"">Chinese/Nappa cabbage</a> or other vegetables, kimchi, spring onions, boiled shrimp or fish fillet, or whatever you like. The soup packet can also be used to make a pot of spicy soup, as you would use a soup mix or bouillon cube.<br /><br />Instant ramen is unhealthy, because they are fried in palm oil or some other fat, then dried and packaged. But if you're going to eat something bad for you, might as well have it be delicious, and this Nong Shim variety is among the best.<br /><br />Product made in CA.",1252108800,31,33
B000LQJT5K,5,yummy!,i'm surprised reading the 2 reviews saying there's no kimchi but the box of kimchi noodles i ordered does have bits of kimchi but they're small and few. I've tried quite a number of instant noodles but this is the ONLY one that i actually would finish the broth. the other brands i just ate the noodles.,1220400000,7,7
B000LQJT5K,5,Yummy & hearty noodles,"Love the al dente texture and wonderful soup mix.  Not too spicy, do not expect to find pieces of kimchi though, just the wonderful flavor.  Good portion.  Definitely beats other brands of ""instant noodles"".",1219363200,8,9
B000LQJT5K,5,"Not as spicy as Kimchi Bowls, which I am glad for!","These noodles are actually edible in the sense that they are not anything like the overly spicy bowl equivalent.  The Kimchi bowls are way too hot for me.  These ramen packs are perfect. Some spice, but I am able to drink the broth using the entire packet.  I am glad I found these inexpensive snacks that are not too hot.<br /><br />I also like the Beef and Ginger bowls, those are not spicy at all.",1301616000,4,4
B000LQJT5K,5,Best Instant Noodles I've had...,"First of all, it tastes great. I've had the Shin Ramyun, Neoguri, and Chapagetti from Nong Shim, and this Kimchi Noodle Ramyun outdoes them all. The spiciness is JUST right, the saltiness is at a good level, the flavor is rich and full, the noodles are firm and have good texture... and best of all, it's easy to make in a microwave. Just throw in a microwave bowl, add water, and microwave for 7 minutes or so (don't take my word for the time... it depends on your microwave).<br />I've lived in Japan most my life (Japan is the paradise of instant noodles... I REALLY know my instant noodles), and ever since I moved to America recently, I've been craving for GOOD instant noodles (not the cheap, crummy stuff in styrofoam cups like Maruchan...). This satisfied my craving.<br />The sodium and oil and whatever are bad for you. Of course. It's instant noodles. Deal with it :D",1296691200,3,3
B000LQJT5K,5,"Best Ramen, hands down!","I used to eat brands like Nissin and Maruchan, but then I found this in my local grocery store, and I love it! The broth is thick, hearty, and spicy, and the veggie bits give it a more authentic taste. The only problem is the sodium content, but virtually every instant ramen has too much sodium.",1278547200,3,3
B000LQJT5K,5,Best Ramen Hands Down!!!,"Best Ramen Hands Down!!! The noodles are bigger and have better flavor and the broth has such better flavoring than Top Ramen and Maruchan. They are pricier but if you're eating ramen by itself as a meal, this is the way to go. If you're just boiling noodles for stir fry or whatever, you can get away with other brands. The Kimchi flavor is by far the best. I tried this brand/flavor when it was on sale on a whim not knowing if it would be good or not and boy was I surprised.<br /><br />The noodles come in a brick that is circular! No more breaking up square bricks to fit in small pans! They come with a seasoning packet and a vegetable packet which is nice. You definitely don't need the entire seasoning packet...in fact you can get by with HALF of it without it tasting too weak, but greatly reducing your sodium intake. They are on the spicy side but so is Kimchi(cabbage rubbed in chili powder and pickled).<br /><br />If you just want to try a single bowl or foil package try your local asian grocer or sometimes my local wally-world carries the Styrofoam bowls in the Kimchi flavor around a buck.",1269302400,3,3
B000LQJT5K,5,nice change from supermarket stuff,"This ramen is a nice departure from standard supermarket fare.  They have a very nice spicy heat, not overpowering, very flavorful.  The noodle texture is firmer than supermarket ramen, a pleasant improvement.",1318636800,2,2
B000LQJT5K,5,nice !,"l like this noodle's taste ! of course l am really used to this type of noodle flavor.<br />l came from South korea where usually called ""The paradise of instant noodle"" .. l mean at least for me ..^^;<br />l missed Kimchi flavor SOOOOOO MUCH !!!<br />Now l finally got this lovely 20 Package !!! l am so exited !<br />My sister in law also loved it .",1316390400,2,2
B000LQJT5K,5,This is a favorite of mine,"This is a favorite of mine, mainly because I like the flavor and I think the noodles hold up better than most.  It is not health food, too much sodium and fat, so if that is what you are after look else where.  If you want something a bit unique in the ramen world this is it.  I love the flavor and the unique spiceyness of this soup.  It develops a nice burn at the back of your throat somewhat like a hot and sour soup, but a different flavor.  It has the noodles, a small packet of dried kimchi bits, and a packet of flavoring.  Like all ramens I have seen, not much more than noodles and flavoring so it never hurts to throw in your own touches while cooking, like an egg to thicken the broth, or some shrimp and veggies to complete it.",1286841600,2,2
B000LQJT5K,5,Yum,"One of the best ramen I've tried, spicy and it comes with a seaweed packet unlike many of the ramen you find in grocery stores.  Very high in sodium, I dump the broth after eating the noodles and veggies.",1280793600,2,2
B000LQJT5K,5,Substantial and tasty,"This is the Cadillac of the instant ramen soups- without a doubt. The noodles used by Nongshim are quality, thick, and provide decent bite. The instant soup component is flavorful, spicy, and tastes like a real broth- no artificial business here. Kimchi flavor is limited and slight, but the included bits of freeze-dried cabbage give the impression that an attempt was made.<br /><br />As noted by other reviewers, the sodium is through the roof in this and other instant noodles soups. Though delicious, slurp down a bowl full of soup broth at your own peril.<br /><br />As for preparation, I've found that cooking only requires adding hot water from an office water dispenser. Have not needed to use a microwave.",1350518400,0,0
B000LQJT5K,5,Best Kimchi Noodles there is...UPDATED,"Any instant isn't as good as the real thing, but for instant, Nongshim makes a decent group of instant noodles. This is probably the best kimchi instant noodles out there. Avoid Paldo; that is total garbage. Add an egg to this to really add some flavor, but be warned, it may make the soup a little bland. Add a tiny bit of kimchi juice to it, to spice it up.REMEMBER!!! do NOT overcook the noodles. It is disgusting if you overcook the noodles. The noodles cook in the hot broth anyway, so turn off stove early on, and don't add too much water of you will get bland soup. And don't let soup evaporate too much, or you will get salty soup. It's all about balance. :) good luck!<br /><br />UPDATE: YUP, you gotta microwave it! otherwise, it's gross. I know, you smarties are probably laughing your donkeys off. :) I've revised it to 5 stars. It's pretty good. But let it cool off for 3 mins. you'll burn your mouth off, if you try it while 'hot'. soup is spot on. noodles are pretty decent!",1348185600,0,0
B000LQJT5K,2,Flavor is just not there.,"Let me start with a few things. I love Nong Shim's Shin Ramyun. I am also a big fan of kimchi. So I thought what could be a better combination than that? So I ordered a case of these from amazon during the back to school sale. I must say I was very disappointed. First of all the noodles are more of the traditional ramen noodle, not the thicker type you get with the Shin Ramyun. (So disappointment #1) Then the flavor of this was not good at all, it wasn't like adding kimchi to a bowl of the Shin Ramyun stuff at all. To be honest the flavor was quite off putting. Now I have a case of these noodles I have no idea what to do with.",1315526400,0,0
B000LQJT5K,3,"tastes good, too much MSG","Tastes good.  Nicely spicy, especially for breakfast.<br /><br />BUT....<br /><br />I'm somewhat sensitive to MSG.  And I do believe that this has more than I need.  Fine for one day, but by the 3d day in a row, I'm waking up with a headache that sure feels like a MSG headache.<br /><br />At a guess, more than the standard supermarket ramen has.<br /><br />In neither case do I eat ""one serving.""  More likely ""one package"" or allegedly two servings.<br /><br />But if I can space these out, they're fine.",1253232000,2,4
B004K2KSH4,3,go for turkey if first time,"We have tried this a few times. Firstly I never seem to get it fully rehydrated, so I end up giving it to our pup as a soup. He eats it, but is not a big fan. It smells exactly like cup-o-soup or ramen and if you read the ingredients that is about what it is. I recommend that if you want to try it, DON'T start with the beef. Our dog is NOT a fan. The turkey is fine. All the flavors are the same they only swap out the meat.",1345593600,0,0
B003OB2DSE,5,"Chili = spicy, not Mexican style. Spice up your ramen!","Yes, it's packaged ramen, not a health food. However, for those who want a fast and inexpensive snack or meal, Maruchan ramen is a classic.  This Chili flavor can be hard to come by in some markets; I haven't found a reliable source locally for the past year or so.<br /><br />Some may mistakenly think that ""chili"" means Mexican-style, like the dish with tomatoes, beans, and beef. Here, ""chili"" means chili pepper, as in spicy broth. Don't pay extra for those bowl noodles with the additional spicy seasoning packet. Maruchan chili-flavored ramen gives you the same flavor and heat for less money and less wasteful packaging.<br /><br />This Chili flavor makes a great, spicy ramen with flavor and a little kick. You can enjoy it as a simple ramen soup or add meat and vegetables for a more nutritious and tasty meal. Give it a try!",1298592000,10,10
B003OB2DSE,5,Really good!,"I am life long ramen noodle fan and I put red pepper in mine before cooking.  I have never seen these in the store.  They are awesome!  Nice and spicy too, don't need to add the red pepper.  They are not chili flavored, more chili pepper flavored.",1305244800,5,5
B003OB2DSE,5,Hot 'n spicy...yummy! :D,"BTW, I'm eating the Chili flavored Ramen as I'm typing this, lol :)<br /><br />Creamy Chicken used to be my favorite until I came across this Chili flavored.<br /><br />I am not a big lover on spicy foods but boy, these are amazing :D<br /><br />Just enough hotness to make my face a little hot but that doesn't stop me from digging into a bowl of these yummy ramen noodles!<br /><br />Flavor is perfect!<br /><br />But they are spicy enough that you do need a drink next to your bowl, lol<br /><br />Try these! Soooo good!",1327536000,2,2
B003OB2DSE,5,Delicious!,"I always get the chicken flavored Ramen noodles, which I loove. This week I got a pack of these to try and they are great! True, they do not taste like chili, but I knew not to expect that after I read the reviews. These are red pepper kind of spicy and they really have a kick to them. The seasoning package seems to be bigger than in the regular chicken ones and unless you want your mouth to be on fire, you can easily use only about half of the packet and it still tastes great but not overwhelming.",1333670400,1,1
B003OB2DSE,5,"If you like hot sauce in your Ramen, you'll love these!","I love picante sauce in ramen, these are very similar to that.  Be careful though and slowly add the seasoning pack and taste as go.  Its very spicy and delicious.",1326585600,1,1
B003OB2DSE,5,Convenient when it's $6.00,The price of ramen on this site is ridiculous. I found this one for $5.28 so I bought it but other wise I would definitely go back to buying from another online site that has better prices than the grocery stores. I remember when ramen was cheap. Other than that it's exactly the same quality as in the grocery stores.,1339545600,0,0
B003OB2DSE,5,Great flavor!,"These are my favorite flavor of Maruchan ramen noodles. Keep in mind that these are not at all intended to taste like American chili. These are chili flavored, as in chili peppers--a spicy flavor. They are reat for lunches at work, though low in nutritional content, they are super-cheap. Eat one package with half the seasoning packet and a daily multi-vitamin and you're set! So many people at my work order fast food every day for lunch. You'll save hundreds of dollars by trying these noodles instead. Rotate them with other tasty, inexpensive meals and you have a great, economical solution to daily lunches.",1335916800,0,0
B003OB2DSE,5,Perfect Ramen,The ramen noodles that were sent to me were awesome. My fiance loves them just as much as I do. And none of the packages were damaged in any sort of way. Im definitely buying them this way. We couldn't find them ANYWHERE in the stores... so I checked on Amazon. Thankfully they had them. Thanks Amazon...,1331683200,0,0
B003OB2DSE,4,Chili Ramen,"When it says chili, it means tastes hot and has some chili-ish flavor. But mostly just some spice. This is what I expected but just clarifying. It's an interesting ramen compared to the others, which tend to be meat flavored. I love it, and I'm sure anyone who likes hot stuff will. Even if you don't, its not very hot at all. I might try the picante chicken though (chicken + hot) to see how that tastes.<br /><br />By the way, this tastes amazing if you add some sriracha sauce!",1313452800,0,0
B003OB2DSE,4,Chili-flavored Ramen!?!,"Chili-flavored Ramen? I was hesitant to order, let alone even try this flavor of Ramen noodles. But I figured for the low price, why not?<br /><br />The noodles itself are noodles but it's the flavor packet that makes all the difference. The chili flavor isn't too bad at all. I now prefer it over the several other Ramen flavors I've tried. The level of spiciness is perfect and I am (actually) happy with this purchase. So much so that I ordered another 24 packs of it.",1312502400,0,0
B003OB2DSE,1,Meh Flavor,"I am a big ramen fan and seeing this pack on sale, I picked it up as a low cost gamble. But the chili flavor is pretty horrible. The broth basically tastes [and smells] like taco seasoning. I would not buy this again.",1327881600,0,1
B003OB2DSE,3,"Not awful, not great.","I'm assuming that most people reading this review have had Maruchan brand ramen noodes before so I don't feel the need to go into much general detail. I don't eat instant noodles too often (trying to go healthier!) but I was curious about these so I grabbed a couple packs.<br /><br />I'm a fan of chili peppers in curries and was curious how this was going to work out. Overall, it was underwhelming. The noodles are the same as always but the powder was kind of weird- after cooking I left the room to go do something and when I came back it had separated.  I didn't prepare it as per package instructions (I made it in the microwave instead with less water and didn't get it to full boiling, though I still added the powder after cooking) but it still seemed weird to me.<br /><br />As far as flavor, it was a kind of bland blanket spicy taste with a hint of chili powder. The spiciness is pretty strong (which I like) but I wanted more personality to it.<br /><br />I need to look at these at the grocery store and see if the salt content is a little lower than other flavors. It tasted like it might have been, and I'd be happy to trade lower sodium for a little less flavor.<br /><br />Overall, I'd prefer pork or creamy chicken flavor. But it's not nasty and it's definitely not as horrible as that time I tried cheese flavored cup ramen.",1310342400,0,1
B003OB2DSE,4,Nice for a change,"I was pleasantly surprised at the spice in this flavor of ramen. All I had tried up to this point was chicken and beef, so the chili flavor was a nice change. I recommend ... so long as you like spicy dishes!",1302307200,0,1
B001E5E1MI,5,it will change forms on your countertop,"I was a little worried when I got a ""JAR"" of coconut oil only to have it show up in liquid form...BUT this is totally normal and when the tempeture cools down or the air conditioner is on your Nutiva will appear solid and white...but then if it's hot as blazes like it is here in Sacramento  Ca it will be clear oil that you can actually pour out of the jar...no big deal. And if this is info you already know please excuse my ignorance.<br />the flavor, the consistency are great. I love it and use it in ALL my recipes in place of EVOO or butter...it's really healthy and has so many health benfits I can't even go into all of them.<br />all I know is my sisters red headed son with very fair skin would burn up like a crisp if she didn't put it in her meals but because of eating coconut oil he browns up like a little nut- no burns!!!!!<br />amazing!!!",1252713600,2,2
B008MNDQ4O,5,Great to have in any kitchen,It's a staple in many Asian recipes but here's a tip... add a teaspoon to any instant noodle and it will bring the broth to life! It was a stalwart companion during my years of living in the dorm room.,1234396800,15,15
B0002YGSJQ,5,An excellent pepper spice for Japanese food lovers,"House shichimi togarashi (7 flavored pepper spice) is a very popular brand of seasoning and this distinct little red glass jar is often found on countertops in ramen shops and izakayas across Japan and the US. It is an excellent spice to sprinkle on top of ramen, fish, grilled chicken skewers, okonomiyaki, and any other food you'd like to add a little fire to.<br /><br />Shichimi doesn't just bring heat. It adds texture, flavor, and a small amount of added nutrients from the seeds in the mixture. Shichimi in Japan usually contains hemp seed as one of the 7 ingredients, which gives the spice a good crunch. For export to the US, this ingredient has been replaced. Aside from that, this is a true taste of a Japanese favorite.<br /><br />Be sure to put the cap back on tightly after use so that no moisture gets into the bottle. When that happens, the powdered ingredients will start to stick together and become difficult to shake out of the hole.",1243987200,19,19
B003OB4BOS,5,Thought this was discontinued!,"This is my favorite flavor of ramen by far, but I had not been able to find it in stores since I was a kid. It is great to be able to find it online. Awesome flavor!<br /><br />Sometimes it is hot and sometimes only flavorful, but its always delicious!",1315008000,3,3
B003OB4BOS,5,The Best Ramen Flavor,"This is my favorite flavor of Ramen, and a frequent inexpensive guilty pleasure for me. I like it best when the water is drained off the noodles and the flavor packet is mixed with melted cream cheese and stirred in. If it's not spicy enough, a little hot sauce does the trick nicely. Unfortunately, even on sale the Amazon price is almost double what I pay at the store for these little packets. Only buy online if you can't get it any other way.",1325808000,0,0
B003OB4BOS,3,Ramenlicious!,"I got these ramen noodles when they were on sale.  Overall, they taste like ramen noodles and have that great noodley flavor.  Come on, what do you expect from a package of Ramen noodles?  Although, check out your local store because they can be found for as little at $0.10 a pack during sale times.  5 stars for the Ramen taste, 1 star for the price.",1321488000,0,0
B003OB4BOS,4,Pretty Yummy,"While this Ramen is not my favorite flavor, beef is, this flavor is pretty good. I wasn't sure I would like it but when I saw it I decided to give it a try. I'm glad I didn't pass it by and actually tried it and I think I will keep on buying it. I'm not a huge fan of spicy spicy things... this has quite a bit of spice but it is not unbearable.It has a unique flavor, almost like you're eating mexican food but in a noodle soup.  If you like things with a bit of a kick of flavor but definitely not HOT I think you will like this flavor because it really is pretty yummy :)<br />You can definitely find it for a cheaper price at a walmart or a local food store that carries it.",1320105600,0,0
B003OB4BOS,5,favorite flavor,could not find at local store.<br /><br />it's ramen so its always good.<br /><br />purchased two cases (24 packs) at a lower unit price than local store.<br /><br />prepared for zombie apocalypse as long as the water doesnt carry the plague.<br /><br />all aspects of transaction were satisfactory.,1320019200,0,0
B003OB6BWI,5,Very tasty,"I always have a case or two of Maruchan ramen in the pantry. Their shrimp flavor is especially good. I always drain the soup off the noodles before I serve them. I especially like it with some spinach sauteed with an onion and a head of garlic -- seriously, try it, it's remarkably flavorful and costs next to nothing. Or just the noodles with some chopped green onion to dress them up. Or with a little curry powder. I've tried Top Ramen in the past but prefer Maruchan.",1296432000,4,4
B003OB6BWI,5,Ramen is always great,"Product is as expected. The price was really good when I bought them.  They are delicious as expected and will last a long time stored.  Not the healthiest, but who buys ramen for healthy reasons.  Not me.  Adopt a shelter pet.",1340236800,0,0
B003OB6BWI,5,"Great price, it's ramen","What can I write about ramen that hasn't been written before now?  It is decently flavored, packed full of sodium, and has a long-ish shelf life.  That is our purpose in purchase - we keep these as our emergency earthquake food.  Maybe not the best choice considering the amount of water it would take to prepare but it is affordable for us at this time.<br /><br />This flavor is not my favorite but the bf maintains that they are ""edible"" and that he would ""eat them again.""  Five stars because I don't know how to downgrade a vote for ramen.  It's as steady as the sun.",1336694400,0,0
B003OB6BWI,5,so good!,this ramen in my opinion doesn't taste overly shrimpy... more of a unique seafood flavor. i would recommend this flavor not your typical chicken and beef flavor ( those are great too). but if you haven't tried this one i would because its really good!,1336176000,0,0
B003OB6BWI,3,eh,This was not a great as I thought it was going to be. Like the lime shrimp it seems a little bland but then again nothing has the strong amount of flavor the beef ramen has. I have only had this once or twice.. I will try this again though to see if the second time it is better.,1334707200,0,1
B004M1236M,5,Yogi Cherry Almond,"This is my favorite cereal.  I have eaten it for more than a year as ""Yogi"" brand.  I have always had trouble finding a retail source for it. The last I bought was at Bel-Air markets in the Sacramento area.  The flavor and ingredients are unsurpassed.",1303084800,4,4
B0040Y4DJ6,5,"Versatile sauce works with rice, noodles and ramen","Simple, delicious, and unlike the sticky Chinese sweet and sour sauces that predominate supermarket shelves, House Foods Chinese Mabo Tofu Sauce is a lower calorie, easy to prepare and extremely versatile dish.<br /><br />Traditionally served with rice, the sauce is also delicious with fried noodles, fried rice, in ramen and can be effortlessly be converted into a vegetarian dish, substituting mushrooms (shitake), bell peppers and onions for ground meat.<br /><br />One serving (1/4 package, 38g, about 1/6 cup) has 30 calories with 1.5g total fat, 470mg of sodium and 4g total carbs. Four servings are in each package. The sauce is made in Thailand.<br /><br />Here's a bit of background courtesy of Wikipedia:<br /><br />""M&aacute;p&oacute; d&ograve;ufu, or m&aacute;p&oacute; t&ograve;fu, is a popular Chinese dish from the Sichuan (Szechuan) province. Mapo Doufu can also be found in restaurants in other Chinese provinces and in Korea, Japan and Taiwan, where the flavor is adapted to local tastes. In Japan, where the dish is called m'b' t'fu, it was introduced by Chen Kenmin who opened the first Sichuanese restaurant in Tokyo in the 1950s. Instead of using only the salty and spicy bean paste, Chen also adopted sweet bean paste in the recipe and make the dish less spicy and less oily.""<br /><br />Having eaten this dish served in a Chinese restaurant, I agree House Foods Chinese Mabo Tofu Sauce is less oily than the authentic recipe. Chinese dishes are often much spicier than their Japanese equivalent.<br /><br />Directions (from the package):<br /><br />1 box House Foods Chinese Mabo Tofu Sauce<br />14 oz. tofu, cubed<br />2 oz ground meat (beer, pork or chicken)<br />1 tbsp vegetable oil<br /><br />Heat oil in a skillet or wok at medium heat; brown the meat. Add the sauce and simmer. Gently stir in cubed tofu and simmer again.<br /><br />My suggestions:<br /><br />+ Press and drain your tofu before adding it to the sauce. Draining the tofu improves its texture.<br />+ Garnish with chopped green onion.<br /><br />I like House Foods products. I also enjoy <a href=""http://www.amazon.com/gp/product/B003V39I3S"">House Foods Vermont Curry, Medium Hot</a>, a roux that creates a tasty beef stew best enjoyed as a winter meal. However, that isn't a low-calorie meal, especially when it is ladled over Japanese sticky rice. On the other hand, House Foods Chinese Mabo Tofu Sauce is a lower calorie and more versatile option.<br /><br />Rating: Five stars.",1329868800,0,0
B0040WE8NE,3,OK Pad Thai,"Dr. McDougall is famous for his diet, as well as his health program at the St. Helena Hospital. He has his own line of health food products, which I've enjoyed since my college days. He's locally based out of the Bay Area, in Santa Rosa. His Asian entrees are a delightful addition. They're healthier than mainstream Ramen noodles, that are usually loaded with sodium, MSG, and other goodies.<br /><br />The Pad Thai entree is deliciously spicy... I put some <a href=""http://www.amazon.com/gp/product/B001EO5ZHO"">Huy Fong, Sriracha Hot Chili Sauce, 17-Ounce Bottles (Pack of 6)</a> on it, and made it even more fiery!<br /><br />There's one major drawback.. there's not much in it. <a href=""http://www.amazon.com/gp/product/B000N8QJUE"">Annie Chun's Pad Thai Noodle Bowl, 9.1-Ounce Units (Pack of 6)</a> has much more, and Annie Chun is based out of nearby San Rafael. Dr. McDougall's is just what the doctor ordered!",1291766400,3,5
B0054TWPNC,2,Not really that different from other cheap cup noodles...,"Nong Shim's noodle that you need to boil to eat, it's good. But these ones, the noodle's texture is totally different . It's the same as those cheap ramen noodle. The seasoning is not good either. I will never buy this kind anymore.",1345507200,0,0
B0054TWPNC,5,Best ramen ever!,"I've tried many many ramen over the years and this is the BEST by miles! It's flavorful, fast and easy to make, good substitute if you are on a budget. If you have a local Asian supermarket in you neighborhood then you should drop by to check out the prices there. I am in Socal and I saw they had it on sale for $7/pack of 12, regular price for $9.",1327968000,0,0
B0054TWPNC,1,Nong Shim Hot and Spicy Noodle Bowl,"I've eaten a lot of Ramen in my time as well as Cup-of-Soup and others. The one thing I did like about this product was that it was spicy - not overwhelmingly so, but just enough to give a nice little burn going down. Unfortunately, that was the only good thing about this product. The rest of it was bland and tasteless - no flavor, just spicy - and lots of sodium. They need to think about adding some flavor to the spiciness so that you want to buy it again. When they do, I'll try it again; until then, once is enough for me.",1311724800,1,8
B0025UOMZM,3,teriyaki tastes better than teriyaki beef,"I love these yakisoba noodles. My favorite instant noodles of all time. This is my least favorite flavor out of the ones they have though, which is why I gave it 3 stars. Teriyaki is the best. Teriyaki beef is mediocre. The taste isn't as good.",1294876800,5,5
B0025UOMZM,3,Alright if you are hungry,"first off, used only part of the flavor pouch....love ramen but the flavor dust is a bit much in full force.  I was surprised by the added sugar in the flavor packet.  It is teriyaki after all, but not the right kind of sweetness.  Noodle texture was off, but edable.  i.e. at no time eating it, did I think teriyaki noodles, and I like teriyaki.<br /><br />Ok, so high end it isn't.  It was alright overall, and if you don't think about it too much, its not bad.  The veggies were a bigger surprise, as a lot of small bits went in, but actually had large pieces of green leaf material after cooking.  If using as a starter to a bigger meal, I think I would just start with a ramen pack and build from there.  It seemed to need more water than it called for.",1350518400,0,0
B0025UOMZM,1,"Disgusting,don't be fooled by the packaging","My local grocery store was sold out of nissan chow mein so i went to my local fred's and look to see if they had them but i noticed a product with the exact some packaging so i purchased them and it was my mistake because the packaging will let you beleive they are the same as nissan chow mein but there not,the taste is disgusting it's like basic ramen you buy for 10 cent.",1346112000,1,2
B0025UOMZM,5,Good for lunch on the go.,"I was very happy to discover this Ramen variety.  The product tastes great.  My favorite flavor so far is the chicken flavor, the beef teriyaki flavor is a little sweet for me, but it still tastes good with a little sriracha.",1340668800,0,1
B003OB0H6O,5,FANTASTIC price,"This flavor is my daughter's favorite and it is very hard to find in stores around where I live. It also is the only flavor of the cup noodles that doesn't give her indigestion. So I took the opportunity at this low price to buy 2 cases,",1331769600,2,3
B004GW6O9E,5,"The ""tastier"" fruit and nut bar","Obviously a lot of people like this bar, myself included, so I thought I'd review it a bit differently.  When I was searching for a healthier between meal afternoon snack I read a lot of reviews for a lot of products.  I wanted something with few ingredients, not ""fortified"" and with some nuts in it.  I settled on these Larabar Fruit & Nut Cherry Pie bars and the <a href=""http://www.amazon.com/gp/product/B000P504ZG"">Pure Bar Organic Wild Blueberry Living Food Bar</a>.  I love cherries and I love blueberries so they seemed like good choices.<br /><br />The stats of the bars are very similar, weight (both 1.7oz, not 1.8), calories, fat, sugars, etc.  The PURE has more protein at 6g vs 4g.  The Larabar has no sodium while the PURE has just a bit at 5mg.  The Larabar is thicker, the PURE bar is wider.  Visually the Larabar appears to have more nuts in it, which doesn't seem to jive with the protein stats.  The PURE bar has a grittier texture while chewing so maybe more of the nuts are finely ground.<br /><br />1st ingredient is dates for both followed by almonds and then cherries for the Larabar and followed by blueberries and various nuts, organic agave nectar, rice protein and lemon juice for the PURE bar.  One would think with the extra ingredients in the PURE bar they were added to tweak the flavor or give it a fresher taste, but the flavor of the Larabar is better than the PURE by a pretty good margin.  It has a much fresher and lively taste.  I have to say the PURE bar is a bit cardboardy tasting to me and has a drier mouth feel.  It is not bad, in fact my 2 youngest kids eat them readily, just not nearly as good as the Larabar.  I think the tartness of the cherries in the Larabar kick up the flavor vs the milder blueberry flavor of the PURE (maybe the lemon juice add as an attempt to kick up the PURE bar flavor and tartness?).  In fairness I should probably review the PURE Cherry Cashew bar but I much prefer almonds over cashews so don't plan on ordering any from Amazon.  If I stumble on the PURE cherry in a regular store I will give one a try thugh.  I still get both auto shipped from Amazon for variety sake, but am looking for a better tasting blueberry bar w/ basic ingredients including nuts.<br /><br />For grins here is a comparison of the Larabar, PURE, Snickers, Hershey's and Maruchan Chicken Ramen noodles in a few categories.  Stats are listed in the order I listed them in the previous sentence.<br /><br />Calories:  190, 190, 280, 210, 380<br />Total Fat:  8g, 9, 14, 13, 14  Saturated Fat:  0.5g, 1, 5, 8, 7<br />Sugars:  21g, 20, 30, 24, 0<br />Protein:  4g, 6, 4, 3, 10<br />Sodium:  0mg, 5, 140, 35, 1540 !!!",1249776000,2,2
B000YPIJ0Y,4,"Cheap, Easy Meal","Ok, what's not to love about a meal you can make in about 10 minutes, tastes darn good, and is light on the wallet? It's not Italian carry-out by a long stretch, but it gets the job done. I'm a fan of this flavor, although my wife prefers the <a href=""http://www.amazon.com/gp/product/B000YPKRW2"">Garlic & Olive Oil Vermicelli</a>.<br /><br />One complaint: the angel hair pasta will start to clump together if you don't eat it right away, and as leftovers it also tends to congeal if left too long in the fridge.<br /><br />Over all, this is an easy, cheap, and tasty-enough meal. If you're sick of Ramen, buy some.",1227484800,0,0
B000LQORDE,5,Ramen connoiseur's review & tips on the Shin Ramen,"Review:<br />I've eaten ramen for a long time (30+ years) and have eaten numerous varieties and the Shin ramen is probably my #1 tasting. The reasons are as follows:<br />* Best flavor broth - it's spicy (but adjustable), leaves a good aftertaste (yes, even when you burp), tint of mushroom flavor coupled with a good balance of red pepper, onions and spices.<br />* Noodles have good texture - depending how you cook them of course but with bad ones, no matter how you cook them they come out soggy/soft. These come out chewy if you want or softer if you overcook them.<br />* It's not oily - I've noticed with some noodles, you can see a ring of oil around the pot after you cook the noodles. So with these I sometimes had to boil an extra pot of water and then transfer the cooked noodles to the fresh pot of water to get rid of the oil. Not with Shin Ramen.<br />* Economical - for less than a dollar a pack, they beat any dollar menu item<br />* Great for any weather - particularly winter to keep you warm. In the summer, they help to break out a sweat and opens your pores<br />* Can be a hearty meal - you can add all types of things to this ramen as others have posted. An egg is recommended but so are vegetables and meat.<br /><br />Tips:<br /><br />Amount of water - add about 2 mug size cup fulls of water. If not sure, add a little less. You can always add more after it's fully cooked. Adding cold water at the end cools down the boiling hot soup so it's easier to eat.<br /><br />How to cook - wait til the water boils. As soon as it does, drop in everything: the soup base, noodles, dried vegie packet. If you want to add vegies, let it cook for about a minute before adding e.g. mushrooms, bean sprouts, tomatoes, green onions. Don't put more than a quarter couple of any vegies or meat cuz you'll kill the flavor. For eggs, if you like them well cooked, add them at the beginning. You can add at the end of cooking too but this is a bit too raw for my taste<br /><br />Cooking time - boil the noodles 2 - 4 minutes. This depends on how hard or soft you like your noodles. Just pull a strand out and taste it every 30 seconds after the first minute. There's no right or wrong here.<br /><br />Soup base - add all of it. Don't worry about it being too spicy. Per above you can always water it down later. The soup will be plenty hot. Remember it just finished boiling and it's difficult to put something in your mouth when it was just boiling.<br /><br />How to serve - there are 3 ways I'd recommend<br />1) The traditional Korean way - folks like to eat straight from the pot. There's actually an 'art' to this. After removing it from the stove, place the pot on something that wont burn. Grab the lid of the pot, a spoon (yes a spoon) and chop sticks (fork if you can't wield them).<br /><br />2) In a bowl. Don't use a plastic one unless it can stand the heat. I don't like to use plastic period for health reasons but up to you. Remove some of the excess soup from the pot first and then pour everything directly into the bowl. Grab a spoon and chopsticks/fork and place the bowl down and go to work.<br /><br />3) combination of 1 and 2 above. Place the pot of ramen and get a bowl along with a spoon and chopsticks/fork.<br /><br />How to eat:<br />First, forget what your parents have told you on slurping. To eat ramen, you must slurp. Why? Because 1) if you don't you'll burn your lips because no slurping means the noodles must pass through your lips slower and enclosed more around the noodles. 2) because your lips are more enclosed, most of the soup around the noodles are sucked away from noodles, leaving you with less flavorful noodles. So forget the decorum. Eat it asian style and slurp away.<br /><br />2nd, I'd recommend the Korean way (#1 above). You grab the pot lid then take about 2 mouthful amounts of noodle and dump it into the lid. You should be holding the lid with your left hand (switch if you're right handed) and quickly grab a large spoon and add several spoonfuls of soup broth into the lid. You're doing 3 things here 1) you're saturating the noodles with the flavorful broth. 2) by adding the noodles to the lid, you're cooling it down for consumption while keeping the rest of the noodles hot. 3) When you eat straight from the lid, you first eat the noodles and immediately follow up with a slurp from the lid itself to drink the soup base. To do this, you put the lid close to your mouth and then push the noodles in with your utensil, drink the soup right after or together as you push the noodles in. I know this sounds crude but the flavor is maximized this way. You can add any vegetables or meat to eat bite this way too.<br /><br />If you want to eat using method #2, well, it needs no explanation, just make sure you slurp and drink the broth as you eat the noodles.<br /><br />For method #3, you're basically substituting the bowl for the lid. Works as well but assuming your lid is metal, it keeps the noodles hotter. Also, people tend to put more noodles into a bowl then a lid and this ends up cooling the noodle down too much. It's also slower cuz you dont hold the bowl in your hand where as with the lid, since you're holding it, you grab noodles, place them briefly on the lid then straight to your mouth. It's cooler too ;>)<br /><br />Third, some people like to make this a heartier meal by adding rice. I usually don't add the rice to the pot until I'm half-way through because it's too hot and because the meal loses its flavor and it's too heavy. However, by adding rice directly to the pot full of ramen, you have more of a hearty meal.<br /><br />Now, enjoy!",1322524800,2,4
B000LQORDE,5,Feels like I never left South Korea,"I lived in Seoul, South Korea for 3 years while I was in the US Army.  I learned to love cheesy ramen while I was there.  This stuff feels like I'm sitting at a small Korean restaurant in the heart of Seoul again.<br /><br />I personally love to put a few pieces of sliced cheese in my ramen.  Tastes good.",1307318400,2,4
B000LQORDE,5,good and filling snack,"Tasty and spicy. This is a major upgrade from the el'cheapo ramen you might be used to during the college days. If you are big eater like me, this will not be a full meal, but it can come close to it if you add a couple eggs while cooking (or even after if you are ok with that).",1305504000,2,4
B000LQORDE,5,My new favorite ramen,"wow!  these are great.  A lot of the reviews say that they are too spicy, I think they are just about perfect (granted I love HOT foods).  The sodium content is REALLY high, but what ramen isn't?  I usually add in some raw eggs and fresh veggies and it really makes for a good meal.  If I am trying to keep the sodium down, I'll use about 1/2 the seasoning packet and add some Sriracha sauce.  That stuff is the JAM w/ this ramen.  This is the only thing that I have set for subscribe and save.  It's that good.",1305158400,2,4
B000LQORDE,5,"Thank you, thank you, Amazon!","I really appreciate Amazon for carrying this product. Shin Ramyun is the #1 selling ramen in S. Korea and also it is my favorite. So there is no doubt for the taste.<br /><br />The only problem is that it is more expensive in the U.S. But, thanks to Amazon, now we have this good deal, pack of 20 costs only $14.49? Wow, it's the best deal I've found on Amazon. Two thumbs up!<br /><br />For those who have never tried this wonderful ramen, I would recommend you to add an egg 20-30 seconds before you finish cooking and gently stir the egg. It will make the spicy taste of soup milder and richer. Yum!",1304035200,2,4
B000LQORDE,5,Real Ramen....,"This is the best Ramen in the world.  It's probably also among the spiciest....so it's really not for everyone.  But you can't beat its flavor.<br /><br />Some fool wrote that this is not the same thing as the versions sold in K-Town (I'm guessing in Los Angeles).  Depending on your market (and I don't mean super market), the packaging and distribution network can be different.  I use to live in SoCal and now I live somewhere else.  The packaging is different here...but it's super expensive.  So I buy from Amazon.  The packaging is the same as what's sold in my local markets (both Walmart and a Korean Market...yes Walmart sells this here!).  It's taste the same.  Buy from Amazon, especially with Subscribe and Save...great deal.<br /><br />If you like spicy Ramen...this is definitely a 5 STAR product.<br />If you can't handle the capsaicin...this is probably a 1 STAR product for you.",1290816000,2,4
B000LQORDE,5,Best ramen by far,These noodles are great if you like spicy food. I add a healthy amount of cayenne to mine and they are awesome.<br /><br />I have ordered at least 8 cases of these and have given several to friends. They are seriously good and worth the slightly higher price than inferior ramen. Tip: subscribe and you get 15% off. If you don't want more in a few months it is really easy to cancel.<br /><br />I like these so much I even wrote a blog post about them:  [...],1288656000,2,4
B000LQORDE,4,Good!,"Just got my first order delivered yesterday, and they're really quite good! I haven't had the authentic, from-Korea ramyun (yet!) but this is much better than any ramen or other instant noodle you'll find in any typical American super market. The noodles are thicker, which means that you can cook them to the right degree (just until firm, not mushy) MUCH more easily than other brands of American noodle. It's really not that spicy, just enough to clear up your sinuses, and it's not a spicy-for-the-sake-of-it kind of spicy, it's really quite full of deep flavors. I prepare it as per the directions on the packaging except I reduce cook time by 25-30 seconds and, when they're done, I crack one or two eggs into the pot after I bring it off the burner. The residual heat in the pot is more than enough to cook the egg, you just have to remember to break up the yolk and stir the egg around the pot. It helps to thicken the soup as well, which means it tends to stick to the noodles much better.<br /><br />Overall, the noodles are quite delicious, and the best American-made noodle I've ever had. I definitely recommend them.",1279756800,2,4
B000LQORDE,4,Ramen noodle with a spicy kick!,"This is like Ramen noodle soup but with a spicy kick.<br />-You can control how spicy the broth is by adding less or all of the seasoning pack.<br /><br />I found adding the ""vegetable"" pack doesn't really add or take away from the flavoring.<br /><br />On a side note the package says to boil 19.5 fluid ounces of water. This converts approximately to 2-1/2 cups of water.<br /><br />I would rate this product:<br />4 out of 5 for TASTE.<br />3 out of 5 for VALUE.<br />5 out of 5 for being made in the USA!<br /><br />Nong Shim Shin Noodle Ramyun is $17.99\20 which comes out to be .90 cents\package.<br />Maruchan Ramen Noodle Soup is $15.97\36 which comes out to be .44 cents\package.<br /><br />Seems like Nong Shim can be more price competitive.<br /><br />Overall though I am likely to order again.",1320624000,0,1
B000LQORDE,5,Better than what's considered ramen!,"I tried this in college, from some friends overseas...have trouble finding it now, but when I do I buy the store out. It's great on it's own, but I add as much dehydrated veggies(from Central Market) as I can and you've got yourself a meal...not just ""ramen.""",1296172800,0,1
B000LQORDE,5,The best and authentic,"Nong Shim and this flavor especially (love the heat and spiciness) is by far the best ramen I've tasted. Introduced to me by a Japanese friend, I've been hooked on this brand ever since, This is not like any of those 5/$1 ramen packs you see in every grocery store - this is a real ramen noodle.<br />Highly recommended - but spicy - so beware!",1265673600,3,6
B000LQORDE,5,Not your everyday ramen (but it should be!),"I first picked up <a href=""http://www.amazon.com/gp/product/B000LQORDE"">Nong Shim Shin Noodle Ramyun</a> in a local Asian Specialty store near my office. I needed a cheap lunch and this was my choice.  Since that day I continued to buy it a couple packages at a time to keep at work for those days when I don't have a lunch planned. Now though I have an entire case because Amazon had such a great price. It's easy to cook up in the microwave and very filling. The one change I make is that I only use about 1/2 the seasoning pack, any more and it's too spicy for me to finish the entire bowl. Also I'm one of those ""picky"" people that doesn't like mushrooms and there are usually a couple small dried pieces in the vegetable pack that I pick out.  Minor I know, BUT if you don't like mushrooms it's something you should know.<br /><br />While I still buy the ""other"" ramen for home because my kids like it, Nong Shim has won me over with theirs and it's my treat to myself.",1251936000,3,6
B000LQORDE,4,I love it.,"I like this Shin noodle very much I couldn't find this kind of instant noodle after I moved to where I live now, so I purchased this online. It taste just like the one I used to have. A friendly reminder, it is very spicy.",1319760000,1,3
B000LQORDE,5,By far the best Ramen I've had,"I admit it.  I love Ramen noodles.  I ate enough of them in college where they became a part of me.  I regularly still buy Ramen noodles just because I like them.  I saw these listed on Amazon so I was curious.  Hmm, a new Ramen that I've never tried and gets good reviews...I need to try these.  They are fantastic.  I really like the spice in these.  I eat a ton of Thai and Indian food so for me these aren't spicy and are just perfect.  I used the whole packet and found the spice level just perfect.  Anyway, as others have said these are much better than your standard Ramen noodle.  If you like Ramen noodles at all I highly recommend you pick up a box of these.  But, as others have noted, if you don't like really spicy food you might want to start off with just a half packet of spices and see how it goes.  Another great product I found through Amazon!",1319673600,1,3
B000LQORDE,5,mmm spicy!,"I love spicy food and where I live you can not find spicy ramen. My Korean b/f said that these were the spiciest noodles he has had in America. I did not take it too seriously and I was not going to buy ramen online. So as insisted that I try it and he sent me a box of these from Amazon and wow they really are spicy! I like to add kimchi and egg in mine personally but you can put chicken, lamb, shrimp, white fish or beef in this.<br /><br />  I suggest if you want to do meat to add a bit of oil in the pot with the seasoning packet and cook it like that first after it is almost cooked add the water. and cook the noodles separate and drain them add the noodles in a bowl than top with the broth meat and veggie. It is a little extra work but really worth the time. (the reason to cook the noodles separate is because i find that cooking the noodles with the meat makes the meat chewy)",1316822400,1,3
B000LQORDE,5,Tasty!,"If you like spicy noodles and don't really feel like taking time to make it, this comes really close.  Instant noodle at its best!  Just boil some water, toss the noodles in, add some vegie, kamaboko, tofu (whatever you like and have)..., that will actually look like a fancy bowl of noodles when you are done in less than 5 mins.",1311033600,1,3
B000LQORDE,5,Sooooo Good!,"If you like spicy Ramen noodles, these are the choice for you!  These are just like the ones my husband used to eat in Korea as a kid, so naturally we love them.  Also, they are pretty expensive in stores, so Amazon usually sells them at a reasonable price.",1308614400,1,3
B000LQORDE,5,"Great noodle texture, spicy flavor","First of all, kudos to the Super Saver shipping option that I got on ordering two cases of Nong Shim Shin Ramyun. It's made this the most affordable of this type of superior three-minute ramen one can get, especially in Hawaii where most food is imported and thus, more expensive. I've become an instant ramen snob (an oxymoron?), and this brand has great quality noodle texture.",1298678400,1,3
B000LQORDE,5,It hurts so good!,"I will preface this to say that I like spicy things. From salsa to buffalo wings, I usually like the hottest variety of everything. Imagine my surprise then when I heard of this magical ""splcy picante"" ramen. I figured it couldn't possibly be that bad, so I ordered this box of 20 to check it out.<br /><br />When it came in, I eagerly prepared a package as I normally make ramen. Needless to say I was unprepared for what came after I had my first spoonful. I honestly wondered if I could finish it... whew. The quality of the noodles was fantastic (a far cry from any of the brands you can buy at the supermarket) but that broth! Spicy didn't even begin to describe it. So there I sat, sweat pouring down my face as I polished off the last of it.<br /><br />Feeling exhausted, yet quite proud of myself, I checked out some reviews and saw many warnings about the heat in this stuff, in addition to the most helpful suggestion ever--only use half of the seasoning packet! I actually use even less than half, and that's still plenty of flavor and plenty of heat for me--making the bowl not only bearable but actually pleasurable to eat. Also cuts down on the heaps of sodium present in there.<br /><br />I really love these, but they're just plain unhealthy so I don't eat them very often. But as long as you don't dump that entire packet of fire in there you've got a pretty spicy tasty bowl of awesome.<br /><br />And if you do use the whole packet and enjoy every drop? You're a mensch in my book!",1293494400,1,3
B000LQORDE,5,Nong Shim Shin noodles spicy,"I bought this product strictly on the review of others and they were right, these noodles are great, way better than top ramen.  I will be buying these again.",1253577600,1,3
B000LQORDE,5,"To steal a tagline...mmm, mmm good!","This stuff is awesome! It has the right amount of spice (a-lot) and the noodles are much thicker and more flavorful than the standard $.10 a pack stuff. Don't get me wrong, I love regular Top Ramen, but this is so much better. Throw in some left over chicken (or even better, tri-tip), frozen corn and peas, an egg, and you have an excellent meal. Add an ice cold beer, and you will be in foody heaven.",1239148800,1,3
B000LQORDE,5,nong shim,"Just about any nong shim soup is good. Most of them are very spicy and addicting. I really like the chicken and original spicy noodles...Yeah it has MSG but just about every soup does including name brand soups like Cambells and Chef Boyardee its in a lot of salty foods! The list goes on including chips! So don't complain about that! Its to be expected! Just dont overdo it by eating a bunch of these its just not good for you just like eating a bunch of salty chips isnt good for you... But anyway this stuff is AWESOME and it is not for any one who hates spicyness because this stuff is hot! But its packed with soo much flavor,it makes those 15 cent ramen noodles taste like noodles in salt water. These are worth the extra cash because this is quality.",1239062400,1,3
B000LQORDE,5,Yummy al dente noodles in my bowl!,"I bought these on a whim because they were a deal of the day.  Boy am I glad that I did.  As a big fan of Maruchan and Top Ramen, I read the reviews and saw that these were very close to the real thing.<br /><br />The noodles have such a great consistency and cook in just 4-5 minutes.  Very al dente, even after they sit in your bowl for 5 minutes cooling down.  Another plus for me was the fact that there isn't only the flavor packet but a vegetable packet as well.  That vegetable packet adds another dimension to the soup.<br /><br />As other reviewers have stated before, this is for the Spicy Picante pack.  If you can't handle spice then I suggest using a 1/4 of the spice packet.  If you are a seasoned professional then use the whole thing.  My first time around I did that and found myself actually finding it overwhelming and I ALWAYS eat everything hot and spicy including Jalapenos.  So from now on, it is half a packet for me.<br /><br />Take a chance... they are great; can't wait to try other flavors now!",1236124800,1,3
B000LQORDE,5,This is THE ramen,"I been to several places around the world, including Russia and Mongolia. There, if you ask for ""ramen"", this ramen (Shin Ramen) is the one they give you. it's the best!<br /><br />While by itself is tasty, to enhance the flavor, i often throw in shrimp, mushroom and sliced onion. Mucho delicious !",1234483200,4,8
B000LQORDE,5,"My new favorite ramen, thanks to amazon","I originally decided to purchase this particular brand of ramen after seeing all the other positive reviews here on Amazon. I was a bit apprehensive at first, fearing that I wouldn't enjoy it since I had never tried this brand before but I'm glad this turned out to be delicious. The spiciness, although explained in the reviews, was still a bit surprising when I first tasted it. I'm glad something is actually spicy for once instead of just claiming to be spicy and having the spiciness equivalent to a chocolate bar.",1284768000,2,5
B000LQORDE,4,Tastes like More!,"My late father in law used to have a rating system for meals: if it was particularly tasty, he'd say ""This tastes like more!"" That's exactly how I felt the first time I tried a spicy picante ramyun. I ordered these on a whim when they were featured as a gold box deal. I'd enjoyed ramen noodles in the past, so even though I'd never tried this brand, I figured for less than a dollar a package, I could afford to take a chance. Boy am I glad I did! They were spicy, flavorful and delicious. I immediately wanted a second helping and had to talk myself out of it. I used less water than it called for but the full spice packet, and I think that combination intensified the flavors. The only reason it didn't get 5 stars was because of the strange dried meat bits that popped up every once in a while. The tough texture of the mystery meat kind of threw me off my game, but luckily I only found them when I was almost finished. I'd recommend these to any ramen lover (adjusting the spice to taste for some).",1250985600,2,5
B000LQORDE,5,Great ramen,"This is my favorite brand of Korean ramen. It is spicy so if you are not used to eating spicy food, make sure you don't use all of the spice pack. If you add an egg to the soup, it makes a great snack.",1237766400,2,5
B000LQORDE,3,I'm spicyyyyyyyyyy,"That's pretty much what these ramen noodles has, spiciness. I love spicy noodles like the next guy but even after using only half the packet, it still leaves your mouth hot and spicy. And can barely appreciate the quality of taste these noodles are suppose to bring.<br /><br />It's like when you order the most spiciest buffalo wild wings. You cannot taste the meat but just how hot they are. The same can be said about these supposedly top brand ramen noodles.",1251244800,6,12
B000LQORDE,5,The best instant noodle!,"This is the best instant noodle I have tried.  Very spicy!  Yes, I like it very spicy.  You can always dilute it with more water to reduce the strength and make it less salty too.",1320537600,0,2
B000LQORDE,5,Good ramen.,Very spicy packaged ramen. Good for someone who wants easy ramen but wants something better than 25 cent beef ramen from the store. Best to use only half a packet unless you feel like burning your tongue.,1319673600,0,2
B000LQORDE,5,Great deal and taste,I received Nongshim shin ramen through subscribing. It was great deal because I paid less money than offline stores and it was more delicious than any other ramens. Additionally subscribing is very convenient and time efficient way. So I strongly recommend to you.,1292112000,0,2
B000LQORDE,5,Excellent Noodles,"These are excellent inexpensive noodles but they are quite salty for someone who rarely adds salt to food, even when cooking, as I do!  They are more expensive than grocery store Ramen and taste a good deal better but seem to have about the same destructive amounts of salt- 2020 mg or about 80% daily salt intake/bag which claims to be 2 servings but I assume that most adults would consume the lot unless using this as only part of a meal rather than a quick comfort food.  Other reviews alerted me to this and following their recommendation, I only used 1/2 the soup base package.  I added some dehydrated green onions and dried oinions when preparing on the stovetop and added a fresh egg, covering it with the noodles after removing from the heat.  This had excellent flavor and with half of the salt, I did not feel like my blood pressure would be so imperiled as I had used the whole soup packet.  I like and regularly consume very spicy food (I frequently consume 4-5 jalapenos with a meal) but as prepared it was quite delicious and spicy enough.<br />  There are other brands of noodles that I frequently buy from Amazon <a href=""http://www.amazon.com/gp/product/B002BCE97K"">Annie Chun's Korean Sweet Chili Noodle Bowl, 8.4-Ounce Units (Pack of 6)</a> that I relish but the salt is still high and the price is somewhat higher.  I will alternate varieties in the future.  I only eat Asian Noodles no more than once a week since I do have some sodium issues.<br />  I am on disability and do not get out often from my house in the country so I have tried many of the long shelf life foods that Amazon sells.  They sell many dehydrated vegetables in medium sized quantities that make them easy to have on hand and still be way cheaper than grocery store prices.  I even found some non refrigerated tofu <a href=""http://www.amazon.com/gp/product/B000LKTY7Y"">Mori-Nu Tofu, Lite, Silken, Firm, 12.3-Ounce Boxes (Pack of 12)</a> that I have received but not yet tried.  The customer reviews claim that it is excellent quality and it is actually cheaper than the fresh brand offered in the local grocery.  I expect to add some to my next bowl of noodles and the soups that I frequently make from scratch.",1275955200,0,2
B000LQORDE,5,Simply delicious,"These are perhaps the best instant noodles available; hot & spicy, and substantive, it'll satiate any craving for a snack, anytime. The product was shipped in good condition from Amazon (USPS). Convenient!",1237420800,0,2
B000LQORDE,5,Great Ramen,"One of my favorite brands of ramen.  To make it a little better for you most people dont use the entire seasoning packet to cut back on the sodium.  Noodles are substantially better than ramuchan and top ramen, but you must add other items such as onions, maybe some meet and an egg to truly make this a satisfying meal.",1303171200,1,4
B000LQORDE,5,Nong Shim Soup,"I really love this soup so much I have it on automatic order refill. I will be getting a box every three months! Nice and spicy and great flavor. I like to throw a few pieces of leftover chicken or pork in the bowl and it is delicious. Move over Ramen Noodles, there is a new kid on the block and he is big!...If you don't like hot chillies don't buy this one it really does have a bite to it!!",1270684800,1,4
B000LQORDE,5,Most delicious ramen,"This is the most delicious ramen.  When purchased in bulk, it's not too much more expensive than the terrible ramen you more commonly see at the grocery store.  If you throw an egg or two in while it's cooking, you've got yourself a masterpiece.",1268870400,1,4
B000LQORDE,5,BEST DEAL EVER!,"This deal was on the Lightning Deal for $[...] and now i fell in love with this Ramen! Im mexican so the only instant soup is that you find in the grocery store, and let me tell you that thing is crap compare to this.",1255910400,1,4
B000LQORDE,5,No Ordinary Ramen,"This Ramen is the best Ramen in the world.  It is very spicy and has great flavor.  It is so much better than the $.10 Ramen you find in your avg. grocery store.  Authentic Korean ramen.  Add some egg to it, and you'll be in Ramen Heaven.  So so good.",1234483200,52,62
B000LQORDE,1,CARCINOGEN ALERT!!!!,"Recently (6 hrs prior to this writing), this company got busted selling instant noodles with first degree carcinogenic ingredients.  They refused recall of the products for some reason.  Ask your Korean friends about this and they will tell you what exactly happened.  I could not find any newspaper in English on this subject, but it is one of the biggest news in South Korea at this moment (Oct.24th 2012)",1351036800,3,3
B000LQORDE,2,too expensive,"This Ramen is definitely one of the best. I don't eat the American 10 cent ramen, the quality of noodle is so different and the spices are great. I also eat mine with an egg dropped in. It only get 2 stars b/c this is a rip-off on Amazon. I can buy this 20pack for $20 at my local Asian grocery store.",1236038400,6,15
B000LQORDE,5,Good but...,"These are good, but the noodles are not much different than cheap Maruchen Ramen. The spice however is very different than Maruchen. The spice is so hot that my nose runs and I have snot soup instead. They are good overpriced noodles, I would not buy these again.",1277251200,2,9
B000LQORDE,1,Ramen made in the USA = bad ramen,I can't believe this product has such high review. The noodles taste like rubber and it is NOT spicy at all. Please just go to your local oriental store and look for ramen made from japan or korea. Those noodles actually have a nice texture and the spices they use are actually spicy.,1250640000,11,43
B000LQORDE,1,"Beware, not the same as the one from the Korean Market","Just receive the noodle and try one.  The package looks similar but not the same as the one that I got from the Korean market.  I just finish the box of Shin noodle that I bought from Korean town so I know the differences right away.  I thought I got a good deal and save a trip to Korean town.  Guess not, I am wrong.  I am going to the Korean town this weekend to get the real stuff.  A little disappointed, I really want my authentic spicy red Korean Shin instant noodle tonight...<br /><br />This Shin noodle is made in the USA and it is a American version of the very popular Korean instant noodle.  This American version is only one-third as spicy and the noodle get soft and mushy very fast like the regular instant noodle.  The dry vegetable package does not go soft even after 10 minutes.  To use the dry vegs in the future, need to soak it for at least 30 minutes so the dry mushroom will get soft. The spice package is orange color, the real Korean Shin noodle is bright red in color and the noodle will not get mushy after 10 minutes.  I think it is something to do with the red pepper that the Korean use and not the picante in this USA version.  It is spicy but taste totally different than the Korean kind of red pepper which make it so special.<br /><br />Really want to return it but since I got it with the lightning deal discount, I will eat it like regular instant noodle to save the hazzle.  So beware if anyone reading this is Korean or have tried the real Korean Shin instant noodle.  This is not the real thing, do not order this and do not pay full price for this American version of the Shin noodle.  Before I was skeptical when reading some of the reviews with only 1 star, now I know they are right.",1251072000,28,39
B000LQORDE,3,I'm sold on the taste but not all the hype.,"I ordered these noodles after reading stellar reviews.  Some folks in the reviews almost acted as if these noodles were sent from God.  I've eaten Ramen Noodles for quite some time and have found them to be a super inexpensive meal at .10 a package and sometimes cheaper.  I also like other readers mentioned don't always use the entire seasoning packet because of the high sodium content.  I found these noodles to have even higher sodium content.  Which I guess isn't too bad if you don't plan on eating the soup.<br />These noodles to me tasted just about the same as Ramen Noodles except the noodles were a tid bit larger in size.  If we are reviewing just the flavor packet, I would say it was pretty good.  Especially for those who like spice like myself.  I am use to eating super spicy foods and have a high tolerance to spice.  So they were right on par with what I am use to as far as the heat goes.  But I can see someone who doesn't eat spicy foods to find the seasoning super hot and spicy for them.  I like the idea of the dehydrated veggies that are enclosed to accompany the seasoning.  I am giving these noodles 3 stars because they are just overpriced Ramen in my opinion.  Plus the sodium content in the noodles is just unacceptable.  They surely can come up with lower sodium options. And lastly I give it 3 stars because of the price.  I would not expect to pay more than .50 cents a package for these noodles in a retail store. I would definitely buy these again but not in bulk.",1286755200,30,42
B000LQORDE,3,These are ok...,"I love ramen type soups.  I've tried many over the years.  This Gourmet Spicy Picante is ok. The noodles are your regular, fried ramen...a tad thicker then common grocery store noodles.  One trick I use is after cooking the noodles, I rinse with water well...it takes that starchy flavor away that I don't care for and makes a fresher tasting soup.  The heat of this is strong, use a quarter packet to start, you can always build up.  Not much more flavor going on except the heat of the chili.<br /><br />I do love the Hoo Roo Rook noodles; they aren't fried and the noodles are round to fit your saucepan.  They aren't in the same heat category as these noodles, but they are nice for a more 'tender' palate that likes things not-so-spicy.<br /><br />*NEWSFLASH*  Okay, I'm coming to the end of this box of Spicy Picante and realized that I would sort of miss having my mouth burning while eating soup this winter...so on that note, I just may buy this noodle again -- it's a heat that kind of grows on you.  I did order the spicy seafood flavor and will see how that one goes.  All in all, this is an acquired hotness that takes getting used to if you're not used to heat (like me).",1287446400,7,9
B000LQORDE,5,Add a little spice to your life,"This product is a must-try!  We've had every brand of ramen out there, but Nong Shim makes the best.  And the spicy picante is so quick and easy, filling, and flavorful, it doesn't last long at our house.  The auto-delivery is a big help. If the whole spice packet is too much for you, try adding just a third or half to your batch.  Finally, the 20 pack price blows away any supermarket price you'll find anywhere.",1336348800,2,2
B000LQORDE,5,Fantastic,"This ramen is so good. I also bought the Neoguri- also a good choice if you like seafood. I would highly recommend this. It microwaves well, I use pyrex. I'm deployed on a ship and it was sent out here pretty quick (relatively speaking ok? lol) and none of the ramen was damaged during VERTREP. It is spicy! Definitely seriously spicy. I cook it with minimal water so it stays that way. I love it. Will buy again. It's pretty much the highlight of my day.",1344297600,1,1
B000LQORDE,5,Awesome,Excellent noodle quality and very tasty. Way better than American ramen. Highly recommended for anyone that likes spicy foods and wants some better quality ramen.,1343433600,1,1
B000LQORDE,5,Good Noodles,i practically lived off these stuff during my college years.<br /><br />they're one of the best instant noodles i've ever had.<br /><br />i will buy from again and again when they're on sale :),1342569600,1,1
B000LQORDE,5,Favorite ramen,This is the best ramen that I've had and it's the kind my family has been eating for years. It is definitely more spicy than other types of ramen out there but it is so good and you can always add less seasoning if you don't want to have it as spicy. It's really quick and easy to prepare and it's perfect for college students because you can eat it on its own or add more ingredients (like eggs) that you want to dress it up.,1341964800,1,1
B000LQORDE,5,Delicious!,"This Korean-style ramen is one of my favorites. As an individual whom doesn't often eat spicy foods, the spiciness of the seasoning in the ramen is very near upper tolerance level and nothing goes better with it than a cold beer. The texture is a bit chewier than the generic American ramen but that's what ramen should taste like.",1337126400,1,1
B000LQORDE,5,Best Ramen,I was introduced to this ramen 15 years ago while overseas in the ROK. Its a spicy Korean ramen comparable to some of its Thai counterparts but has to be one of the tastiest ramen noodles I've ever had. The quality of Nongshim is superb and I would recommend this product to anyone. Add an egg to this noodle soup while its cooking and you got an awesome meal.,1329609600,1,1
B000LQORDE,4,Good noodles,"Good spicy ramen,and when purchased through Amazon, pretty cheap. In NYC you can't really find these in bulk at these prices (under a dollar per soup with Subscribe & Save) unless you go bargain hunting at the Asian markets. I still have most of this case left, so I'd imagine one case is good for 6 months, if you're a relatively light eater of freeze-dried ramen.<br /><br />You can add all sorts of things to hearten this ramen up: eggs, spinach, tofu, kimchi, bean sprouts. This ramen IS salty (and moderately spicy), so you can add extra cooking water and dump it out after serving, or half the seasoning packet.",1329350400,1,1
B000LQORDE,3,Spiciness Overpowers Flavor,"I began looking at Amazon's offerings of ramen noodles because I was tired of Top Ramen and the few limited brand varieties most stores carry. I settled on Nong Shim Shin Noodle Ramyun Gourmet Spicy Picante because of the high ratings. I don't mind spicy foods, but sometimes I find that when food is overly spicy it overpowers any appreciation for the flavor. This is my experience with Nong Shim noodles. My dh, who enjoys ramen noodles says these noodles have a slimy texture and I did have to agree with him the next time I tried to ""get in"" to them. However, I'm still curious about Nong Shim's other ramen noodle offerings so I may purchase one of their non picante flavors.",1328918400,1,1
B000LQORDE,5,A hot treat for winter!,"Very filling but not too oily, like other instant noodles out there. The noodles are just chewy enough and the right size for the hot, spicy soup. A fantastic quick meal for a chilling winter night.",1327363200,1,1
B000LQORDE,5,So Hot but So Good!,"Great on a really cold day and if you're really congested.<br />The spiciness of the ramen really clears my sinuses when I have a cold.<br /><br />I wouldn't recommend this for those who only like mild-medium spiciness.<br />This is a very spicy ramen, and will really make your lips tingle and tongue burn.<br /><br />If you can handle it spicy, this is the best ramen.",1323216000,1,1
B000LQORDE,4,"tasty, but loaded with sodium and better prices locally","This is probably the #1 Ramen in Korea which I also enjoy, but you should be aware of the nutrition facts.<br /><br />The nutrition table on the bag is for 1/2 a serving, which equates to 1/2 a bag.  The cooking instruction is for full bag, so it's fair to note the nutrition contents for the whole bag as below:<br /><br />Calories: 560<br />Calories from fat: 160<br /><br />Total Fat: 18g, 28% of daily value<br />Saturated Fat: 9g, 46% of daily value<br />Sodium: 2080mg, 86% of daily value<br /><br />While the sodium content is on the higher end of foods, you have some control over this by adjusting the amount of power soup base.  Once I learned the nutritional facts, I use the full bag of noodles with half packet of the soup base.  The other method would be to cook the whole bag as usual, but immediately throw away 1/2 the soup to avoid the temptation of eating the whole thing.<br /><br />Lastly, my secret to best ramen is no secret to Koreans - after the noodle is dropped in boiling water for 1 minute, drop an egg and sliced spring onions and cook for 1 more minute.  Then, pour into a bowl by 3rd minute.  You'll know you did this correctly when the noodle in the bowl is ""almost"" 100% cooked where the noodle have come apart, but still somewhat undercooked.  If you cook more than 4 minutes as instructed on the bag, then the noodles will get bloated and taste nasty by the time it makes it to the table.<br /><br />Enjoy!",1327881600,3,4
B000LQORDE,2,Too expensive and too much fat/oil !!!,"1) I would recommend to purchase this product at the nearest any Korean markets where you can buy it around $18 or less.<br />2) As far as this product itself concerned, it contains too much fat/oil compared to Samyang Ramen, which might upset your stomach.",1312675200,5,7
B000LQORDE,5,Hands down the Best Spicy Ramen,"These are, by far, the best Ramen Noodles I've ever had the pleasure of eating.  I practically lived on this stuff when I was in college.  A packet is included containing the spices which allows you to control the level of heat in the dish by adding more or less of the contents to the noodles.  One important note, the spices provide a tasty spicy hot, not a hot-just-to-be-hot flavor.",1250640000,8,12
B000LQORDE,4,"Very spicy, plenty of flavor.","As far as packaged ramen goes, this stuff is about as good as it gets.  I haven't found any other ramen that I like as much as this.<br /><br />Most ramen I eat as drained noodles sprinkled with the seasoning packet, but this one is much better as a soup.  The seasoning is far too spicy to eat these noodles dry, but the seasoning packet is perfect for seasoning soup.  Other types of ramen don't make the kind of flavorful soup that this one makes, but there is enough flavor in one packet of this stuff to flavor a LOT of water!<br /><br />A word of warning... this soup is VERY spicy.  I regularly eat hot wings, spicy potato chips, and I put extra hot sauce in spicy chili.  I like spicy food.  But this stuff is pretty harsh.  If you're very sensitive to spicy foods, I would avoid this one.  If you're mildly sensitive to spicy foods, just use a little extra water in the soup.  I wouldn't say this stuff is over-the-top spicy, but it has a pretty strong kick.<br /><br />I think the thing I like most about this type of ramen is how flavorful the noodles themselves are, even when they are made as a soup.  When I make ramen as a soup with other types, the noodles are almost flavorless.  But these noodles really soak up the flavoring very well.<br /><br />The one complaint I have is that I don't care for the vegetables that come in the vegetable packet.  Fortunately, they are separate, so I just don't put them in.  I find that they don't get soft enough, and I don't like the texture or flavor of the vegetables.",1248912000,4,6
B000LQORDE,5,Way better than the typical store ramen,"I bought these in preparation for long nights during finals week with the thought that they may be more interesting than the typical chicken ramen noodles. I like spicy food too, so this seemed like an interesting trial for me, although a bit of a gamble when ordering a whole case. These noodles are fantastic, they have so much more flavor than typical ramen, and in many ways are much better tasting than the typical meals i eat. They a slightly-moderately spicy, so i can still give a pack to a friend who isn't into spicy food and expect they will still enjoy it. Ton's of flavor, a bit more volume, and no MSG like normal ramen noodles. Highly recommended.",1330214400,2,3
B000LQORDE,4,thick chewey noodles,"The big problem with most instant noodles is that the thin noodles get soggy and mushy when sitting in a bowl of soup, then loose quickly their flavor. These thicker noodles avoid that problem and are tasty until you finish the whole bowl. Yes, the soup is spicey, but you don't have to use the whole spice packet if you are a wimp. Just be careful if you are on a diet, since one package if 500 calories (the ""per serving"" label is for less than half a package).<br /><br />4 stars instead of 5 because instant noodles have so much fat and salt. Regular dried noodles are much healthier, if don't mind waiting a few more minutes for them to cook.",1306540800,2,3
B000LQORDE,3,"Good Price, Spicy!, Different Aftertaste","I first got these because I was looking for something hot, something yummy, you know... a quick snack or a fast meal for when I was in a hurry.  I had fond memories of rice and noodle concoctions from my student days and I was drawn to these because of the many excellent reviews.  Indeed, after reading some, I fully expected my toes to tingle after eating these!  :)<br /><br />At first I really liked them, and yes, they are truly spicy.  I like spicy.  The spicier the better.  Besides, the reviewers are right- you can just put in as much of the spice packet as you want.  After a few of them, though, it occurred to me that the spicy wasn't like any Thai or Cambodian food I've had, or even straight up hot chilies like habaneros; the spice struck me as more chemical-induced.  Was it the MSG?  The other salts?  Whatever it is, it doesn't settle well with these taste buds.<br /><br />The more I ate, the less good they seemed to me.  After a while, I noticed that they always left kind of a gummy, coated feeling to the inside of my mouth.  Then I looked at the ingredients.... Maybe it is all the MSG, or maybe the beef tallow, or maybe all the sodium variants that I can't even pronounce.  Whatever it is, these are losing their appeal with every serving.  Now, I'm not a health foodie and despite the fact that one package doses you with 88% of daily value of sodium and 40% daily value of fat, I'm not holding that against it.  (to be fair, the previous amounts assume that you use the entire spice packet and each package counts as 2 servings)  It really comes down to that gummy feeling left in my mouth after eating a package, even using 1/3 of the spice packet.  I just can't get past that.<br /><br />The noodles seem like any other ramen noodles, and they are yummy.  It's also nice that they have a decent size packet of dehydrated veggies inside, separate from the spices.<br /><br />Taste is totally about preference, and I don't think this is a bad product just because it didn't work for me.  Also, I think they are priced right, especially if bought through subscribe and save.  I've got to go with my experience on the rating, though.  Though I won't be getting these again, I wouldn't steer people away.  I would suggest, though, first looking at the ingredients list to see if you are cool with what's in it, and also get a few to try before committing to a bulk buy.",1305849600,2,3
B000LQORDE,5,Instant noodle with best taste and texture -- see Recall Info,"I just researched about the korean noodle recall because I love this Shin Ramyun noodle -- the best taste and texture instant noodle I have ever tasted. It is the Neoguri Seafood & Mild Noodles and Neoguri Seafood and Spicy Noodles that are problematic, not this Shin Ramyun type by the same company Nongshim, read this article:[...]<br />ADVICE: Because of high sodium in instant noodles, put only partial seasoning package and also try not to drink the soup!",1351123200,0,0
B000LQORDE,5,Delicious,"As a general statement I do not like Ramen Noodles; however, this is one of my favorite quick and easy meal.<br />I can't find them in the grocery stores any more so I buy these cases on Amazon. It's a great price!",1350950400,0,0
B000LQORDE,5,"Quick, Easy, Tastey!","I can't speak to the these noodles being genuinely Korean. I can only speak to my personal experience with them. I find them absolutely delicious! They are my favorite quick meal after a hard days work where I don't want to spend a great deal of time cooking and I even enjoy them as a comfort food when feeling a little down.<br /><br />The quality of noodle is definitely greater than your typical Maruchan ramen you find in the grocery store. That being said, this is no gourmet meal. If you're looking for something quick and cheap that doesn't taste like garbage, you found it. Those who don't like spicy food should not purchase them, however. They do have a kick, but nothing extreme.<br /><br />If you want to reduce your dishes, try steaming the noodles by boiling water on the stove. Put the dry noodles and dry flavoring in another bowl with a lid. Pour boiling water on top of the noodles and close the lid. Instant noodles in about 10 min.<br /><br />And one warning: always rinse your bowl out when you're done. Never ever leave it sit out for more than a day. You'll only do it once before you figure out why. (Stinky!)",1349827200,0,0
B000LQORDE,5,Great stuff as always!,"Very cheap price and very good instant noodle quality and taste!!<br />Even compared to the Korean domestic market price, the price differential isn't too big.<br />There is a slight taste variation compared to the real shin ramen made in Korea, but the difference is very minute.<br />Overall, very satisfied but beware to not eat too much instant food!",1348876800,0,0
B000LQORDE,5,Yummy ramen,The item delivered on time. The ramen is definitely much more delicious than the famous nissan cup noodle. The spiciness of korean ramen is what I miss most after coming to the states,1348531200,0,0
B000LQORDE,4,The best?,"I don't know if this is the BEST ramen in the world, but it's pretty damn good.  This flavor is very spicy.  Nothing to be afraid of, but it is indeed very spicy.  It doesn't burn your tongue, but it will give your lips a good tingle.  The spice of it has caused me some digestive discomfort, but only occasionally.  The dried vegetables are a nice touch that you don't get with the grocery store ramen, I just wish there were more than a tiny little packet.  This is a good product, I just don't know if it's worth the money.",1339632000,0,0
B000LQORDE,5,Nong Shim Ramyun,"Definitely better than the cheap ramen you find at the grocery store. A dollar a packet really isn't that steep, and you realize this when you try them. First off, the packets are noticeably larger than other ramens, with quite a bit more noodles. Then there's the fact that it comes with a spice packet that seems larger and more filled than competing ramens. It also comes with a dried vegetable packet, a very nice touch. Make sure to read the instructions, they're a little different then other ramens (you just place everything in at once and cook). The taste is phenomenal, nice and spicy (especially if you add the whole packet) with firm noodles that are more chewy that ""normal"" ramen. A very nice Asian spicy flavor. If you are not one with hot/spicy foods, consider using half a packet of seasoning. Definitely a must try, and I will be ordering more in the future!",1324339200,0,0
B000LQORDE,5,One of my favorite ramen,Maruchan ramen can't not compare to asian made ramen.<br /><br />The quality of the seasoning stock and dried ramen noodles beats maruchan ramen by a mile.<br /><br />Sometimes its cheaper to buy it on amazon than going to cub foods/asian grocery stores.,1324166400,0,0
B000LQORDE,4,Ramen connoisseur's delight!,"My iPad has been in Netflix mode since Korean Drama was added to my que.  Watching ""Boys Over Flowers"" inspired me to buy some ramen noodles.  Since I live close to the Korean Market I stopped in for some Shin Ramen.<br /><br />Just finished a bowl made exactly as directed.  Results:  Delicious!  Behind the heat the noodles definitely have flavor.  About 3 bites in I had to add some water to the broth.  I was on fire!  But I am not a heat person.<br /><br />Next time I will Dr. it up with some salmon, shrimp and green onion....it's great with ramen!",1323907200,0,0
B000LQORDE,3,You like heat? This is for you!,"This is a very high quality ramen.  However, unless you like it extraordinarily hot, you will want to start with only a bit of the powder and increase the amount from there. THIS IS FIRE!",1308614400,0,0
B000LQORDE,5,bought it just to see if it was any better than regular ramen,"It is.  I'm a white dude from TN so i'm not the hugest ramen authority though.<br /><br />I just got this in the mail, ripped it open and threw one in some water:<br /><br />- Spicy as hellllllll.  I used half of the packet and it was still pretty hot, but tasty nonetheless.<br />- Each packet comes with a little pack of dehydrated vegetables to mix in.  I was skeptical of them, but it added to the ramen nicely and tasted good.<br />- I added in an egg.  Eggs make all ramen better.  This ramen was no different.<br /><br />Yep, its a bag of noodles.",1315267200,3,5
B000LQORDE,5,"Not bad, will compare to Korean Shin","Giving 5 stars so more people will read, actually rate it @ 4 stars.<br /><br />From what I can tell, American made Ramen is worse in general<br /><br />For unknown reasons, even though I cook with the same pot I would in Korea, perhaps it is the stovetop instead of the gas stove I would use in Korea, the ramen is harder to cook to the right degree, probably meaning that the noodles were prepared differently in the factories.<br /><br />As for the spiciness factor, anybody who eats regular asian / indian hot foods should be able to taste the flavor behind the spice. In my opinion, everybody here complaining about the whole spice packet being too much must have grown up on hotdogs and hamburgers, or equally not-spicy foods.<br /><br />A tip when cooking the noodles is to cool them in air while the noodles are boiling. Repeat until you see noodles become firmer, perhaps about 5 fork/chopstickfulls for the whole bowl (alot of noodles per utensil-full) and you can taste the difference.<br /><br />As always, eggs, garlic, ground red pepper, sri rancha(?) sauce or other condiments are good.<br /><br />In Korea the standard for cooked ramen would include 1egg, green onions, sometimes onions, and sometimes small dumplings.<br /><br />Red meats are okay to put in, but are less cost-to-taste effective when compared to hams or dumplings.",1266192000,12,19
B000LQORDE,5,Best Spicy Noodle,These noodles are great if you like spicy food.<br />They are seriously good and worth the slightly higher price than inferior ramen. Tip: subscribe and you get 15% off. If you don't want more in a few months it is really easy to cancel.,1308182400,1,2
B000LQORDE,5,Great Ramen,"This is a great ramen. It contains a vegtable packet along with the soup/seasoning mix.  It is on the spicy side however in my opinion it is not over the top spicy.  Has just enough heat to be noticable and if you drink the broth you will get the full effect of the heat. These packets also make a slightly larger portion than your standard Top Ramen and Maruchan ramens. I nomrally make this with egg whites from two eggs. If you like ramen, you would not be disappointed with this product.",1305331200,1,2
B000LQORDE,5,The best packaged ramen,"I've tried 20 to 30 different products - these are the best available. They are a bit salty, and spicy, but that's not always a bad thing and sometimes really hits the mark.  They are easy to make, have good instructions on the package, and are of excellent quality.  I think they are definitely worth the price, which is higher than many similar products, and can easily be doctored up a level with the addition of some onion, chive, or egg.<br /><br />Also, and not a small matter, they are made in USA, which I think means less concerns about food safety and labeling accuracy.<br /><br />Upside - taste, quality<br /><br />Downside - prepackaged ramen is generally not the healthiest thing you can eat, and this product is no exception - it has 44% of the daily allowance of sodium, and 8 grams of fat, mostly palm oil.  All things in moderation!",1305331200,1,2
B000LQORDE,5,YUM!!!,"After reading the rave reviews about these noodles for months & months.. I finally took a leap of faith and ordered me up a box... and I was not disappointed! Now, I love noodles of all kind, even the cheap ramen, but these noodles are fantastic! Definitely a more hearty texture to the noodles and the spice has got some serious kick! For those who don't like spicy, I would recommend starting with maybe 1/2 of the pack of seasoning & working your way up, but for me, the whole packet is perfect! I've been adding fresh veggies, an egg or two & some shrimp to these noodles & it makes enough for two people easily! I'm sold & will definitely continue to buy these noodles! Worth the extra $$ :)",1304726400,1,2
B000LQORDE,5,Delicious!,"These are absolutely amazing. The spice pack has extremely thick flavor, and the bag packs a fairly decent amount of noodles. Bit spicy for some but perfect for me. I have sampled up to 30+ different kind of bagged noodles in the past 4 years of college and these hands down top the chart. Although slightly more expensive compared to other TOP, Maruchan ramens. It is however worth the price. I'd definitely recommend these to all those want to try something slightly heavier taste.",1304553600,1,2
B000LQORDE,4,A Spicy Little Number,I like the Nong Shim Shin ramen better than the much-less-expensive grocery store ramen  because Nong Shim is hot-spicy instead of just salty. You can add veggies/meat/egg/shrimp as extras and the result will still be spicy. This makes it a good sink for your least favorite veggies or leftovers.<br /><br />The product has a reasonable calorie to fat ratio but is not particularly low-calorie itself.<br /><br />Sometimes I pour out most of the water and eat the noodles and seasoning as a snack in lieu of potato chips or crackers.,1303862400,1,2
B000LQORDE,4,Not as good as the Korean Shin,"This is an incredible product, and to the few reviewers who felt the noodles weren't as good as they remember them: as far as I can tell, there are two versions of Shin.  Like other reviews on here mention, I got these noodles at my local asian market and they were awesome - thick, springy noodles that put regular ramen to shame.<br /><br />I then saw Shin at my ""regular"" grocery store, and picked some up - big difference.  The noodles were thinner and had no ""bite"" to them, nothing like the ones that turned me on to this brand.  I opened up one of the packs I got from the Asian market to make sure, and they're definitely different noodles.<br /><br />So, maybe the ones I got at my regular store came from a bad batch etc., but it seems more likely that there's an ""American"" and ""Korean"" version, with the ones sold in American stores using a noodle that's more like what Americans are used to.<br /><br />In any case, see for yourself: the product is hot, spicy and incredibly flavorful.  A great buy regardless of the noodle.  But if, like the rest of us, you fall in love with these noodles and find yourself craving them, head down to your local Asian market to try the Shin they sell there.  It's a bit better, but both are head-and-shoulders better than the 10-cent ramen bricks most of us know as ramen.",1276646400,1,2
B000LQORDE,4,Just the way I like it!,"I've always like spicy food & after living in Korea for a couple of years, I was delighted to find this Ramyun which is head & shoulders above any other 'ramen' that I've found in a grocery store. The noodles are more substantial, the flavor packet has a lot of flavor & the dried 'veggies' packet rounds it all off to make one of the best available. I was doubly delighted that Amazon made it so easy to order & even sweetened the deal by putting it on sale. Very satisfied!",1256428800,1,2
B000J2UNW4,1,Just awful,"This barely qualifies as food. It's a little plastic bag of dried corn, a few little pieces of dried potato and some spice reminiscent of what you'd find in a 10 cent pack of ramen. Add water and you've got yourself spicy corn water. Honestly, who are these other reviewers?<br /><br />Just awful. I'm throwing the rest out, what a waste of time and money.",1291161600,1,4
B0018CJZ64,5,My cat loves this catfood! It is his favorite :),"I highly suggest a regular ""wellness"" diet supplemented with wet cat food. My cat's fur has never been softer, his temperament so easy going, and energy-level so high! Highly recommend.",1319932800,0,0
B0002YGSBO,5,Chili Oil rocks,"I bought this to send to my son to try in his instant ramen, he loves it. Shipped promptly and the product was advertised. We'll probably be ordering more.",1326153600,0,0
B001E5E2RM,5,A++ Service,"Use this in my Lattie's every day.. Used to get this product at different stores here in Sacramento until I found it here on Amazon.. So much cheaper, easier and I love the plastic bottles much better than the glass that you get at the stores..",1345334400,0,0
B007Q256JK,3,Disappointing,"This is a product, not seller, review.  The seller was fine; very prompt delivery, and I would order other Nissin products from them again; but not the Hearty Chicken Cup Noodles.  It was a disappointment; not up to the quality of the other Nissin Cup Noodles line, which I like and continue to enjoy.  This Hearty Chicken was hardly hearty.  Just noodles and chicken broth, and rather bland.  I was expecting a richer version of their old Creamy Chicken Cup Noodles, but this product has no veggies or chicken meat, and far less zip.  It is decidedly inferior to their regular Chicken Cup Noodles.",1347408000,0,0
B002GQ6OEM,4,An introduction to Indian food,"Having never really eaten Indian food, I can't really say how authentic it is. It's a variety pack of ready to heat foods. It's fast to microwave or put it over a stove top and goes well with rice. It's worth a shot if you are done with cup ramen and have rice or noodles handy.",1317600000,0,0
B000E18CXM,1,Spectacularly Awful,"I can't believe how bad this stuff was.  I opened the noodle package and it smelled stale and awful.  The dehydrated vegetables didn't hydrate in the microwave time (I even added more time), and so I was crunching on them while trying to eat the noodles.  It was not a good crunch.  The saving grace was the szechuan sauce, which was good, but not good enough to cover the bad. I'd rather have Cup Noodles than this stuff.",1335484800,0,0
B000E18CXM,1,gross!,Was hoping this would taste good but I would of actually preferred those cheap top ramen packages over this!(which I hate)<br />Very over-powering flavor that tasted nothing like anything out of any good Asian restaurant.<br />Couldn't even take more than one bite before tossing it. Lesson learned to just go out to eat from now on when I'm craving Asian cuisine.,1288051200,0,0
B000E18CXM,1,Do not recommend AT ALL,"I bought a couple of these at Whole Foods, couldn't finish the first one, and threw away the second.  They do not even resemble food.  Ramen kicks their butt.  Absolutely disgusting.  Ew.  Gross.  Don't waste your money the way I did!",1329955200,0,1
B000PDN3J2,2,Watch Out for Expiration Date!!,"I recently purchased this item since these are the best ramen noodles I've ever had. I usually eat one for lunch every couple of weeks. Unfortunately, these noodle bowls arrived with an expiration date of January 2009. So now I have to eat 24 noodle bowls in the next 4 months, which averages out to 6 a month. Don't get me wrong, these are great noodles. I just don't want to have to eat them so quickly. If I had known that these were going to expire in 4 months, I would have never bought them. This is not the first grocery item I've bought from Amazon that has a close expiration date. In summary, don't buy this product unless you want to eat a lot of noodles in a short period of time...",1220832000,5,5
B000PDN3J2,5,Amazing!,"If you're an instant-ramen connoisseur, this is the noodle you've been searching for. Bowl Noodle is far better than any other instant noodle I've had. The broth is cloudy, rich, and immensely flavorful compared to any soup, not just other instants, but surprisingly light on the tongue and stomach... much unlike the, heavy, bland dollar-a-dozen cardboard noodle. (To emphasize the difference: Top Ramen and Ichiban actually make me throw up now, just because they're too bland and... cardboard... -esque... I can stomach Maruchan if I fill it with my entire spice cabinet.) Bowl Noodle has the same punch as Campbell Hearty when it comes to taste. Two of them fill me perfectly if I'm in desperate hunger. I'll have one for a snack instead of chips because it's a lot quicker and more satisfying. I recommend these to all my ramen-eating friends and they love them to death, but they're around 5-10x more expensive than Maruchan. Every penny is worth it, though. To those who buy: you're in for a treat. Enjoy!",1214697600,5,5
B003XUJ3RK,2,Not what I expected,"I bought this to keep at work. I didn't want to spend $10 on lunch every day so this sounded like a good idea at the time. I've tried this both on the stove and by microwave but the results have been pretty bad. To clarify, it's not that it tastes bad, but it doesn't taste good either. The sodium intake is sky high so at the very least it could tasty delicious like all the other food that's not good for you. It's so bland that I started drenching it in hotsauce and even hot cheetos.<br /><br />I guess it's back to ramen noodles until there is a cheap and tolerable food that doesn't take 10 years off my life.",1347494400,0,0
B0018P4EK8,5,Delicious,"I put this sauce on anything and everything, from sushi (highly recommended) to ramen noodles, to hot dogs, to burritos, to my girlfriend.....but don't try the girlfriend thing. Sriracha sauce is extremely spicy. It will burn sensitive areas and you will sleep alone for a month, if not longer.",1297036800,12,13
B0018P4EK8,5,AMAZING,"I put this on everything I eat, I use a 17 oz bottle about every 2 months, it is amazing on Ramen, Pizza, Burritos, chips, It has amazing flavor and just the right amount of burn.",1308441600,0,0
B001SB54JC,5,Love it!,"My wife WILL NOT eat pizza unless we have Tiger Sauce. It's great on lots of different food. Eggs, Chicken, Steak, asian food. My wife likes to use Tiger Sauce and seasonings instead of ramen flavor packets. I love that its got great flavor but its not excessively hot. It's perfect for dipping just about anything. I like to dip my pizza crust in the sauce. The big downside is that it's hard to find. That is why today I'm gonna order this 6 pack of 10 ounce bottles.",1304640000,0,0
B000LKXBL4,5,My favorite Kettle Chip,"These are my favorite, but they aren't for everybody. In a way, they sort of taste like Oriental flavor ramen, but with a kick. For me, how can one go wrong with the combination of jalapeno and ginger? They are a bit rich, so they aren't for EveryDayForAMonth snacking. Because this is a case purchase, I recommend trying out a single bag before buying an entire case. The 2oz size seems to be no longer available, which is a shame; I can eat the entire 5oz bag.",1327968000,1,1
B004BJWT3C,4,Delicious but way too expensive,"I'm in college and decided to ""splurge"" on some decent ramen, this turned out to be delicious, but at 4 bucks a pop, I minus well buy a footlong at subways.. too expensive for my blood",1328313600,1,1
B007RTR89S,4,Gentle cleansing,"I found this shampoo good for every-day use. It's gentle but cleans thoroughly. I tried it with its companion product, Clear Scalp Hair Beauty Damage and Color Repair Nourishing Conditioner (how's that for a long name?) and found they work well together. The shampoo is a little less effective at adding body than some other shampoos, and overall I like the conditioner better than the shampoo. But I have very fine, curly hair that's temperamental, so another person might not have the same experience. All in all, I'd say this product is worth a try.",1342137600,0,0
B004BJYP66,5,This is more than your instant ramen,"Oooh yum yum yum.  The quality of the noodle is excellent and as good as what you would get in a ramen noodle shop!  I love this brand, period.  As to the soup base it is a little saltier than the other ones, but non-the-less delicious!  All love, and not bad value either.",1350864000,1,1
B004BJYP66,5,The king of instant ramen,"Instant ramen is a handy thing to have in the cupboard for a fast and tasty lunch or dinner. With healthy additions like chopped veggies (frozen are fine, just nuke before adding to the broth), I don't feel too guilty about indulging in this quick meal occasionally.<br /><br />The Myojo Chukazanmai line is the best of the best where instant ramen is concerned. The oriental flavor is rich, complex, and slightly seafood-y; it's my favorite. The noodle quality is great, too. In the summer, I'll cook the noodles alone, and when done, shock them cold under running water. Then add a bit of cold Japanese men-tsuyu (noodle broth), a dash or two of sesame oil, and chopped red ginger (beni-shoga). Chop up lettuce and/or cucumbers if you have them; maybe some ham or chicken if available. Great cold pasta dish!",1325376000,0,0
B004BJYP66,3,"Tasty, but expensive and high-sodium","I purchased these hoping they would be a healthier alternative to the cheap Nissan/Maruchan 10 cent noodles you find everywhere. I've consumed literally hundreds of the Nissin/Maruchan, but stopped several years ago because they are just so ridiculously bad for you. I am a recovering addict - on some days I used to eat 6 packs! Make no mistake, these Myojo are healthier for you but they are NOT healthy. One serving has 120% of your DV of sodium (2900mg) and 6 grams of fat/2 grams of saturated fats, 68g of carbs (2g fiber). They also contain MSG in both the dry seasoning and liquid soupbase.<br /><br />Nutrition aside, I was anxious to try these to see how they compare to the cheap ramen. I have an aversion to anything seafood-related so I was dismayed to see the dry seasoning packet contains scallop and clam extract. HOWEVER, I was willing to give these a shot anyway. I cooked up the noodles for the suggested 4 minutes, and stirred in the dry seasoning and liquid (oil/soy sauce) packets. The seafood smell was too much for me - I had to dump it out and then mix it with one of the beef seasoning packets from the Maruchan noodles. As for the liquid packet - it adds a nice smokey, rich flavor to whatever seasoning you choose to use. The texture of the noodles is good and comparable to cheap ramen.<br /><br />The price of these is quite high. You might love the flavor of the seasonings and enjoy that they are not as fatty as cheap ramen, but ask yourself if these are worth up to 24 times the price. If they had lower sodium and less carbs, I could see these being worth it.<br /><br />My next ramen adventure is to try GreeNoodle without seasoning (ASIN: B0054S0P9E).",1317772800,1,2
B004BJYP66,5,Excellent flavor for instant ramen,"You can dress this ramen up any way you like.  Ramen itself is perfect and soup base is good.  Use leftover meat, meat of any kind - stir fried or grilled, seafood, soft boiled egg, vegetables of your choice and you would have a perfect bowl of Japanese ramen - almost.",1316995200,0,1
B0029JW8T6,5,"Haven't order online yet, but this is abolutely the BEST!","The person with the negative view must have received pepperoni that had accidentally been punctured at some point. Something is definitely wrong. I have been eating this pepperoni for over 30 years and it is fantastic! Thirty years ago, my brother convinced me to put some slices of the pepperoni in my spaghetti sauce; it was outrageously good. I have used it ever since--me and my entire family.<br /><br />I even eat it ""raw"" (can't be raw or it wouldn't keep). It's one of my primary snacks on the Atkins (and I've lost 25 lbs). I hope the nay-sayers try it one more time--they are missing out.<br /><br />The super Wal-Marts sell it and they are always running out. And by the way, I live in Sacramento and I'm an instructor at a college; don't work for Bridgeford! I'm only online because Wal-Mart runs out so fast (just came from there) and I would like to buy a large supply I can count on. Actually, I have two, inch and ahalf pieces that I've hid from my husband in the fridge. I guess I'm addicted!",1307404800,2,2
B002ANCDMS,5,Please understand what it means to go grain free.....,"This product is a good product and really good health wise for your cats. If you are looking at this product you are probably interested in feeding your cats something better. I just wanted to address some of the negative reviews of this food - many of them by people who don't understand that all cat food is not the same. I took the time to switch my 8 year old street rescue Louie to grain-free food (tried many brands before I arrived at BFF), and here are some of my observations.<br /><br />Cost<br />All grain free foods costs more for the same reason that grass-fed antibiotic free, free range chicken costs more per lb than a chicken nugget. It's better for your cat! Anyone who has a cat that's on a farm - ever see it eating some of the corn or wheat that spills off of the truck? Never! That is because cats don't eat grains. In cheap cat foods these grains are used as fillers to round out the portions and are not of any nutritional value to the cat. When I went grain free my cat ate much, much less - thereby negating the price difference. I even tested it a couple of times - my 13 lb cat can eat 2 - 3 ounce cans of Fancy Feast in one sitting - but cannot eat a 3.3 ounce can of BFF in one sitting.<br /><br />Another point on cost. If you are the type to take your cat to the vet and take care of it when it is sick, then you save so much money and trouble with foods like this it is crazy. When you hear people talk about diabetic cats, food allergies and all the other assorted sicknesses our animals are getting - most of them come from food. Diabetic cats - did they continuously raid the cookie jar? All the money you think you will save (but are not actually saving) will go to the health care of your pet in later years. Its the same way McDonalds and Denny's don't have to absorb the cost of all the diabetics they helped create - the taxpayers pay for it through Medicare and higher insurance costs 30 or so years down the line (and sooner with all the young diabetics we are creating).<br /><br />Smell<br />Most grain free cat foods smell. EVO stank up the house horribly and I had to move the cat bowl from the kitchen. Minus all the fillers and grains - you are getting an all natural product that is better for your cat because nutrition of the cat is put first.<br /><br />Taste<br />Cat's are notoriously finicky. Most cat foods that have grains and other filler ingredients have to add heavy syrupy mixes to get the cats to eat them. They take corn, wheat, soy, barley and gods know what else, add some vitamins and then add a extremely strong tasty syrupy mix to get the cat to swallow it all. So cats fed this for a period of time get used to it the same way babies get used to sugars in their formula. Then, when you want to give the baby vegetables with no sugar added guess what? Baby rejects them - they want the sugar! Same happens with cats fed with cheap filler foods.<br /><br />Poop<br />When switching to grain free a cats habits and consistency may change. Their digestive system is learning how to digest what it was actually made for. Same thing happens to humans - look up the ""Whole 30"" and see what I mean.<br /><br />Switching to Grain Free<br />Its a process more involved than opening the can and plopping it down. Took me months. Google can help you do it but don't expect to just give this to your cat and have her dive right in thanking you for it. That may happen, but more likely than not you have to mix old and new foods until they are used to it.<br /><br />BFF, EVO, Taste of the Wild.... they are all good brands that will improve the health of your cat. I settled on BFF as my wet food because he loves it. I used to give him EVO wet food and he would eat it but he hated it. I still feed him EVO dry food because he likes it. I tried many brands and did not give up on grain-free food because I cared about my cat. I understood as a street cat for years he was used to eating whatever he could and it all was the cheapest, unhealthiest stuff available given to him by well meaning people. He has improved in every way (coat, activity level, temperament, litter habits, etc..) and now is a healthy and happy cat.",1340150400,5,5
B003OB2H6C,1,Not recommended,"This is essentially a chicken flavored noodle soup, made with little chicken, few vegetables (there are a few peas or pieces of carrots), and long ramen noodles that are difficult to handle in a soup.  It has a high sodium content (1,170 mg), is high in saturated fat (6 grams), and has minor nutritional value.  It can be made of adding hot water, but there are microwave meals available that are better.  The only attractive feature is the low cost.",1316217600,0,0
B000JSOBSU,5,The real British baked beans staple food,"Good vegan-friendly baked beans in a tomato-based, rather than brown sugar and molasses-based, sauce.  Nicely spiced, relatively simple baked beans, the way they were meant to be.  I haven't found a better price for them in America, than Amazon's subscription service by the case.<br /><br />They're less sweet than other kinds, such as the Heinz Vegetarian Beans usually sold in America, and have about 35% fewer calories due to having less sugar.  The can I have lists 90 calories per serving, 3 servings per can.<br /><br />Strange ""how to play with this food"" suggestion:  corrupt your basic beans by adding chunks of green pepper, onion, green olive with pimento and/or (yes, really) radish.  The sauce for these beans works well with all of the above.  I grew up, in the days before ramen, considering a small can of baked beans heated with sliced radishes mixed in, to be an excellent budget dinner.  (Hey, if they work with tacos at Mexican restaurants, WHY NOT with beans?)<br /><br />And yes, they do make a good breakfast, served over toast, perhaps with some sauteed mushroom slices.  As I'm vegan, I've had to be creative at breakfast, when all my friends are eating egg and cheese dishes.<br /><br />Important:  Don't have these in your carry-on when going through an airport gate, no matter how handy of a quick snack they seem to be, with most even being packed with a pull-top lid.  There has been no sadder sight to me than having to head to the gate with my cans of Heinz Beans sitting on top of the x-ray machine as ""confiscated goods"" because of the liquid they contain, ahead of a 20 hour trip. (!)  That said, they work well for train journeys, because they taste nearly as good cold as they do warm, and unlike other kinds of canned beans, don't need to be rinsed before eating.",1224288000,9,10
B0018CLZBW,5,Aboslutely wonderful for my pitbull,"I ordered this after reading a ton of awesome reviews and in hopes that it may hope with my dog, Kitty, a 65 pound, 2 year-old pit bull's recent issues with her skin. It turns out that her problem was in fact due to corn and other fillers used in lesser quality dog foods (in this case, Purina One). Overall, this product alone made it completely worth the cost to subscribe to Amazon Prime for the extremely fast and cheap shipping, so for less money (as Kitty now requires less food, since she's more full from eating less of the higher quality food and we make sure to only feed her what the vet recommends,) I no longer have to drive to the store and pick up a 40 pound bag of dog food and load it into the back of one of my GTIs. So far, Kitty's been gaining weight and muscle at a pretty decent rate, in my opinion. (Over the past 2 months, she's gone from approximately 59 pounds to 67.5 pounds currently, and is quite fit and happy.) All this, is of course in addition to daily exercise, walks, et cetera, but her temperament lately has also been much better. On the lesser quality dog chow, she used to mope around the house every few days, but lately, she's been very happy, energetic and outgoing. She seems to be much less easily stressed out, which is great for her, as she tend to be a bit anxious, although an absolute sweetheart.<br /><br />Bottom Line: I could not recommend this or any other Canidae Dog Food product highly enough. By word of mouth at work alone, I've converted over ten people since switching at the beginning of the year (2011).",1303603200,3,3
B000H23ZE4,5,Buy them when you can!,"These don't stay in stock too long so buy them when they are available.  I waited for a year before Amazon started stocking these.  They are 25% cheaper than the local supermarket.<br /><br />Great quality and not your typical Ramen noodle.  Once you have these, you'll never go back to the 10 for a $1 Ramen noodles (unless you are in college).",1223337600,5,6
B000H23ZE4,3,lots of better ramen out there,"I bought a case after reading all the glowing reviews here. Big disappointment. Sure, it is a little better than the 10 cent supermarket ramen, but not much better for 10 times the price. Frozen ramen from any Asian grocery store costs about the same as this stuff and does taste 10 times better. Korean ramyun (various brands) also costs about the same and tastes much better, especially if you like spicy foods. And of course none of these instant noodles tastes anywhere near as good as the ramen in a half decent Japanese restaurant.",1271462400,11,15
B000H23ZE4,4,"Not just for the dorm, anymore.","Love this brand and flavor of ramen. The upper tier, of this sort of food. I only ding it one star, because I have yet to see it available for Subscribe and Save. Anyways, still a better deal than I can get in the Brick & Mortar stores. So, there's that, I suppose . . .",1309824000,1,1
B000H23ZE4,5,My favorite noodles.,"These are the best ramen noodles you can buy. They are FANTASTIC. I could almost eat them every day. I have been eating them for over 20 years so for me they are totally comfort food. My favorite thing to add to them is an egg. Just crack in an egg while the noodles are cooking. It is also fun to add any leftover meat you have in the fridge, just slice it up and put it on top.",1229904000,1,1
B000H23ZE4,2,Overrated,"Maybe you can call me a Ramen expert..<br /><br />I recommend this ramen if you want to experience a Japanese ramen. It will taste OK for a couple of times, but you will be easily fed up with it. The soup base is too weak and naive. Yea, Japanese ramen is good but what I mean by that is the real ramen you can get in Japan.<br /><br />As to instant ramens, Korean ones are much better.",1277510400,5,7
B000H23ZE4,1,disapointing,"was really looking forward to this shipment--I remember Sapporo from my younger years in San Fran.  Spice packs were everything I remembered and loved but the noodles had a funny ""off"" taste, like the oil they used to fry them was waaaay past prime.  Finally just ripped out the spice packets and used ramen noodles from grocery store.  will not order again.",1265760000,2,3
B000H23ZE4,4,Great ramen,GREAT ramen! Make sure you have a big soup bowl because these noodles are way bigger then most and won't fit into a small bowl. Add some beef or veg to knock it up another notch.,1294790400,0,0
B000H23ZE4,5,Best Ramen Noodles,"This is the best ramen noodles...From the taste to the texture..it's delicious. Follow directions on the package and your on your way to enjoying the best tasting ramen noodles (at least in my opinion:) )..Nothing compared to the other ""cheap"" ramen noodles. THIS IS THE ONLY RAMEN NOODLES I WILL BUY!!!",1294358400,0,0
B000H23ZE4,4,Versatile,"I love ramen noodles, from boyhood to my late twenties.  I love adding veggies to the mix and makes for an easy lunch or quick and dirty dinner.  Try throwing a couple hot dogs in as well, you won't regret it. :P",1282262400,0,0
B000H23ZE4,5,The soup base is key to this ramen!,"I prepare this ramen like most of you except I drain the 2 cups of water the noodles are boiling in. I prepare another pot that heats up the soup separately and after draining the noodles (because the water gets starchy and the soup has a cloudy look to it) I pour the soup over the noodles with bean sprouts, chinese red pork (char siu)or left over beef steak or spam cut up into bits that will fit on my chinese soup spoon. Bits of spam is one of my favorite meats to eat with because its saltiness gives the soup base another dynamic flavor along with Tobasco Sauce. When eaten with chinese red pork there's another tasty dimension and leftover steak (usually NY or rib eye) makes for a hefty beefy brothy change. Sprinkle fresh cut green onions and I don't know how you can go to a Pho' shop. When I use the chinese red pork I keep it out of the soup till it is joined with the noodles otherwise your broth turns a not so appetizing red. Snap peas, bean sprout, cabbage and any of your other crunchy vegetables will make this dish fit for a King.<br />  One improvement I wish Sapporo Ichiban would make is: add about 10-20% more noodles. 2 packages is a bit more than my bowl or my stomach can take but I find myself running out of noodles and the meat, vegetables and broth populate the bottom of the bowl.<br />  I've been having this for breakfast every day during a work week for the past 3 years I believe and wonder when I'll break this culinary habit. I've alternated my meats and vegetables around this Ichiban dish which probably has me thinking that I'm getting a variety making my obsession last this long. I guess the change to french toast and bacon on the weekends has helped.<br />  Of course, you know that in Hawaii it is called Saimin. After a high school game, dance or event we would head over to the Saimin House in Kalihi and along with Teriyaki sticks would wolf down a large bowl. Of course now its a Pho' shop that we eat noodles at huh? Sorry it isn't the same.",1260489600,3,5
B000H23ZE4,5,Simply the Best!!!,"These to Me Are Simply the Best,With cabbage..without..With louisiana hot sauce,crushed red pepper,Green onions,soy sauce,not all at once just one at a time ..cause i like to mix it up a bit.The taste is out of this world!been eating this brand since i can remember.Amazon Rocks for selling these by the box,Versus a dollar or more per package at the local grocery or asian markets here in new mexico.I thinks i have struck me some Ramen Gold!!!",1250726400,1,2
B000H23ZE4,5,"Love these noodles.  I'm using the word ""love"" here.","I've lost track of how many of these packages I've eaten in my lifetime.  Mom would make these for us for lunch as kids growing up, sometimes embellishing them with chopped green onions, soy sauce, or bits of cooked egg.  Quick and tasty, and well worth the small premium over other ramens.<br /><br />They're hard to find where I love, so I was delighted to see them on Amazon AND Prime-eligible.",1262563200,0,1
B000H23ZE4,5,The best basic ramen noodle out there,"Nearly every day for my work lunch, I eat 1/3 of a ramen noodle packet, embellished with some leftover grilled meat and tons of vegetables from home.  I've tried dozens of different brands/styles and this is my hands-down favorite.  The broth is tasty but interesting and not too chemical-tasting (I usually use about twice to three times the amount of water called for and it's still fine, given my additions).  And the noodles cook up with a nice bite and aren't at all mushy.<br /><br />I've already gone through a whole case and am ordering my second.  The price at amazon is the best I've seen.",1261958400,0,1
B000H23ZE4,5,Love them.,I don't usually eat cauliflower or broccoli but when i add them to this ramen they taste AMAZING! I think its the little seasoning pouch. highly recommended.,1260316800,0,1
B000H23ZE4,4,Made in USA!,"I personally didn't like this flavor but I like this brand because it is made in the USA. I sometimes worry about food products made in China (chemicals, poor packaging, poor quality, etc).<br /><br />The fact that these ramen noodles are made in the USA is a plus as far as I'm concerned. Further, these have more noodles than other brands so while they are a bit more expensive that what I can find in my local store, it's probably worth it.<br /><br />I would give these 5 stars if they were as cheap as what is in the stores.",1239321600,6,13
B0025U8ILG,4,Can't beat this for convenience if you have teens,"I'm embarrassed a bit by how much of this we use since pizza sauce is so easy to make. I have some pretty serious back issues though and can't always cook for my family the way I'd like to.<br />This is just a wonderful thing if you have kids. My children are teens now, and they use this in ramen, omelets, sandwiches and burgers. It's a bit high sodium, but for lunches on weekends I don't mind it. The flavor is not sweet like some pizza and spaghetti sauces can be and the herbs they use to season it work very well. It's an absolutely consistent product.<br />If you're worried about the sodium, after the bottle is partly empty, pour in some plain tomato sauce and shake it up well.<br />My daughter's favorite omelets are made with this, pepperoni, mozzarella cheese and tomatoes. My son loves the same thing but adds mushrooms to his.",1273622400,0,0
B0072DGGEW,5,Excellent!,"Absolutely delicious, light, gluten-free, low calorie, inexpensive lunch! I am on a perpetual diet, and nothing has made me happier than this soup. I like ramen soup, but the problem with regular Maruchan ramen is that it has msg and wheat (gluten) and also twice the sodium per packet and its preserved with TBHQ. All of which is bad for me. Also ramen is fried, these rice noodles are steam cooked, not fried. Best of all, if you get these from Amazon, they cost almost half the price compared to the supermarket. I mean the supermarket price was reasonble, but Amazon is Great!",1346889600,0,0
B00886M8IA,5,"yummy spicy, somewhat sweet and tasty ramen noodles.","The BBQ Chicken Mi Goreng flavor packs on the heat...and just right for those who like their food on the intense side. It has lots of packets of flavor including a spicy chili oil and soy sauce and some msg-powdered seasoning and hot chili powder and even dehydrated fried onions as garnish.<br /><br />It is subtly sweet and the spicy-heat just hits you in every bite and the flavors all merge into deliciousness. This is a flavor unlike any asian bistro cooking, and yet, it's so-oooooooooooo so, so good.<br /><br />I must admit that I have often wanted to find other flavors that were just as tasty and spicy and have only found 1 that is nearly as tasty but it's not a similar sweet-n-hot-savory, it's got heat but it's very different. (see my other ramen noodle review)",1350777600,0,0
B001ANXX8W,5,tastes like melted vanilla ice cream,"absolutely the best tasting ready to drink protein drink i have found.  the negative review said that they received a bad (separated) product.  This has happened to me too.  After all, it is protein - and if it gets too hot - (like when the delivery people leave it in the hot Sacramento sun in the summer) - it will clot.  I just called the company and they shipped out a replacement order.....no problem<br />Or, like the reviewer said.... just order the powdered version.",1310688000,0,0
B002O1143K,1,Tastes awful,"I received a full set (unlike one reviewer) but almost wish I hadn't since this chocolate tasted gross. It isn't spoiled or stale or anything, I just thought the flavors were horrible. And I ordered 2 other flavors of Komforte Chocolates (ramen & french toast) which I thought were pretty good & interesting. I don't usually write Amazon reviews, but I was so disappointed with this chocolate (that currently has 2 stellar reviews) that I felt compelled to give another opinion and warn unsuspecting buyers.",1306022400,0,1
B005GX55HO,2,Ugh.,"I'm not vegan or vegetarian, but I don't have an issue eating vegan friendly foods. I picked up the Dr. McDougall's Miso Ramen because it's somewhat low in sodium. I don't know if it's the lack of sodium, or just the product in general, but this really isn't very tasty. Eatable, yes, but I'm not going to order/eat more.",1325721600,1,2
B005TY26Q8,5,Gluten free snacking heaven,"The large bags of Gluten free pretzels tend to get stale before I can finish them (well, really before I ALLOW myself to finish them), so I was delighted to find these small portions at a gluten free shop in Sacramento.  I was delighted to see that Amazon carries them also -- as I was only in Sacramento for business.  They are every bit as good as a regular pretzel, if not even better.  The small bag is great to have in my briefcase for between meals and really helps with portion control.",1349654400,0,0
B001PLPARG,5,Best hot sauce I have ever tasted,"I was introduced to this sauce by my friend's father who brought it back from Belize. We sprinkled it on some bland, grilled chicken breast and I was blown away by the difference it made. When another friend told me he was going on vacation in Belize, I insisted that he bring me back an entire crate of this stuff. It is perfectly balanced in heat, flavor, and saltiness. I've put it on eggs, pho, ramen, pasta, pizza, chicken, rice, burritos, you name it. You can never go back to Frank's Red Hot after tasting this. The only downside is it is quite expensive for a simple hot sauce. The average person might not be able to justify paying so much for hot sauce, but to a connoisseur it is well worth it.",1307664000,1,1
B004LL7C3M,5,Delicious alternative to traditional fried ramen noodles,"After being somewhat disappointed with the ""Spring vegetable"" version of this soup line from Annie Chun's, I was expecting more of the same with this flavor - but boy, was I pleasantly surprised! The soup base is a delicious and savory broth which is not spicy, and the noodles are not fried unlike traditional ramen noodles. They come vacuum sealed and already cooked, and its easy to prepare. It comes with a sauce packet and the noodle packet. The noodles are a perfect consistency in my opinion.<br /><br />This is an excellent alternative to regular ramen, is very low in fat, and the sodium content is still less then many soups and a lot less then many of the prepackaged ramen noodles out there. (41% of your daily sodium, which for any prepackaged soup or meal is very reasonable) This version is not vegetarian unlike the vegetable flavor, and the flavor really shines through. Its a mix of pork, chicken, and oyster stock and its excellent. Dont be scared of the oyster - it has no fishy flavor or scent to it whatsoever. It tastes largely like a soy sauce base and somewhat similar to the Udon soup bowl, but better in my opinion.<br /><br />Adding some scallions, vegetables and some tofu or meat to this soup would make it more filling and very delicious. A dash of chili powder or hot sauce would be nice too.<br /><br />Regarding the price, id say each one is probably not worth more then $1.75 a piece. I saw it on amazon on sale at 80 cents each which was a great deal. Some of the third party sellers really overcharge for this stuff so keep an eye out at your local grocery store, or maybe amazon will keep them in stock at a reasonable price.<br /><br />5/5 stars!<br /><br />Ingredients:<br /><br />NOODLES: WATER, WHEAT FLOUR, TAPIOCA STARCH, SALT, WHEAT GLUTEN, LACTIC ACID, ACETIC ACID, RIBOFLAVIN (VITAMIN B2), SOUP BASE: CONCENTRATED PORK STOCK (PORK STOCK, SALT), NATURALLY BREWED SOY SAUCE (WATER, WHEAT, SOYBEANS, SALT), WATER, CANE SYRUP*, CONCENTRATED CHICKEN STOCK (CHICKEN STOCK, SALT), CORN STARCH, GINGER (GINGER, WATER, CITRIC ACID), SHIITAKE MUSHROOM POWDER (SHIITAKE MUSHROOM, DEXTRIN, SALT, WHEAT FLOUR, YEAST EXTRACT), YEAST EXTRACT, SALT, GINGER*, GARLIC*, ONION*, OYSTER EXTRACT POWDER (OYSTERS, MALTODEXTRIN, SALT, SUGAR, SOY SAUCE [FERMENTED SOYBEANS, WHEAT, SALT]), WHITE PEPPER. *DEHYDRATED<br /><br />PRODUCT MANUFACTURED IN A FACILITY THAT USES, SOY, MILK, PEANUTS, TREE NUTS, EGGS, FISH AND SHELLFISH.  STORE IN A COOL DRY PLACE. AVOID DIRECT SUNLIGHT.<br /><br />PRODUCT OF THE USA<br />Nutrition Facts<br />Servings Per Container About 1<br />Amount Per Serving<br />Calories 230  Calories from Fat 5<br />%Daily Value*<br />Total Fat  0.5g  1%<br />  Saturated Fat  0g  0%<br />  Trans Fat  0g<br />Cholesterol  0mg  0%<br />Sodium  1000mg  42%<br />Total Carbohydrates  45g  15%<br />  Dietary Fiber  1g  4%<br />  Sugars less than  1g<br />Protein  12g<br />Vitamin A 0%  Vitamin C 0%<br />Calcium 2%  Iron 15%<br />*Percentage Daily Values based on a 2,000 calorie diet.",1314921600,2,2
B001RN8HRW,4,Mmmm,"This ramen reminded me of the Nong Shim Seafood ramen somewhat. It's not to spicy and the seaweed does not dominate like it does in the nong shim seafood ramen. The cup is larger than a typical ramen bowl and is plenty for an entire meal. I'm not sure if it is just me..but i really didn't taste any ""Lobster"" flavor. All in all its a good ramen that is not too overbearing.",1277683200,0,0
B001E5DZIY,5,My Favorite Veggie Boullion,"I'm vegan and like to make soup. I've tried a lot of veggie broths and boullions, including making my own from scratch. This is my go-to seasoning. In addition to homemade soups, I've used it to flavor ramen and as a base for vegan gravy. Even my carnivorous husband and kids like this.",1310169600,0,0
B0041CIR62,4,"Good texture and taste, hard to handle","Having once lived in Japan for almost ten years, I'm a bit of a noodle freak. Ramen, soba, rice, glass, pasta, every kind of noodle is my friend. These noodles looked to be a promising candidate to join my circle of noodle friends. Unfortunately, these were a bit harder to get to know than most noodles.<br /><br />First of all, there is nothing on the package that tells you how to cook the noodles. There is an unhelpful (but critical) suggestion to soak the noodles in water for one minute (to soften them up), followed by two recipes. I'm assuming the recipes are a good way to enjoy the noodles (I didn't try them, however), but I just wanted to add them to some chicken soup I'd made. After soaking the noodles, I noticed that they had not gotten noticeably softer, and they were still quite bland. I decided to put them in a fry pan with some butter, and that did the trick. They softened up nicely as they absorbed the oil, and they were quite tasty after that. They were great in the soup, too. So with the preparation mystery solved, my second complaint is that the noodles are dry and very fragile coming out of the bag, and it was next to impossible to pull off a reasonable sized portion from the massive woven nest of noodles. Attempts at breaking them by hand ended with a flurry of noodle fragments all over the counter and floor (and probably the bottom of the bag of noodles, too). Same result with a knife. I suppose you could crush the bag before opening it to break up the noodles, but then where's the fun of the long, slender, slurpable noodle? I suffered through carefully pulling them apart and brushing the fragments into the pan to cook (and vacuuming the rest off the floor). But I say again, these were delicious noodles.<br /><br />So here's what you've got: very tasty noodles with great texture and flavor that require experimentation to figure out how to cook and that make a mess during preparation (unless you plan to eat the whole bag all at once). I'll sum them up as ""clumsily delicious"" and worth three and a half, okay four, stars.",1328745600,0,1
B0041CIR62,5,"Easy, Fast, And Delicious","To be honest, most gluten free pastas that I've purchased have been a huge disappointment.  Every time I hear about a new one, I give it a try and and accept the fact that I am doomed to be disappointed.  Imagine my surprise to get this product and find that it is easy to use and tastes delicious.  I can't claim that it tastes like wheat pasta, because it has been so long since I have eaten any wheat, that I no longer know what it tastes like.  What I can say is that this is very good, easy to prepare, and that I have finally found a gluten free pasta that I actually like.  It is not the least bit like cardboard, but is a soft tender noodle with a remarkably good flavor and texture.  It isn't too soft and it isn't too hard, it is just perfect.  Almost better than the taste, is the ease of preparation.  Soak the noodles in warm water for a minute, and you are good to go.  The first night I used it, I was in a tearing hurry as usual and I used it for a quick spaghetti meal.  Good as it is, the vermicelli was not the best choice for spaghetti!  It held up well to the heavy sauce, and to reheating in the microwave the next day, but it was a little too thin for that particular use.  On my next attempt, I put some in miso broth, and it was delicious.  Finally, an alternative to ramen noodles!  Not only was it perfect for a light soup with the addition of a few shiitake mushrooms, but it was wonderful in an Asian salad that I made. Amazon also carries the spaghetti, which I am planning to order, and I hope that there are more varieties in the future.  For me, this was perfect, and I have no complaints.  I would definitely use this again.",1328227200,0,1
B0041CIR62,5,Cook up well; versatile,"Due to a severe wheat allergy, I only eat rice pasta, and have tried many varieties and brands. Vermicelli style is my favorite since it's so versatile and can be used in many recipes as a substitute for wheat noodles. It works as a stand-in for ramen noodles, in chicken noodle soup, as spaghetti, and a side dish. These heat up when used as noodles quite quickly--within about two minutes in boiling water, although they can stay in longer for softer noodles. Some rice pasta sheds severely when cooked in this method, leaving the cooking broth cloudy and opaque-looking. I haven't had that problem with this brand.<br /><br />Aside from cooking them in boiling water for use as noodles, I also have tried them with a traditional vermicelli recipe. When used for vermicelli, the instructions state to soak them in water first.<br /><br />As for flavor, these are really mild and not overpowering, as some gluten-free pastas can be, and absorb flavorings well. They also stick together very nicely for not containing binders like eggs and gluten. This brand ties with my favorite!",1327708800,0,1
B0041CIR62,4,"Delicious, gluten free noodles","I couldn't wait to try these noodles. My physician recommended that I adopt a wheat free, gluten free diet to reduce inflammation. It seemed to me that everything I ate contained wheat, and I was concerned about finding delicious, wheat free, gluten free foods.  These brown rice noodles are just what I was looking for.  These noodles are as easy to cook as ramen noodles, but so much more tasty.  I used it in chicken broth with mushrooms, bean sprouts, and tofu.  Delicious.  You will like these.",1327536000,0,1
B0041CIR62,2,Quick but more processed and less tasty than other forms of brown rice,"I ordered this because I like whole grains and brown rice, but now that I've tried it out it strikes me more as a fairly highly processed food. On the plus side it's convenient, made from brown rice, super quick to prepare, and versatile enough to be used with either Asian or Italian-style sauces, which supply most of the flavor to what you eat. On the minus side, anything you can cook like this in almost no time has been altered--or processed--significantly from its original whole-grain state and consequently will tend to have a higher glycemic index, fewer nutrients, and less taste. It's like the difference between brown rice and brown Minute Rice or old-fashioned oats and instant oatmeal.<br /><br />These noodles are so bland, air-spun, and taste-free that they hardly seemed like real food to me. I also didn't like that they're not organic and come from Singapore as I'd rather eat American-grown food for environmental, nutritional, and economic reasons. I doubt I'll be ordering them again, though they're probably healthier than most white flour ramen-type products and certainly convenient to use.",1327363200,0,1
B0041CIR62,5,Great gluten-free product and super-fast cooking!,"I am gluten intolerant, but have not taken to most gluten-free pastas. I have several boxes of rice spaghetti that I just can't manage to eat because it is so underwhelming. The rice pastas I've tried fall apart when cooked; you need to watch them especially carefully, and even if you get them off the heat at the right time, they aren't great leftovers. Like soy milk or turkey bacon, rice pasta is usually entirely disappointing if you are expecting the ""real thing"".<br /><br />What I love most about the Peacock Brown Rice Vermicelli is that it does not fall apart. This is not just a function of not boiling it (though that's excellent); I think it's something about how it's made as well. It has substance.<br /><br />Update:<br />The cooking instructions on the bag are feeble. Here's what I suggest most people do:<br />1. Boil water and add salt, as you normally would with pasta. 4 quarts is probably about the right size, though I use a 6-quart pot as my generic pasta pot, so that's what I used.<br />2. Add the noodles; stir.<br />3. You can even turn the heat off at that point, though you can also wait a minute or two with the heat on. Do not leave them soaking in water for too long; rice pasta tends to dissolve. (I have not tried this with these particular noodles yet.) Two or three minutes is all you need for the cooking time.<br /><br />They are really great noodles.<br /><br />Here's the rest of my original review:<br />I cooked my sample package in the microwave with chicken broth. Cook a minute, stir, repeat. (This could be more streamlined, but I was trying to maintain a high noodle to broth ratio, thus the need to keep the noodle moist in not really enough broth.) I added salt, pepper, and parmesan, but of course there are many options once you have the substrate.<br /><br />Pros:<br />1. Can cook in liquid in a microwave, almost like ramen (not quite that easily). Or just soften in a bowl of water to be cooked with other things in a frying pan, as per the directions.<br />2. Maintains its structure, even as leftovers<br /><br />Cons:<br />1. I agree with others that it doesn't have much flavor, but I think that's if you compare it to wheat pasta, and if you are gluten intolerant, that's not an option. Update! I think it's because of the salt. When most of us cook pasta, we put salt in the water, and the cooking methods suggested on the package do not add salt.<br /><br />Other:<br />1. These are much finer noodles than what I think of as vermicelli, finer than angel hair. Which is great in that it enables the no-heat softening. So this is just a heads up in case you're expecting noodles that are a bit thicker than a spaghetti.<br /><br />Alternative product:<br />I just tried notta pasta vermicelli, and it's also good, but different. <a href=""http://www.amazon.com/gp/product/B004I5MAB0"">Notta Pasta Rice Vermicelli, 8.8-Ounce Boxes (Pack of 6)</a> It's not made from brown rice, it's a larger package (despite the weights, it makes about twice as much as this, though the overall price/meal is comparable, I think. The notta pasta has you boil it for 2-3 minutes and that worked well. The notta also comes in boxes, not bags, so it seems to stay in tact in the package better. But the box is surprisingly hard to open.<br /><br />I am going to try Peacock again, and try boiling it. (Which worked, see above.)<br /><br />I am now getting the Peacock via subscribe and save, and very happy with that.",1327363200,0,1
B0041CIR62,4,Great for fast meals,"To prepare these, I soak them for 3-4 minutes in hot water. Then drain the noodles before sauteing them.<br /><br />My family loves them. They are nearly as quick as ramen and we like the texture and flavor a lot more. I sauteed them in olive oil with canned chicken breast, lots of garlic and some oregano and served them with cheese. The packages say 3.5 servings, but that worked out to 4 lunch sized portions.<br /><br />Pros and Cons, some of what is a pro for my family may be a con for other families and people:<br />Little flavor- also a con, they pick up other flavors very well. They do need other flavors though because they are very bland on their own.<br />Fast- Really fast. Using cooked shrimp, or other cooked meat and frozen small veggies like peas, you could have a meal ready in under 10 minutes.<br />Size- also a con, if you have a family of 4, one package is just enough noodles. If you're only cooking for yourself, or for a couple, it may be too much, and it doesn't break down easily into smaller amounts. They don't keep well once ""cooked"".<br /><br />We don't have gluten-restricted dietary concerns in my family, but these are gluten free if that is an issue. The picky eater in our family declared these were delicious.<br />Tomorrow I plan to try them with shrimp, temari, garlic, ginger and mushrooms. I can see these being the base for a lot of quick meals.",1332201600,1,1
B0041CIR62,3,"Tastes vaguely of cardboard, and the noodles went soggy fast","First off, these are skinny, skinny noodles, more slender than normal wheat vermicelli, and as such much more delicate. The bag they came in did nothing to keep them from shattering in shipping, and every time I picked up the package I felt like I was breaking them more.<br /><br />Definitely read the directions when you go to prepare them. They say to soak for one minute and then basically just heat them up in whatever dish you're making. They need pretty much zero cooking, so would be great for making fast or on-the-go meals.<br /><br />But for dinners where you are home and happy to wait, other rice noodles are better. These have a slightly dingy flavor, probably from the fact that they're made of brown rice, and get soggy and pasty super fast. They ended up soaking up so much water that they tasted watery and made my Asian-inspired sauce taste bland. I'm used to cooking Asian rice noodles since we try to eat gluten-free, and while these aren't the worst I have tried, I'd prefer most brands over this one.<br /><br />I'll give it three stars for the fact that if I were to make my own instant ramen to take somewhere, this would def. be the brand I'd choose as they don't really need to cook like other brands do.",1334707200,0,0
B001KUWEMQ,5,"Affordable, Great Discount w/Autoship & Free Ship!","Go to the Natural Value website and read about the Sacramento California company and you'll feel even more confident about the quality of their products and the company's beliefs, especially in fair trade. All the pet food cans are BPA-free now as well. I literally have offered every high-end quality wet or dry cat food available to my semi-feral cat, even raw. It doesn't matter how good it is for your pet if your pet won't eat it. My cat will eat every bit of this brand and flavor as well as the chicken/tuna combination. Her fur is glossy and her eyes bright. I particularly like that even after half of the can is refrigerated it stirs to a smooth consistency immediately and effortlessly. Few if any of the online pet suppliers offer free shipping except as a promotion with the price per can the highest they can mark-up. I appreciate the discount with and convenience of autoship which can be changed at any time. I don't have to keep track or run back out because I forgot and best of all I do not have to lug heavy cans anywhere except into the apartment.",1350604800,0,0
B004TDTZEG,5,Good Snack,I love Polar canned herring - they're cheap and great out of the can (I usually wash it really fast with hot water since the sauce is pretty heavy if you don't pair it with anything) or with instant noodles. The only problem is that the hot tomato sauce is not spicy at all! However paired with any spicy noodle soup and an egg and it makes a great meal.,1332979200,1,1
B0014EW5MW,5,TASTES GREAT!,"This Healthy Request version of Chunky Chicken Noodle is delicious. It tastes the same as the regular version, which isn't true of all of the varities of Healthy Request soup.<br /><br /> Before I start to warm the soup. I add a package of Ramen noodles, without the flavoring packet. The Ramen noodles absorb the chicken flavor of the liquid for a great taste. And makes for an inexpensive, and filling, complete meal that is quick and easy to prepare. With much less salt than the regular version.",1302048000,3,4
B0007A0AQM,5,Little doggie attention magnets!,"I am a trainer at a local no-kill shelter.  I work with all different types and temperaments of dog, and the only common denominator is that I need their undivided attention and a reward they'll do almost anything for.  Plus, being a wide population, I needed something with a simple ingredient list (so as to avoid digestive issues).  THIS IS THE TREAT!  I am a huge fan of Zuke's already, but was dubious as to whether or not one type of treat would suit the tastes of so many different dogs.  The chicken flavor has yet to fail me.<br /><br />Low-calorie, a universally appealing flavor and the perfect training size.  Bonus for trainers: they don't smell half bad!  However, their scent is still strong enough to work as a puzzle toy filler, a Kong filling, for tracking or scent games or to just grab focus from an enticing squirrel. ;)<br /><br />Even previously feral and non-treat-motivated dogs seem quite happy that I bring these.  Highly recommend.",1328140800,0,0
B0018AIZKS,5,Very tasty,"My mom loved iced coffee.  Living in Sacramento, hot coffee just isn't appealing when its 110 outside.  But you want your coffee fix.  So, she brewed up a whole pot of coffee using the 60s version of the coffee maker, the percolator coffee maker.  The coffee wasn't that good, but you could make a lot of it, and then refrigerate it, pour it over ice, and sweeten and cream it to taste.  Yumm!<br /><br />Starbucks makes it easier.  You just purchase the Frappuccino Mocha, pop it into the refrigerator, let it cool down, pour it over ice, and you have delicious iced coffee, sweetened and creamed just how I like it.<br /><br />What's not to like?  It is expensive.  But I suppose when you add in the cost of the half-n-half, the coffee, the sugar, and the time to make it, it's not that bad.  It's really more of an indulgence than a necessity.  I like to have a couple of bottles in the 'fridge during the summer, for those times when I want something cold to drink, but don't want to have a soft drink.  Iced coffee sometimes is just what you want.<br /><br />Moderately Highly Recommended.  Five stars for taste, five stars for the convenience, three stars for the price.  Over-all, a winner.",1278115200,1,1
B000LQORJS,5,Shin Ramen punches the faces off of hangovers.,"Shin Ramen is by no means a healthy snack. For those without a degree in Food Science (with an emphasis in Junk), I'll summarize the ingredients for you:<br />1. Salt<br />2. Spicey<br />3. Freeze dried vegetables, etc.<br />4. More salt<br />5. Noodles<br />6. MOAR SALT<br />7. MOAR SPICEY<br /><br />Why then would a competing combat athlete and full-time professional such as myself subject their body to the gauntlet of toxins that this delectable soup has to offer? Well, dear reader, this competing combat athlete and full-time professional fancies himself an alcoholic beverage to take the edge of the next 14 alcoholic beverages. You see, I am also a competing combat boozer and although I am Terminator in most regards, even the mightiest of us fall - and how hard do we fall.<br /><br />Now, one could drink water and tea, rehydrate and re-electrolite'ilyze themselves back to health, but that takes too long. Sometimes a dedicated combat boozer has to go all Barry Bonds and take that ""vitamin b shot"" that makes them hit the ball farther and run faster even though they're ten years older. In this case, Shin Ramen would be the dodgey supplement in question and I recommend the bowl because if you drink like I drink, you will be in no mood to muss with a bag and will want to get directly to fighting past regretting every decision you made for the past 18 hours, which is nearly impossible to do with your gut threatening to evacuate your body through your mouth.",1311465600,15,18
B000LQORJS,4,"Tasty, Easy to Make Treat","I used to buy these years ago in packet form from an Asian grocery store near Cincinnati and couldn't find them when I moved away.  They are a proper-sized meal, very tasty (and spicy) and just need hot water.  They are quite hot (spicy) and a bit salty:  you can tone it all down by just using less of the included flavor packet.  I like to add some pouch-salmon, tuna, or some sliced hard-boiled egg to make a very nice lunch or dinner.  These are great for traveling or a quick and easy meal with no cleanup.  Cheap too!  These are in no way like the grocery store Top Ramen or Ichiban, these are the real deal.",1202169600,7,8
B000LQORJS,5,Best Instant Ramen,"This is the best instant ramen (or ramyun, as this is spicy Korean style ramen with a beef broth) I have had. It is great for a quick meal, and the big bowl is certainly filling.",1256256000,4,4
B000LQORJS,5,Damn these soups are good,Yes they are. These are damn good. I love spicy food. If you don't stay away.<br /><br />These soups are so flavorful. Yeah they cost more than those ramen bag soups but these are quality. And the cups are BIG. Just don't eat too much of this stuff..it can be addicting ...and of course like pretty much all soups...these have MSG. So try not to eat too many of these aday. But either way this is good stuff,1251763200,4,4
B000LQORJS,4,Tastes different from the Shin Ramyun Bags,"Very good instant noodle. Tasty with some mushroom flavor. But the flavor isn't the same as the Shin Ramyun noodles that come in the bags. This bowl tastes more like the other Nong Shim bowls (kimchee, etc)...something about the bowl noodles from nong shim...they all taste similar.<br />My fav instant noodle is the bagged Shin Ramyun.",1245542400,6,7
B000LQORJS,5,A spicy meal or a large snack.,"Shin Ramen is one of the most popular in the world for good reason.  They contain a very tasty broth mix and dried vegetables.  These spicy bowls come packed with the same contents of the Shin Ramen bags with the convenient instant bowls.  The sodium content in this as well as other imported ramens is high but it isn't as noticable in flavor as it is in the American store bought counterparts(Top Ramen, Maruchan, Smack etc...)",1229299200,3,3
B000LQORJS,5,Best instant noodles I have ever had.,"Ok for all you ramen noodle lovers out there these are a must try. I must warn you these are spicy. And as with all ramen they are very high in sodium. These are good by themselves or add some pork, beef, or egg and they are even better. A must try.",1208217600,5,6
B000LQORJS,5,BIGGEST bowl of BEEF flavored noodles!,"Korean style, so I assumed (falsely) that these noodles were VEGETARIAN. Who knows what I was thinking? Anyway, this is a BIG (4 oz) bowl of spicy BEEF flavored noodles. Very yummy, but really is spicy with the whole ""soup base"" flavoring packet. Maybe, as others have said, go easy on the flavoring packet at first til you know what you're getting into? All the flavor is in the packet (spice isn't separate) so it's tricky. These are ramen style noodles, too, so high in fat, since ramen noodles are FRIED. What you get, tho, is a BIG hearty-appetite size MEAL in a convenient take-anywhere bowl. Per bowl: 480 calories, 14 grams FAT, 2600 mg SODIUM, 78 carbs, 4 grams fiber, 10 grams protein. (26% of calories from fat.) Made in the USA,",1278633600,2,2
B000LQORJS,3,Shin Bib Bowl Soup,"This product is like a cousin of the famous college era ramen noodles.  The seasoning packet is spicy so if you don't care for a hot tongue, it would pay you to only use half of the powder or eliminate it altogether.  Also, since it is in it's own container, it is easy to add cooked vegetables and/or meat to make it a more robust meal.",1253923200,2,2
B000LQORJS,5,My favorite instant noodles,"This is by far my favorite instant noodles.  If you like spicy-hot food, you'll love this!  It's very spicy, even surprisingly so.  These bowls are big portions, too.",1228176000,2,2
B000LQORJS,4,Good Value - Plenty of Food for a Quick Snack,"This is a very good deal.  Lots of noodles - you get the equivalent of about 1.5 of those ramen noodle packages plus vegetables.<br /><br />I only use about a quarter of the seasoning packet though, any more and I get dehydrated.<br /><br />Overall - a good deal and recommended over cup-o-noodles and the other soup in a bowl products.",1245542400,4,5
B000LQORJS,5,Yummy and NO MSG!!,"This is one of the best instant ramen-bowls.<br />Great late night snack (N.B. cures hangovers), satisfies your hot & spicy cravings, is super fun to eat on camping and ski trips, and it has no MSG. (SO AWESOME.)<br />That said, beware the sodium content. Consuming the entire soup is an automatic 90% DV sodium intake. And honestly, you really don't need to use the whole packet to get the spice-kick and flavoring. Start with just half (or less, even!) and find your level of satisfaction.",1341532800,0,0
B000LQORJS,1,Won't buy again,"This is ramen noodles in a big styrofoam cup, with a little sprinkle of dried vegetables, and a packet of seasoning. The seasoning is very hot and VERY salty. Not worth it, in my family's opinion. Better to buy simple ramen.",1238457600,0,16
B000LQORJS,1,Loaded with MSG and preservatives!,"These instant noodles, made in South Korea, are loaded with MSG and preservatives. They don't taste good, either. If you want instant noodles, stick with made-in-USA brands.",1224288000,0,28
B000LQORIY,4,Not bad,"I bought this because I was curious about what a lobster flavored noodle would actually taste like. I figured it'd probably taste like spicy seafood, which is pretty good, so I gave it a go.<br /><br />It's not very spicy, especially compared to all the other spicy flavors Nong Shim offers. The original flavor is super spicy compared to this. I also really like the ""hot and spicy"" flavor, which is one of my staples (and favorites). The ""kimchi"" flavor is better than this (and it's also slightly spicier). I also have the ""neoguri spicy seafood"" flavor which is another one of my favorites and much better than this as well. Even the regular Nong Shim ""seafood"" flavor (that's not labeled spicy) is spicier than this for some reason. I was a college student once and ate lots of Nong Shim noodles (I still do, but not as much)....<br /><br />Basically, this was kind of a disappointment based on my expectations from the name of the product. It's not bad, but it's one of the less tasty flavors. It's nothing special or distinctive. The ingredients actually listed crab flavoring but not lobster flavoring, which I don't really care about as long as it tastes good. I still give this 4 stars because it's better than many many instant noodles from other companies. Nong Shim tends to get it right and this noodle pales only in comparison to other Nong Shim flavors.",1289347200,0,0
B000HQNE2S,5,Food Critics Abound,"This is a quick and easy instant soup mix that has some kick to it.<br />No, it's not Chinese restaurant-style, but more like a Ramen type broth with some veggies and tofu included. It's easy to make in the hotel room, or out backpacking. It hits the spot for me when I want something hot, spicy and speedy.<br />Not all hot and sour soups are equal, but this is an acceptable rendition. I think that I'll go buy more and include this soup in my quick meal repertoire.",1298073600,0,0
B002JLT5LI,5,These are wonderful!,"I keep them in my drawer at work also, for snacking on.  They are also awesome thrown into ramen noodles, or cup a soup.  I use the straight hot veggies, because I like it spicy.  Ok, I usually throw some red pepper flakes in my soup as well!  I highly recommend this product.",1327622400,0,0
B003OB69PC,3,Decent noodles if you can find them at a much better price. I can find gourmet noodles in this cost range.,"These noodles are a decent find, but don't overpay for them. Currently priced at 17 USD / 12pk, with the ramen at 15 USD / 12pk, I can get the same product in the same exact format in the price range of 2-4 USD, even at WalMart, where prices are not that competitive. The same goes for all the maruchan instant soups and noodles on this site currently. Wait until the price becomes reasonable, then stock up, otherwise buy elsewhere. Don't be insane and pay what I can get a decent dinner for, for a small package of instant noodles.",1338422400,0,0
B000J2TID4,1,Just awful,"This barely qualifies as food. It's a little plastic bag of dried corn, a few little pieces of dried potato and some spice reminiscent of what you'd find in a 10 cent pack of ramen. Add water and you've got yourself spicy corn water. Honestly, who are these other reviewers?<br /><br />Just awful. I'm throwing the rest out, what a waste of time and money.",1291161600,1,4
B0005ZUG86,5,Delicious!,"I absolutely love this sauce. The flavor goes well with pretty much ANY dish (pizza, meat, potatoes, seafood, chicken, stir fries, rice, ramen.. you name it!) The local grocery store no longer carries it, so I'm looking online to restock. The $9.25 listed price as i write this review is WAY too high, (2-3 bucks for the 5 oz bottle is about fair), so I'll look elsewhere to purchase it.<br />The color of the sauce is very appetizing. The heat is pretty mild (half the heat of Sriracha, maybe?!), but a completely different (and arguably better) flavor profile. Some reviewers have noted a sweet/sour profile, and I would definitely vouch for that. It provides a ton of flavor in the foods to which it is added, but it doesn't overpower.<br />I have a much higher tolerance for heat than any of my friends, but never have i hesitated to suggest they try this. I've recommended this sauce to a number of friends and they're all addicted (when the grocery store had a closeout sale of the remaining bottles, one buddy bought 8!).<br />I can't wait to get some more of this stuff!",1323216000,0,0
B001RN8HJK,5,Great vegetarian ramen!,"These noodles have excellent flavour at a great price. As another reviewer stated these are the only bowl ramen that's veggie so there's no worries about beef bone/fat if thats an issue for you.  Also, if you're a spice wimp they still taste good with only half the spice packet.",1265414400,2,2
B001RN8HJK,5,Best instant noodle,"I picked up a box of 12 of the Hot & Spicy Noodles at my local big box store. I've got to say it is the best instant noodle soup that I've ever had, even smells wonderful, can't say that for the average cup of noodle soup. Very easy to make just add boiling water to container and wait a few minutes, and if you like hot and spicy this is for you!",1256256000,0,0
B0017U24KG,5,Another win with Dr.Mcgougalls Soup,"This is the third soup Ive tried from Dr.Mcdougall's line and I really enjoyed it. It has great flavor, and fills me up. I love these products, you feel better eating these than Ramen or Instant noodle cups that are so bad for you and have so many strange ingredients. I will be trying others and more of these as well. I'd rather pay a little extra then pay extra down the line on my waist line.",1310601600,2,3
B0017U24KG,1,Disgusting!,I had hoped when I bought it that it would replace the original Chicken Free Ramen soup but it's as horrible as the new chicken free soup. I loved the original and I do not understand why they would replace it with these vegan soups that just plain taste awful.<br />My advice-save your money.,1319846400,3,7
B000M9JKCI,5,Love this stuff!,"I adore this stuff and with Amazon subscribe and save it's wicked cheap. It's a great quick lunch or dinner for when I am feeling lazy.<br />I have a couple notes about it though:<br />- Of course it's not restaurant quality. If you're an elitist don't buy this. It comes in a freaking pouch. If you expect ""properly simmered spices"" and whatnot you're probably going to be disappointed. I love authentic indian food, but I also love cheap pouch food. I am the kind of person who adores authentic ramen, but also enjoys a good bowl of top ramen. If you take it for what it is you wont be disappointed.<br />- It says 'serves 2', but I eat a pouch to myself poured over a bowl of rice. I am 105lbs (of course I don't diet - that is my normal twinkie-scarfing weight so I do eat larger portions than most small women. Still two average people are not going to share one pouch of this stuff.)<br />- I usually get 8-10 chunks of paneer per pouch. I could use about 8-10 more, but I don't think it's an unreasonably small amount for the price.",1337817600,0,0
B001M1Z12I,5,"I need a bigger bowl! Yum!!,","These are so good! Got them at a sale in the store. Wasn't sure if I'd like them since they are somewhat different from regular ramen noodles which I love. Turns out I love them! They are so much better than the normal ramen & they are still easy to boot. The noodle does have a little different texture to it, but I find I like this.better to. The broth that comes with it isn't to overpowering. I do add a little soy sauce when I want a little zing to them. But most of the time I have them with just the enclosed flavor packet. You have got to get these. Highly recommend.",1344643200,0,0
B001M1Z12I,5,Unique but tons better than the normal top ramen,We bought these in a store that had a special and they are so much better than the historical top ramen noodles we all existed on at college.  We have sent these off to our relatives at college and they love it as a quick snack / meal.<br /><br />Great taste,1252886400,4,7
B000LRKQCO,5,Soup To Super,"This seasonung will turn hot water into a great tasting seasoned soup. I grew up with this unique boullion flavor seasoning in most of my foods stews and soups. Will turn a package of Ramen into a gourmet Soup de Jour. Add it to rice, burgers and steaks. Love this stuff and what a GREAT value.",1350345600,0,0
B0009YXA18,2,You'd better like fish to enjoy this soup,"I, like another reviewer, wanted that delicious clear broth with mushrooms and onions in it in a japanese restaurant. This soup looks like it, but certainly wasnt the taste I was expecting, and didnt taste like the soup id get locally. Oh well. Regarding the actual taste, its most prominent flavor is fish. I thought it was too fishy, but I do understand people have different tastes so I wont knock its rating down for that.<br /><br />The reason I gave it only 2 stars is what I didnt taste or see. The next prominent flavor is soy sauce. Other then that, theres really not much to this soup. The mushroom and onion ""flakes"" (I would call them slivers) are small in number and dont contribute much. There were a total of 3 pieces of wheat which added very little. At over a dollar per packet I would say the value is pretty bad. Ramen noodles are cheaper then this, and you get more in the seasoning packet from those then this soup. I would have liked to see larger sized mushrooms and onion. It doesnt really look like the picture - my soup was some straight slivers the thickness of rice grains sitting at the bottom. They were pretty pathetic. I dont believe kikkoman is a ""higher quality"" and thus you get what you pay for. They could have included more dehydrated onions or scallion. I was disappointed.<br /><br />If you like fish, you might like this soup, but I didnt enjoy it and dont think its a good value. To me, I would call this soup ""fish broth with added soy sauce"". I just didnt get any of that ""mmm!"" umami flavor that I recognize. Im sure some people will really like the flavor of this soup, but I'd highly recommend trying to buy one packet locally so you can try it before buying in bulk. If you dont like fish, dont bother at all.<br /><br />Oh well, i'm going to try their miso soup next.",1316908800,2,2
B000E1694G,4,i like it! a lot!,"Just picked up one of these at target and after trying it yesterday i must say that i quite like this flavor!  I'm not sure why some of the reviews are low. I love spinach, but I tried this flavor and the spinach w/tofu one and i was surprised to find that I prefer the chicken flavor.  I don't like mushrooms at all, the flavor & texture are repulsive to me. Sometimes i can get past the shittake in Chinese stir-fry, but otherwise i can't stomach them. So i was worried that i wouldn't be able to handle the few mushroom slices in this soup, but it turns out that they did not bother me one bit. They do not have a mushroomy flavor or texture and i ate them with no problem.<br /><br />One thing lacking in this soup is the veggies. There's not a whole heck of a lot but that is to be expected i guess. I always find that I wish for more veggies in these instant noodle soups no matter the brand. So I recently bought bags of freeze-dried ""just peas"" and ""just corn"" to throw into my instant soups and they are proving to be a great investment. It's great because you can control the amount you add, i can really ""beef-up"" my soups with lots of corn n peas if i choose to. I plan on getting carrots next....anyway, I added a little extra corn in this soup before preparing & it was great :)",1349481600,1,1
B000E1694G,5,I love this soup!,"Annie Chun's Chinese Chicken is one of my favorites! Of the Annie Chun soup bowls, I've also tried the Udon, Pho (another big favorite), and Miso. I can't decide if I like the Chicken or the Pho the best, they are both quite tasty. I found the taste fine on its own, but if you think it is bland you could try to add less water and see if that improves it for you. I don't use the microwave method - I boil the water first, often I will pour some in with just the noodles, put the lid on and shake over the sink and then drain it to separate the noodles. Then I add the veggies, flavor packet and water (to the ""water line"" or just over it), and wait the two minutes or so before eating. It's convenient and delicious. I really think it's great that it is made with high quality ingredients - not many of these convenient soup bowls have organic and premium ingredients - which is probably one of the reasons these soup bowls are higher priced than your average ramen bowl (and these bowls taste much better than those cheap & salty soup bowls too). Definitely worth a try! The chicken and pho bowls are probably good intro soups in this line; but give any flavor that interests you a try and see which is your favorite. Also, they use minimal packaging and biodegradable bowls so those of us who are environmentally conscious can feel good about that too.",1350604800,0,0
B000E1694G,4,The Best Instant Noodle Meals You Can Buy!,"Why?  Because the noodles come SOFT, sealed in plastic!  If you are tired of noodles that ""crunch"" or that have to be reconstituted out of the original cardboard, you are in for a treat!  Available in something like a dozen different varieties, try them all and then subscribe to your favorites in order to get the lowest price.<br /><br />Note: The seasoning comes in a sealed pouch so if you tend to prefer yours less salty or less strong in taste, don't use it all to start.  You can always add more in later.<br /><br />Note: Since the bowl is made partially from cornstarch, it will biodegrade completely so toss it in the trash when you're done without feeling guilty.  (For this reason you should NOT attempt to reuse this bowl like you may have done with other brand instant noodle meals that came in plastic bowls.)<br /><br />Note: Of them all I believe this to be my least favorite flavor.  Why? Because it is the blandest.  I think this was intended to be the one that entices ordinary Americans unfamiliar with Asian foods into sampling their products, but in the process they overdid it, producing a rather boring extremely mild tasting chicken soup with of course their excellent thick, soft, Hokkien noodles.  I'd agree with other reviewers that this is the one you are most likely to want to add things to in order to spice it up.",1329264000,0,0
B000E1694G,3,Reliable lunch to keep at work,"I like these soups because they are filling, tasty, convenient, and sometimes cheaper to buy through Amazon. I send them to my daughter so she has a quick work lunch, and now her son liikes them as an after school snack. The sodium is a bit high but much better than other instant noodles.<br /><br />Also good for earthquake and emergency kits, though they need some water to rehydrate.",1314921600,0,0
B002CENRLG,5,"These are great tasing Noodles, Low Carb, Soy, Wheat & Gluten Free YEA!","I am so Thankful that there are companies out there trying to make products for those of us, who need Low-Carb, Soy, Wheat, & Gluten Free.  These noodles really take on the taste of whatever you make.  But you must wash in warm water first for 3-5 minutes to get rid of fishy smell.  And it does go completely away.  If it dosn't you should call the company and let them know, because you may have gotten a bad batch or something.<br /><br />Now, the texture is more like Top Ramen noodles, which makes it perfect for soup. But I have also used it for other types of sauces. You just have to get use to the interesting texture like for Spegetti Sauce.<br /><br />These Noodles are a winner for me, and I will continues to use them, although, they are a bit expensive for a big family.  I hope as they become popular for, Low-Carb, Soy, Wheat, & Gluten Free Eaters, that the price will go down, and be more reasonable to buy.  Keep up the good work Miracle Noodles Company, and may other companies pick up on the idea of making more prodcuts that are Low-Carb, Soy, Wheat, & Gluten Free too.",1266278400,19,19
B002CENRLG,2,Dont Recommend,I started on the hcg diet recently and thought miracle noodles would be my favorite thing. I can eat pasta by itself and really like ramen noodles as well. These noodles have a fishy smell and are slimy. I bought 8 packs and had to throw 7 away. I tried them with grilled chicken but they arent very good at absorbing other flavors. I wouldnt recommend buying them.,1277596800,3,4
B002CENRLG,5,Amazing!!!!,"At first after looking at some of the reviews on these noodles I was very worried that I would be disappointed, but after just having tasted this amazing product I am completely overjoyed! As an Italian girl who loves her pasta, giving it up to lose some weight on the hcg was very discouraging. After trying these today I am SO excited!<br /><br />To all those out there who are cautious and wondering if these things are really worth it, they are! It depends on how you prepare them. I rinsed them thoroughly and then dried them in a pan over medium heat. After preparing my vegetable in a bit of sauce I added the noodles and TADAA!!!! They tasted amazing- a lot like ramen noodles. I'm very happy with this product!!!",1339459200,0,0
B002CENRLG,5,Worth it!,"These were really a great find. I've been eating low carb for 3 months now and was missing having a noodle dish. These are kind of off putting when you first open them because of the fishy smell, but i soaked them in cold water for a few minutes then boiled them for about 2 mins as the package says, dried them off and added to a stir fry of meat and veggies. It reminded me exactly of Ramen noodles!! My husband loved them, which is saying a lot because he is picky when it comes to 'replacements' for his normal comfort foods. I did not find them rubbery at all...maybe its how i prepared them? I will be ordering these again.",1314748800,0,0
B001IZIC3S,5,Mmmm Good,These are great. No MSG like the other brand sold at amazon. I like to put these into soups / ramen noodle (Green Tea Chlorella Ramen) to boost some protein into my diet. I first ate these when i was in Mexico and these taste is just like i remembered. You get roughly 8-10 little conch's per can. If you are looking for a unique flavor to add to some soups try this out.,1278460800,2,2
B002C1URM6,5,Please understand what it means to go grain free.....,"This product is a good product and really good health wise for your cats. If you are looking at this product you are probably interested in feeding your cats something better. I just wanted to address some of the negative reviews of this food - many of them by people who don't understand that all cat food is not the same. I took the time to switch my 8 year old street rescue Louie to grain-free food (tried many brands before I arrived at BFF), and here are some of my observations.<br /><br />Cost<br />All grain free foods costs more for the same reason that grass-fed antibiotic free, free range chicken costs more per lb than a chicken nugget. It's better for your cat! Anyone who has a cat that's on a farm - ever see it eating some of the corn or wheat that spills off of the truck? Never! That is because cats don't eat grains. In cheap cat foods these grains are used as fillers to round out the portions and are not of any nutritional value to the cat. When I went grain free my cat ate much, much less - thereby negating the price difference. I even tested it a couple of times - my 13 lb cat can eat 2 - 3 ounce cans of Fancy Feast in one sitting - but cannot eat a 3.3 ounce can of BFF in one sitting.<br /><br />Another point on cost. If you are the type to take your cat to the vet and take care of it when it is sick, then you save so much money and trouble with foods like this it is crazy. When you hear people talk about diabetic cats, food allergies and all the other assorted sicknesses our animals are getting - most of them come from food. Diabetic cats - did they continuously raid the cookie jar? All the money you think you will save (but are not actually saving) will go to the health care of your pet in later years. Its the same way McDonalds and Denny's don't have to absorb the cost of all the diabetics they helped create - the taxpayers pay for it through Medicare and higher insurance costs 30 or so years down the line (and sooner with all the young diabetics we are creating).<br /><br />Smell<br />Most grain free cat foods smell. EVO stank up the house horribly and I had to move the cat bowl from the kitchen. Minus all the fillers and grains - you are getting an all natural product that is better for your cat because nutrition of the cat is put first.<br /><br />Taste<br />Cat's are notoriously finicky. Most cat foods that have grains and other filler ingredients have to add heavy syrupy mixes to get the cats to eat them. They take corn, wheat, soy, barley and gods know what else, add some vitamins and then add a extremely strong tasty syrupy mix to get the cat to swallow it all. So cats fed this for a period of time get used to it the same way babies get used to sugars in their formula. Then, when you want to give the baby vegetables with no sugar added guess what? Baby rejects them - they want the sugar! Same happens with cats fed with cheap filler foods.<br /><br />Poop<br />When switching to grain free a cats habits and consistency may change. Their digestive system is learning how to digest what it was actually made for. Same thing happens to humans - look up the ""Whole 30"" and see what I mean.<br /><br />Switching to Grain Free<br />Its a process more involved than opening the can and plopping it down. Took me months. Google can help you do it but don't expect to just give this to your cat and have her dive right in thanking you for it. That may happen, but more likely than not you have to mix old and new foods until they are used to it.<br /><br />BFF, EVO, Taste of the Wild.... they are all good brands that will improve the health of your cat. I settled on BFF as my wet food because he loves it. I used to give him EVO wet food and he would eat it but he hated it. I still feed him EVO dry food because he likes it. I tried many brands and did not give up on grain-free food because I cared about my cat. I understood as a street cat for years he was used to eating whatever he could and it all was the cheapest, unhealthiest stuff available given to him by well meaning people. He has improved in every way (coat, activity level, temperament, litter habits, etc..) and now is a healthy and happy cat.",1340150400,5,5
B004AH778M,4,The best Ramen on the planet.,This Ramen is heads and tails better than the generic store bought Ramen.  It has better consistency.  The flavor packet is better.  It has more Umame.  I liked to make Ramen with lots of vegetables and meat and then stir an egg in and then have some Sriracha sauce on the side.  This is not a food you should eat every day.  It has a lot of salt and oil.  But when the Ramen craving hits you you won't be disappointed.,1343001600,1,1
B004KBHEQI,5,Love these!,"I am on a low carb diet, and these noodles have been wonderful! Do they have a horrible fishy smell? Yes, absolutely. Does it last? Not if you take care to rinse them properly.<br />1. Dump the noodles in a strainer and rinse for a few minutes.<br />2. Soak them in a bowl with water and a dash of white vinegar for at least 5 minutes.<br />3. Rinse the beejesus out of them again<br />Your noodles should be fishless.<br /><br />If you are having problems with the texture, make sure you cook them at the right time. I take care to cook them for only a minute, and the texture is fine for me.<br /><br />I have found these a great substitute for spaghetti, and next I will try them as a ramen dish.<br /><br />And yep, they do take on the flavor of the foods you cook them with!",1343952000,1,1
B003OB69HU,5,The Best Kind of Ramen,"Pork Ramen is arguably the Holy Grail of Ramen. For reasons that will confound scholars for centuries to come, you cannot find pork flavor in the store. When I found out pork flavor was available through amazon.com, I felt much like Tom Hank's wife must have felt in Castaway when she found out he was still alive. I was thrilled, I was happy to see Pork Ramen, but I had moved on...I had let it go. It arrived in my building lobby, a simple cardboard box full of throwback happiness. I nailed the noodles-to-water ratio on the first try and had a bowl with an icy cold Mountain Dew. It was like being magically transported back to college and for a moment, if I closed my eyes, I felt almost as though I were sitting in my dorm room in the shadow of a loft bed, playing Starcraft online...and in that moment...I was made whole.",1321920000,18,18
B003OB69HU,5,Can't find this in stores,Love pork ramen...so much better than other flavor. Glad I found it on Amazon! This is my second case...don't understand why they quit selling in store?!,1332547200,1,1
B003OB69HU,5,why is pork so hard to find?,Pork ramen is a family favorite but for some reason it is very hard to find in my location.  So happy to find out on Amazon at not a bad price!  Arrived in good condition...will buy again.,1320019200,1,1
B003OB69HU,4,Solid Basic Ramen,"I got this item on sale for a very fair price. It is a basic, generic pork ramen and easy to spice up by adding eggs, vegetables etc. If it's as cheap as your local grocery store and you enjoy ramen enough to make it through 24 of these in a reasonable amount of time, I'd recommend the product.",1327881600,0,0
B003OB69HU,3,too salty!,"Despite the fact that they try to hide it (each packet is 2 servings) a single packet contains 80% of the daily value of sodium, and you can taste it! If you spread one flavoring packet over enough noodles to make the salt level reasonable there's barely any flavor left! It's still a cheap way to get noodles if (like me) you use 1 flavoring packet of other types of Ramen for 2 packets of noodles and end up with excess flavoring.",1300924800,1,2
B000I6UVP0,4,Pirates and Tea???,"While normally I would say rum would be the only thing that a pirate has the right to drink is grog and rum, but I endorse this product for 'pirates' because of its auxiliary useses.<br /><br />You add some to your cannon's gun powder and as you blast your enemies, it adds the classy ""sweet"" smell of death to battling scurvy curs.<br /><br />RAmen",1176249600,1,1
B004XUGOSA,4,Very tasty,Knowing that I like ramen my sister suggested that I give these a try. I'm on my second order as I really enjoy the flavor and texture. The noddle's in this Yakisoba have a different flavor and texture then what I am use to in the ramen packets that I normally eat but are very tasty. As with most of these type products it is easy to prepare and the flavor can be adjusted to your taste by the amount of seasoning used.<br /><br /> I reason for only 4 stars has to do with the container that is used. After it is cooked in the microwave and the lid is peeled off there is a sticky adhesive left around lip. Not a problem if you are going pour the contents into a bowl but kind of gets in the way when eating directly from the container.,1346371200,1,1
B003OB4C60,5,Nice new flavor,"Ramen is a quick and easy meal, you can doctor it up to be fancier and more filling.. or eat it plain if in a hurry.<br /><br />It's a great staple to have in the pantry for quick meals, or emergency situations. All you need is hot water.<br /><br />But... with only a couple of flavors available locally, it got boring. I don't even remember exactly how I ended up on the page with all the Ramen soup flavors but I did.. and I'm glad.<br /><br />I ordered four new flavors that day, and found them all to be very good.<br /><br />The Roast chicken actually hit my taste buds with that very flavor, I was surprised. It was different enough from the plain chicken that I was used to that it's a distinct flavor change. This will be one that I'll get again.",1300579200,6,6
B003OB4C60,5,"A snack, extender or...","Got to know ramen noodles during a job in Korea several years ago.  Sine that time, I have changed my favorites to the chicken flavors and the roast chicken has a bit extra in that department.",1341705600,0,0
B003OB4C60,3,"Not good, not great","I tried this flavor today. Its ok, not great, it is different from the regular Chicken flavor and tastes more ""real"" The broth does have some richness to it. I recommend not adding as much water as stated on the package and instead, add 1 1/4-1 1/2 cups of water( it was a bit bland at 1 and 1/2 cups)as they have put less seasoning in the packet in recent years, Im assuming to save money. It wasnt bad though and Id eat it again, perhaps adding some additional seasonings like a little soy sauce( good in a lot of the flavors) but I didnt like it enough to buy a full 24 pack since it's available at the local grocery store for now. I generally like all the flavors Ive tried though. I recommend this product if you want a soup that tastes just a little better than the regular Chicken flavor or like Ramen in general like I do, it isnt bad tasting at all.",1337731200,0,0
B003NRMHEE,5,Good Stuff!,I have been using Sriracha Chili forever! I add a little soy sauce to a teaspoon of it and make a dipping sauce for Gyoza (potstickers). Also great with ramen!,1332806400,1,1
B003NRMHEE,5,Best Sauce Ever!!!!!!,"I use this sauce on everything (ex: instant noodles, burritos, burgers, fries, chips, etc).  This sauce does wonders and is definitely a must-have for every single household out there!!!!",1329091200,1,1
B000F6R6W4,4,"Good for What Ails You, and Maybe What Doesn't!","Everyone gets a little sad now and then; it's just part of life. But when I'm feeling angsty and emo, I don't want to wallow in it, or find the cure at the bottom of six pints of Cherry Garcia. Nor am I interested in paying some guy three bills an hour to lie on his couch and debate whether his ink blot collection resembles Russell Brand Chia pets or my mother's wahooga.<br /><br />I figured there had to be a quick fix pick-me-up, somewhere in all of the products that Amazon sells.<br /><br />The product description says this is a mood and energy enhancer, and may be beneficial for anxiety, stress, digestive upset, male impotency and vitality, menstrual disorder, PMS, anti-spasmodic, cellular regeneration, apoptosis and vision loss, among others. I've got at least three of those things, and maybe all of them. I'm not sure what a few of them ARE, exactly, but I could still have them. Or want them. It's not entirely clear which side of the fence saffron is on in some of those cases, frankly.<br /><br />Anyway, I needed the mood enhancing, so I bought a jar and added a little to my next meal. I'm pleased to report that the taste of the saffron really 'zings' up the taste of top ramen, more than any spice packet I've ever tried. So I guess it 'enhanced my mood' in that way, at least. And I absolutely experienced no vision loss, spasms, PMS, male vitality or regenerating cells while I was eating or for hours afterward. So it delivers what it promises. Thumbs up!",1311033600,2,2
B000PVVG3O,4,Great stuff for hiking/backpacking! Here's a recipe...,"For backpacking, using the ""Pack it in, pack it out"" and ""Leave no trace"" frames of mind, I do admit that the packaging requires some re-packaging to reduce the amount of garbage you'd want to deal with.  Unless you have a Sherpa (and I don't) - Lose the exterior plastic wrapping on the package, the carboard box, plastic fork (if you have an alternative - like a spork, which I'm assuming you do), and also lose the plastic tray container with lid.  (I use a Jetboil stove, and the cup and lid serve me just fine as an alternative).  You'll be left with a small plastic bag of noodles (break them if you have to), a small plastic envelope of oil (which could be omitted if you carry a small squeeze bottle of oil), and an envelope of their spices/magic ingredients that make this taste as good as it does.<br /><br />The addition of some chicken in a foil envelope or can makes this dish better in all respects (except for perhaps, sodium).<br /><br />Foil envelopes obviously pack out out better than cans, but you probably already know that if you've read this far.  :-)  Boil up some water (about 12 oz.) in your stove, add the noodles and let that soak for about 5 minutes with the lid on (I think 7 minutes works best for me).  Drain out the water, and then stir in the oil, spices, and then the optional chicken.  Mix well, and enjoy!<br /><br />Really hungry? Eat two!  The calories wouldn't be a concern when hiking.  You can always divide the chicken in one package (if used) into two portions, and that works well.  My local supermarket has this item for a little under two dollars per package (one cent less) each.  More expensive (but tastes a LOT better) than Ramen noodles - you get what you pay for...  If you're thru-hiking the AT on a budget vs. a weekend getaway, this is a no-brainer to me.  These are available in both a regular and spicy variety.  I like both.  Light, easy, taste good, pack in and out well, and a great alternative to some other ""staple"" trail meals I've dealt with.  Happy trails!  JimiH",1331164800,0,0
B005GWSL76,2,Ugh.,"I'm not vegan or vegetarian, but I don't have an issue eating vegan friendly foods. I picked up the Dr. McDougall's Miso Ramen because it's somewhat low in sodium. I don't know if it's the lack of sodium, or just the product in general, but this really isn't very tasty. Eatable, yes, but I'm not going to order/eat more.",1325721600,1,2
B000LKX6RS,4,"expensive, but tastes good","My local Asian grocery store sells this same brand of ""organic"" udon noodles for about the same price as Amazon (except that they only make you buy one pack at a time).  They also sell non-organic udon noodles that look and taste about the same for less than half the price.  Is the ""organic"" worth the extra money?  You have to decide for yourself.<br /><br />Udon is a great general purpose noodle.  For a quick cheap tasty bowl of noodle soup, just boil some udon noodles and add some miso soup paste and vegetables.  One 3 ounce bundle of dry noodles conveniently makes a nice serving of cooked noodles.  A bowl of soup like this takes about the same amount of time to cook as instant ramen, but since the udon noodles are not full of salt and oil, they are a lot healthier for you.  Yes, udon does cost a little more than instant ramen, but you can save money by going with the non-organic noodles, and they are still much healthier than instant ramen.<br /><br />You can also stir-fry the noodles or make them into a salad.  For a full meal, top the noodles with a serving of meat and sauce.",1273017600,6,6
B001HTJ5RC,5,Easy to prepare; good lemongrass flavor,"As prepared, this instant noodle soup is more noodle than soup.  The three components (noodles, flavor powder, flavor oil) are packaged separately so you can adjust them to your taste.  Hot water, a couple of minutes in the microwave, and it's ready.  The lemongrass flavor is pronounced but not overpowering, the chili flavor is more muted.  Heat lovers will want to have some Sriracha, Mongolian fire oil or another Asian hot sauce handy.  The overall impression was rich and satisfying for a quick lunch or snack.  It would also serve as a good base to build on if you happen to have add-ins, such as fresh cilantro, sliced chilis or scallions, some sauteed cabbage or a leaf of Thai basil, to put it over the top.  You could also make it with beef or chicken broth.",1279670400,3,3
B0037J1YO2,4,Great n Taste,"This is a very good fish sauce. It's very mild and subtle with good flavor. I put it on my pizza so I can have a little light anchovie flavor that my family can't stomach near their slice. I put it in my ramen and slip it in stews. It doesn't have a real fishy taste so it ads a good flavor people can't put their finger on. I rate it 4 star as it is expensive but it is additive free. Only salt and black anchovie, no MSG.",1316908800,3,4
B001BM3CE2,5,Soup without salt,"All Health Valley ""No Salt Added"" soups are good.  I especially like the tomato, minestrone, and vegatable soups.  I add a little sherry wine and a little Louisiana hot sauce to pep them up a bit.  I also like to add a pack of Ramen noodles without the seasoning pack.",1260835200,3,3
B0028P8H82,2,"With the recent changes, Cost outweighs, Disappointed!","I found it least expensive from Amazon at about $8.50 for a box of 6 bowls via subscribe and save.  That may sound expensive (compared to 25 cent ramens and 50 cent cup noodles) but that is because crystal noodle uses a freeze dried process that I feel preserves much of the flavor of the flavor packet of mushrooms.  The noodles are also very thin with a silky smooth texture and easy to consume while absorbing the flavor of the soup.  The sodium level is high (due to MSG probably) so that is a plus for those who enjoy sodium (funny thing I love sodium but despise sweets).  Is this healthy for you?  I don't know about that.  But without regards to whether it is healthy, I deeply enjoy having this for lunch at work.  Easy to make, easy to eat, and simply delicious.  If you do not have access to boiling water, use hot enough water and let it cook for longer (i.e.instead of 3 minutes, let it cook for 7-8 minutes).  P.S. Do not forget to finish drinking the soup!  That is the best part!!<br /><br />NOV03,2011<br /><br />I just purchased another box.  The new cup shows NO MSG.  Also new cup is 1.90oz rather than the 1.98oz they advertise (it was 1.98oz previously and damn tasty but now not so much).  The flavor freeze dried packet is also smaller.  I am going to have to decrease this to 2 stars.  This is more in the I am disappointed lines (instead of increasing costs, they are just going to decrease content...call me a pessimist but I think the decrease in content is not to promote healthy eating but rather to boost bottom line).  Flavor is more bland now, just like any other instant noodle out there...nothing special anymore.",1318291200,1,1
B0028P8H82,5,High quality,"I bought these noodles at an overstock store once, and had I known at the time how good they were going to be I would have stocked up. As it stands, unless you live near an asian market or similar store you'll have a difficult time getting these locally. Fortunately, Amazon provides. All of the varieties are very good, this one brings out the savory flavor of the mushrooms and the texture of the bean thread noodles is satisfying. It prepares quick and easy, and only requires boiling water like a typical self contained ramen bowl. Great for work, and quite filling for the size and price.",1324512000,0,0
B0028P8H82,5,Great for people on the go,"I first ate Long Kow Crystal Noodle after finding it at a local Kroger store on clearance. I love ramen noodle soup and thought this might be a little different. It is definitely different than regular ramen noodle by virtue of the noodles themselves. If you like mai-fun, bean threads or rice noodles, you will love this noodle soup. The mushrooms are great and there are just enough to make the soup tasty. If you like this kind, try the egg and vegetable type, too. I love them both. I had to buy from Amazon as the store quit carrying it - I guess it was not a popular item. To me, it is worth what you pay for it. It's a great, quick snack for between meals and people on the go. You won't be disappointed in this product if you like oriental style, instant noodle soups.",1302566400,0,0
B0028P8H82,5,EXTRA LOW FAT LUXURY Mushroom noodle soup - $2 each!,"Full of exotic and delicious mushrooms, this instant soup rocks!! It is so fresh, so tasty, and such high quality, that if you like mushrooms, you MUST try it! The delicate glass noodles put it over the top! In about 6 minutes you have a tasty, hot meal! Product of China. Per container: 200 calories, 42 grams carbs, 2 grams protein and 1 gram fat (only 5% of calories from fat!) and 1000 mg sodium. Different than ""Ramen"" style because the noodles are not fried. Do not microwave, just add 2 or 3 cups BOILING water. COVER tightly, and (as others have said) let sit 6 to 8 minutes before you eat it. We find it best to put the dry soup block UNDER the noodles, then add the water. Otherwise the block of ""soup"" sits on top of the noodles as they swell and may not dissolve properly. Recommended!",1277337600,0,0
B007Y59HVM,4,Fogchaser Coffee,"Bold and rich. LOVE this coffee for a fast wake-me-up in the morning, and pick-me-up mid day. The name is perfectly suited to the delightful temperament of this brew. MUST store in airtight container after opening the plastic bags though, or coffee will lose it's potency.",1348444800,1,1
B001SB62OS,4,"beef-no, tasty-yes","i am a converted veggo and used to LOVE steak. (stopped eating meat because of the treatment of our animals and the fact that any meat that is NOT organic is basically a toss between fatal and toxic)<br />doesnt taste like beef whatsoever. something good to compare it to or to say that its similar to would be chicken ramen noodle seasoning. Almost exactly the same taste.... not quite as potent since it has a much lower sodium content. If i were this product's company, I'd rename it chicken base. also, it's yellow..? the same exact color as ramen noodle seasoning-chicken. at east make it brown if you're going to claim it tastes like beef.<br />it is tasty but the advertising is a bit misleading.",1343692800,0,0
B000W5AQ98,4,A decent seafood noodle,"This product has a pretty decent seafood flavor and is better than the flat packaged ramen. The bowl is handy if you are taking the product to work, and to be honest I washed it out and reused it for noodle products that don't come in their own cooking/eating container.",1251158400,1,1
B000W5AQ98,5,Tasty stuff,"Admittedly, I didnt get this for myself.  It is pretty good, sour and spicy and actually pretty filling for a ramen type meal.  It comes with a little fork too, and I like that so I dont have to wash anything.  We used to have to drive  quite a way to a specialty thai food store in garden grove area for this but now we can get it delivered!",1333670400,0,0
B000W5AQ98,5,This instant noodle? Grand delicious taste!,"I read the reviews about this brand's instant noodle and they all praised FF. So I bought 2 bowls for trying the taste to see if it's also my type of gourmet. WOW, what a huge surprise! This instant noodle really deserve to be sold in bowls coz it is exactly different from most of the instant noodle taste. I love the shrimp flavour, the yummy soup and the firm black bowl. I washed both bowls and keep than for my other noodle. They are really good look bowls and miscrowaveable! What a practical unit! You taste the gourmet instant food and get a firm soup bowl that is reusable!<br />  I love FF instant noodle. After my first 2 units FF, I made an order of 16 bowls white square bowl FF today and I can't wait till receive it. Hope this flavour taste even better than the black one.<br />  You should also try FF noodle coz you will lovin't! And you can see how the FF tastes much more delicious than any other instant noodle you've tried!",1319068800,0,0
B000W5AQ98,5,Really the best intsant noodle soup!,"It was something my friend about a year ago had in his cabinet and gave me some. I could not believe the taste and what the bowl included for a while I could not remember what the the products name was so for a while I did not know how to get this or where to get this. One day I went on amazon and I remember the FF on the bowl typed in FF noodle bowl and bam right in my face there it is. So I bought like 15 units I got them and Once again the best noodles ever In my life I have had, considering this is instant noodle this tastes pretty gourmet and now that the temps are dropping here in the midwest this will be the best thing to have after shoveling the snow. Seriously everybody should try these they are really good.",1289779200,1,2
B000IYS8KW,5,Really really good tea,"This is excellent tea. I have to admit that the packaging and brand name (eXtreme health) put me off a little bit, but as they say, the proof is in the pudding. The tea had the perfect level of flavor and sweetness (natural sweetness) which to me usually indicates a superior tea. It is not temperamental in terms of brewing, and does not easily turn astringent with slight over-steeping. I am not sure where this tea is grown, but kudos to the farmer. It is far better than several very expensive varieties I have ordered directly from Japan.",1199318400,5,5
B003OB2ER4,3,Picante Beef Ramen,"Wasn't as good as I was expecting. Was expecting a mixture of the beef and chili flavored ramens, but this doesn't taste like such. You can tell its supposed to be picante beef, but it not quite what I was looking for. Seemed to have a weird taste compared to other flavors. Would rather just eat the beef flavor or the chili flavor.",1327363200,2,2
B001AY9JHK,5,The best instant noodle ever!,This is by far the best instant soup I have ever ate. It only takes 3 min to prepare. The best soup in less time than it would take to boil your water for ramen. Bonus only 290 calories for the whole bowl. If you like udon you'll love this.<br /><br />I hope amazon will start carrying the version with KATSUO!,1266278400,5,5
B0054S0P9E,4,Delicious!,"These are very yummy noodles!  Like ramen noodles in texture, but without a soup base.  They contain a vegetable I've never heard of before, called moroheiya, touted on the package to be ""...highly nutritious""...prized by the Egyptians for its health and beauty benefits.""  Don't know how it ended up in a Japanese noodle product but I'm glad it did since it's very delicious, vegan and the 20 moroheiya leaves the package says it contains are organically grown.  (Would have given it 5 stars if the entire product were organically grown.)  Because there's no soup base, I've been using them in a variety of dishes - including soup.  Love them with scrambled tofu and vegetables!  Excellent product.",1311984000,5,5
B0054S0P9E,4,"Good texture, flavor - but expensive to try","I tried these because I saw them mentioned in Reader's Digest. For those that love those cheap ramen (Nissan, Maruchan, etc.) these will likely give you what you are looking for as a healthier option. They have a similar texture to cheap ramen, but not the unhealthy fats. They also have 6g of fiber per serving. Low-carb dieters beware: they are high in carbs, even considering the fiber.<br /><br />They have a bit of a 'vegetably' taste and odor to them, but I don't mind. I usually take the seasoning packet out of the Maruchan ramen and use that with these. They sell these noodles with soup base on other listings, but I suggest trying them plain and/or using your preferred seasoning before buying those.<br /><br />They're expensive to try out at first, but once you become addicted it's easier to get them cheaper by buying the plain noodles in bulk, directly. Give them a shot!",1325808000,2,2
B0054S0P9E,5,Love these noodles,"Wish more people know about these great noodles. Usually buy the plain noodles and am amazed at how versatile<br />they are besides being nutritious. Made with moroheiya, unlike other ramen noodles, they are steamed and air dried instead of being pre-fried and have no added preservatives, food colorings or MSG. Also great because they're vegan and produced under environmentally friendly conditions.<br /><br />Have been using these noodles in salads, as pasta (without the guilt) as well as in soups. They are quick cooking and keep well after boiling. Usually boil up a batch and refrigerate them.  The noodles only need to be dunked in hot water for a few minutes and they are ready to go with whatever sauce or trimmings you want for that meal.",1325808000,1,1
B001EQ5AVI,5,Great stuff!,"I love these things. Saves cooking time and they taste great. No dishes to wash up either! All are good but the ""beefy"" ones seem to be the best. Add in a $.50 mac and cheese (or some Ramen) and it's a cheap meal! I keep some in my desk all of the time, a quick trip down the hall and I'm full and happy before a meeting... Get some!",1328054400,1,1
B0029JZQMC,5,"Haven't order online yet, but this is abolutely the BEST!","The person with the negative view must have received pepperoni that had accidentally been punctured at some point. Something is definitely wrong. I have been eating this pepperoni for over 30 years and it is fantastic! Thirty years ago, my brother convinced me to put some slices of the pepperoni in my spaghetti sauce; it was outrageously good. I have used it ever since--me and my entire family.<br /><br />I even eat it ""raw"" (can't be raw or it wouldn't keep). It's one of my primary snacks on the Atkins (and I've lost 25 lbs). I hope the nay-sayers try it one more time--they are missing out.<br /><br />The super Wal-Marts sell it and they are always running out. And by the way, I live in Sacramento and I'm an instructor at a college; don't work for Bridgeford! I'm only online because Wal-Mart runs out so fast (just came from there) and I would like to buy a large supply I can count on. Actually, I have two, inch and ahalf pieces that I've hid from my husband in the fridge. I guess I'm addicted!",1307404800,2,2
B000PDO2YC,5,Amazing!,"If you're an instant-ramen connoisseur, this is the noodle you've been searching for. Bowl Noodle is far better than any other instant noodle I've had. The broth is cloudy, rich, and immensely flavorful compared to any soup, not just other instants, but surprisingly light on the tongue and stomach... much unlike the, heavy, bland dollar-a-dozen cardboard noodle. (To emphasize the difference: Top Ramen and Ichiban actually make me throw up now, just because they're too bland and... cardboard... -esque... I can stomach Maruchan if I fill it with my entire spice cabinet.) Bowl Noodle has the same punch as Campbell Hearty when it comes to taste. Two of them fill me perfectly if I'm in desperate hunger. I'll have one for a snack instead of chips because it's a lot quicker and more satisfying. I recommend these to all my ramen-eating friends and they love them to death, but they're around 5-10x more expensive than Maruchan. Every penny is worth it, though. To those who buy: you're in for a treat. Enjoy!",1214697600,4,4
B000PDO2YC,5,"Instant noodles for adult tastes; a rich, spicy broth for a cold day","Was your only experience with ramen noodles as a cheap lunch, either during college or when you were just starting out?<br /><br />Well, you are in for a treat.<br /><br />I warn you though: once you try a Nong Shim noodle bowl and you will never go back to a Nissin Cup Noodle.<br /><br />Nong Shim offers a fantastic instant noodle bowl; balancing the right amount of seasoning and spice to make it a perfect lunch on a cold winter afternoon.<br /><br />Please take a look at the product photo I posted that shows the ChefsBest Award and endorsements. I've recommended this noodle bowl to many people but a few of them, because of the kimchi flavor, have been hesitant to give it a try. I can attest that Nong Shim's noodles are not as pungent as `fresh' kimchi. The noodle bowl has a rich, red broth that is visibly loaded with spices.<br /><br />My first Amazon order included two cases of noodles. Next time, I plan to try Nong Shim Bowl Noodle Soup, Beef & Ginger and Nong Shim Bowl Noodle, Spicy Lobster.",1231459200,2,2
B000VQBF98,5,Great instant meal,"Although it's much more expensive than ramen noodles, these are much more substantial and feel like an actual meal. Easy to prepare and delicious. I'll take these over regular instant noodles any day.",1279584000,3,3
B000E8PY2M,4,Best noodles out there!,"I love these noodles.  Unlike the traditional instant noodles that consist of a fried noodle you add hot water to, these are already hydrated and not fried or dehydrated.  Seems more filling and the flavor packets are delicious!",1191196800,3,3
B000KOQIKW,4,"Great product for adding extra protein to soups, easy salads for sandwiches","I usually don't like 'canned meat', however, the Tyson canned white meat chicken is wonderful to add to commercial soups to add protein, or to ramen noodles.  It also makes a quick chicken salad for sandwiches.  During unpredictable weather, it's nice to have on hand, as no cooking is needed.",1321660800,0,0
B000VKA680,5,Great Alternative!!!,"If you are like me -- a member of Weight Watchers -- this brand of ramen noodles are the best alternative to the run of the mill kinds.  They have much less fat and taste just as well, if not better.",1252713600,6,6
B000VKA680,5,Healthy Ramen!,"I love ramen noodles but stopped eating them because of the terrible ingredients and high sodium content.  I was so happy to find a healthy version.  I even use half of the season pack and they are still delicious.  My son loves them too.  Actually he asks for them every night!  And even with him, I only add half or even a quarter of the season pack.  I also add little chopped pieces of broccoli to the same water the noodles are boiled in for some extra vegetables and it's a great, quick, healthy meal for my 4 year old (and me!).",1274054400,5,5
B000VKA680,5,Delicious,"This brand is a lot healthier than other types of ramen. It can be cooked on the stove or in the microwave. I usually put in just enough water so that almost all of it cooks out. Using too much water makes this ramen taste flavorless. I also let it sit before eating so that the noodles soak up all of the flavor. If you cook this properly, it is very delicious.",1229385600,6,7
B000VKA680,3,"It's decent, but if you think this is the same you're in health-denial.","This is ok, though I must say out of the 3 I've tried, this, Garlic and Pepper, and Mushroom, this was the worst. There is just nothing savory about it, it completely lacks any umami. As a miso broth, it barely hints at the unique flavor of miso. Miso soup is generally pretty salty, and that's about the closest asset to the flavor of miso soup that this product achieves, and even then I'd say it's a little lacking. The broth is also too watery, and not in the way that I ""added too much water"", I mean in it's viscosity or consistency. It needs a slight touch of some sort of thickening agent or something. The noodles are ok, but they are just too slimy and watery as well.<br /><br />Overall, I've had some luck concerning adding additional things to this flavor to make it taste better, but once you start adding meat and salt, aside from the lack of MSG, you're sort of defeating the purpose of buying this particular brand of ramen. You may have better luck than me, but in the aspects of taste, consistency, savoriness and texture of the noodles, it just doesn't have the effect of other instant noodles. I'd also like to point out that I eat a lot of stuff for it's health benefits over it's taste, but I've learned from this product that what I liked about certain brands of instant ramen had to do with their ingredients and how they were made, and not the nature of instant ramen as a dish.<br /><br />EDIT: I'd like to note that obviously the noodles are the same in all the Koyo Ramen so my critiques of the noodles themselves apply to the other ones, but the other flavors I tried at least had enough of a redeeming flavor that I didn't see it necessary to write a review suggesting people avoid them.",1318032000,2,3
B000VKA680,5,They're Grreeaatt!,"These are a great alternative to Maruchan, which are fried ramen noodles.  If you are like me and  love ramen noodles, but hate the fact that there's a ton of fat (which is 14 grams per pack and 1660 mg of sodium for chicken flavor), try these.  I drain the water from my noodles and season them.  I do not eat it as soup.  I use half of the seasoning pack and a couple of spritzes of liquid aminos (tastes like soy sauce).  It ends up having 1 gram of fat and about 50% less sodium, and is very tasty.  Now those like me who like to cut some fat and salt can have their ramen noodles and eat them, too!  ; D.<br /> Ohh Haapppyyy Daayyy<br /><br />Now if only someone will make a Snickers with one gram of fat.  : (",1333324800,0,0
B000VKA680,5,Best Ramen in the world!!!!!!!!,"This ramen got me rapping, lol<br /><br />Yo no msg, every ingredient is healthy..<br />i can't denY, if im lazy im making some of this ramen, tonightttt<br />I don't know any other ramen that is good as this one besides some Annie's chun...<br />expect more orders from me, thank you for coming on time.. i was hungry as heaven!",1335225600,0,3
B000E123N2,5,Great for work,"It's so hard to find healthy noodle bowls-- and the Annie Chun's Noodle Express line does a great job of providing good flavor without scary nutrition information. Each tray is a little over 300 calories, compared to 500+ for a traditional ramen-type meal of the same size. I keep these at work in case I don't have time to make my lunch, and don't feel guilty at all when I eat them. Not everybody needs to watch nutritional information, but for those of us that do, it's a really convenient product.<br /><br />The sauce & seasoning packet are about what I would normally expect from a comparable product, but the steamed noodles really make this a great change from the rest.",1227398400,6,6
B000E123N2,5,Good non fried alternative,"These noodles are very flavorful and convenient considering they are vacuum sealed. They are very easy to prepare as well in your microwave. The best part though, is that these noodles are NOT fried like traditional ramen noodles are. They are steamed, and thus much easier to digest and also much healthier and lower in fat. According to annie chun's customer service, none of their product's noodles are fried. I have stomach problems and this is great for me.<br /><br />Remember that this is just the noodles and sauce, and a little garnish packet of vegetables. If you want a more complete meal, add some protein like chicken, tofu, etc. The fresh pak noodles are very versatile and can be used any way you like. I've only seen one other steamed ramen soup alternative and it was just awful. Thank you annie chun!!!",1298505600,2,2
B000E123N2,4,Annie Chun does noodles right,"The flavoring still needs work, but man oh man are the noodles themselves good.  I'd love a little more of something besides the soy sauce.  However they are super fast and the noodles are FANTASTIC, so I will probably keep eating them and hoping someone gets around to tweaking the flavoring.  Also hopefully lowers the sodium a bit because while I LOVE sodium packed/bad for me items (I can honestly eat 2 packs of Ramen noodles without an issue), but in this item it alters the taste for me.  I'm guessing if you're someone that packs on the soy sauce (I use a reduced sodium on a regular basis), this won't bother you at all.",1314748800,0,0
B000E123N2,1,Do not recommend at all!,"I bought a couple of these at Whole Foods, couldn't finish the first one, and threw away the second.  They do not even resemble food.  Ramen kicks their butt.  Absolutely disgusting.  Ew.  Gross.  Don't waste your money the way I did!",1329955200,0,1
B0002Z18SQ,5,"Unique, tasty","While it's similar to most ramen noodle-type products, the seasoning packet seems more flavorful, and the 'top layer' (not sure what it is) is new to me, has a little crispiness.",1167782400,1,1
B0001CVIE4,5,Pickapeppa of the Caribbean,"Pickapeppa sauce is an underrated condiment. <a href=""http://www.amazon.com/gp/product/B001EO5ZHO"">Huy Fong Sriracha Chili Sauce, 17 Ounce Bottle (Pack of 6)</a> is rightly revered for its kicking up of Ramen noodles, while <a href=""http://www.amazon.com/gp/product/B002HNS55A"">TABASCO® brand Pepper Sauce - Original Red Gallon</a> is the all-American hot sauce from Louisiana. Pickapeppa isn't all that spicy. It's subtle. It's not overwhelming. When I put pickapeppa on kale and yams, it tasted filling and perfect! Pickapeppa isn't the typical hot sauce based on jalapenos and other chiles--but raisins and mangoes. Yes,a hot sauce made from mangoes. No wonder it's tropical perfection! Listen to Bob Marley sing on <a href=""http://www.amazon.com/gp/product/B001QOOCTE"">Songs Around The World (CD + DVD)</a> and crank up the <a href=""http://www.amazon.com/gp/product/B001IOMWJ4"">Putumayo Presents: African Reggae</a>, and pickapeppa is PERFECT!",1274659200,1,2
B0006G5KEE,5,Good stuff,I bought this along with the salmon furikake. Some reviewers were right; this wasabi seasoning is not spicy at all! I still like it though; but this seasoning will not give you the tear-inducing experience of eating wasabi. Eat this with pre-cooked brown rice and you'll have a healthy meal that's much better than the staple of college students: ramen noodles.,1337472000,1,1
B000KPOMK4,5,Classic,"I just asked my daughter, who is the hot sauce lover in the house, what her favorite hot sauce is. Hands down, this is it.<br />It's a classic addition to many recipes, and a wonderful condiment. The sharp vinegar/spicy taste is also a nice addition to homemade salad dressings and a little helps out marinades as well.<br />I'm a wimp when it comes to spicy foods, so I'll add a bit in when I'm cooking, then leave the bottle on the table for the spice addicts to add more to their tastes. In small amounts it adds nice flavor without being too much heat for me.<br /><br />My daughter likes it on ramen, with peanut butter on sandwiches, and wants to work with me on a Tabasco cookie recipe.",1280448000,1,1
B0028PDF7U,4,Really good instant noodles,"I called this review ""Really good instant noodles,"" because that's exactly what they are. This is NOT a four-star restaurant noodle, but it is an outstanding ""just add water"" product. I agree with the previous reviewer that they are salty, but I don't think the product was given enough time to reconstitute. My tofu was silky and soft--just like the kind I buy in the store. The cup wasn't overflowing with it, but there was a decent amount. Green onions and little nuggets of ground pork also put this way abover your average ramen. It's a great thing to keep in your desk for those unexpected late nights at work.",1291161600,3,4
B0028PDF7U,5,Absolutely love these!,I'm a total noodle head and tried many different kinds of instant noodles out there and these are by far my favorite! I can eat these everyday and I'm far from being a starving student. The high sodium doesn't bother me as much since I usually add veggies and tofu into my container so it becomes less salty and a meal. I've also tried the mushroom flavor one and like that too but this is the one I get a craving for everyday.,1324512000,0,0
B004K677OW,5,Another wonderful product from this company,"My husband, who loves to cook found this product originally at Whole Foods.  We have been expiramenting with various ways to make a gluten free coating for chicken.  We didn't care for other gluten free bread crumbs but when he found and tried this panko style bread crumbs we won't use anything else.  This company makes the best gluten free products anywhere!  I don't feel deprived when we use these products, and my non-gluten free family and friends don't taste any difference. I know buy in bulk through Amazon to get good pricing.",1347408000,0,0
B0027Z54D4,1,Mediocrity,"Price is okay, without free shipping it is not a good deal. The stuff seems to be on the old side. I cannot find any date info on the packaging. It's ramen noodles, whaddya want?",1324857600,0,0
B0027Z54D4,5,Convenience food delivered to my door,"Unlike some I am willing to pay a bit more for the convenience of having a case of this delivered to my door.<br />I don't like schlepping into Sam's club, and anything I use regularly such as bottled Fuji water, Tes's Tea jasmin green tea,<br />and this, I like to have delivered.  Considering I don't eat more than one of these a week it's not like I'm going to be losing big bucks. This is a 24 week supply for me.<br /><br />As for the soup itself, it's hot, filling, and it's oriental noodles ready to go after a couple of minutes in the microwave.  Try adding a few drops of Soy Sauce or Sesame Oil, or if you have time some chopped carrots, celery or peas.) So at two of these cases a year, at an additional $6 per case over what I might pay in a store (plus Fla. state sales tax), that's an extra $12 a year for this conveneince.  It's worth it to me.  I don't pay shipping as I have Amazon Prime, which is totally worth it for frequent Amazon purchases. So far I can still afford an extra $12 per year for this.<br /><br />One thing people might want to think about is this, taken from Wikipedia: ""The most recent controversy concerns dioxin and other hormone-like substances that could theoretically be extracted from the packaging and glues used to pack the instant noodles. It was reasoned that harmful substances could seep into the soup as hot water was added to cup style instant noodles.""  I empty the contents of the cup into a Pyrex bowl to heat it.<br />I like this as a quick snack and love the convenience of home delivery.",1317945600,0,0
B0027Z54D4,1,didn't like...,"I much prefer Maruchan ramen to top ramen i think the flavors taste better, and top ramen's noodles just don't have a good taste at all to me. Really loving the chicken flavor in the packets, I thought I would give these a shot just for a change. As a college student if you don't have a stove handy you can just heat up hot water in a microwave and add the noodles and flavor packet. Being that these were conveniently already in cup and Maruchaun i thought maybe these would take good...not really. I didn't like the flavor and the noodles were not good. I definitely will be sticking to the chicken in the packet not the cup. I wouldn't recommend them unless you already like them in the first place. I am still a Maruchan noodle lover tho :)",1321574400,0,1
B001AYDBH4,5,Close to Hong Kong.,"This is the closest to Hong Kong Wonton Min in an instant package. There are prawns in wontons.<br />Excellent if you make it correctly. I have purchased 2 boxes of these and I haven't had complaints yet!<br />My friends parents just came in from HK recently and we had prepared two bowls of this for them.<br />They said it was the best they have had from instant noodles! I boil water, pour it over the noodles, microwave for 1:30, stir the noodles to break them up, and add the powder and sesame oil. It comes out perfect every time!!!",1315958400,0,0
B002WQE90C,5,"yummy, probably Indo mie mi Goreng's best flavor...","The BBQ Chicken Mi Goreng flavor packs on the heat...and just right for those who like their food on the intense side. It has lots of packets of flavor including a spicy chili oil and soy sauce and some msg-powdered seasoning and hot chili powder and even dehydrated fried onions as garnish.<br /><br />It is subtly sweet and the spicy-heat just hits you in every bite and the flavors all merge into deliciousness. This is a flavor unlike any asian bistro cooking, and yet, it's so-oooooooooooo so, so good.<br /><br />I must admit that I have often wanted to find other flavors that were just as tasty and spicy and have only found 1 that is nearly as tasty but it's not a similar sweet-n-hot-savory, it's got heat but it's very different. (see my other ramen noodle review)",1350777600,0,0
B002WQE90C,5,Wonderful!,I bought these noodles for my boyfriend because he absolutely loves ramen noodles and he LOVES these noodles. He says they have the perfect blend of spices and sweetness and that they are amazing. They were shipped to me very quickly and they were in great shape when I got them. If you like instant noodles then I highly recommend trying these noodles because they are fully worth your money.,1332979200,0,0
B003Z4F56C,5,"Wonderful, Guilt-Free Noodles","Yes, there is a slight fishy odor when you first open the package. Don't get a good whiff of it and it's not that bad. The Miracle Noodles (spinach version) was so horrible that it stunk up the house for days so these No Ooodles are nothing in comparison...trust me.<br />Here's what you do:<br />Get a good strainer ready. Open the package, dump in the contents, and give the noodles a good long rinse.<br /><br />I use only lukewarm water at most simply so I don't alter the noodles any before cooking them.<br />However, you want to get your hands in there. I cannot stand the stringy consistency (Miracle Noodles are by far worse) and discovered that by really washing the No Ooodles you can make them very similar to soba noodles in that they don't stretch as much.<br />When the noodles stop clumping together and doing that whole gross, stringy slip and pull thing they do (if you've worked with these noodles I think you'll know what I mean) then you're done. They should feel like limp, wet normal noodles now. Basically you've now washed all the ""starch"" from them. It's not starch, it's whatever it is that makes them clump and turn icky IMO.<br /><br />My favorite way to prepare these is turning them into ramen. Just be sure to cook them in the same broth or liquid that you cook your veggies and meat in. The more flavor, the better. I add sweet peppers, garlic, green onion, shallots, sometimes tomato, all sorts of spices, sometimes hot sauce, chili sauce, etc. They're really good and filling. You don't have a carb craving with these guys at all. And for me, it satisfys that urge to go bonkers with pasta. You know, you can have the entire bag and not feel bad about it. :)<br /><br />You can also ""fry"" them. Basically same as before but with much less liquid. The result is not crispy, but it does taste very good.",1349913600,0,0
B000N8OLCC,5,The Best Instant Noodle Meals You Can Buy!,"Why?  Because the noodles come SOFT, sealed in plastic!  If you are tired of noodles that ""crunch"" or that have to be reconstituted out of the original cardboard, you are in for a treat!  Available in something like a dozen different varieties, try them all and then subscribe to your favorites in order to get the lowest price.<br /><br />Note: The seasoning comes in a sealed pouch so if you tend to prefer yours less salty or less strong in taste, don't use it all to start.  You can always add more in later.<br /><br />Note: Since the bowl is made partially from cornstarch, it will biodegrade completely so toss it in the trash when you're done without feeling guilty.  (For this reason you should NOT attempt to reuse this bowl like you may have done with other brand instant noodle meals that came in plastic bowls.)",1329177600,0,0
B000LQLV7E,5,Spicy!,"If you enjoy spicy foods, I think you will greatly enjoy these noodles.  Honestly the most delicious instant noodles I've ever tasted.  I've been a fan ever since I first discovered them about 7 years ago, and I'm glad I've finally found a place to easily buy them from.  I hope Amazon continues to stock Shin Ramyun for spicy food lovers to enjoy.",1194739200,13,14
B000LQLV7E,5,One of the best 'ramen' out there. Great as a base for a quick meal.,"An Asian friend of mine introduced these Nong Shim Spicy noodles (beef flavor) to me and I was hooked from day 1.<br />I love spicy and these are SPICY.<br />You get 2 bags of condiments: one is the red Cayenne, beef flavor  and spice mix (contains MSG, fyi) and the other is dried chopped vegetables (including chinese mushroom flakes that sweel in the cooking cycle).<br /><br />Preparation: Boil water (determine how watery you want it), add condiments, and noodles (round shape, perfectly fits a small pan). Before the noodles get soft switch off the heat and let it sit for 2 minutes and enjoy.<br /><br />That is not how we eat it though: when not in the mood to cook a big meal or when we have left over meat or vegetables we will boil them into this (peas, cauliflower, chicken... hotdogs..) Sky is the limit.<br /><br />Pros:<br />- Famous Nong Shim noodles taste great (we always have a box in the house)<br />- You can turn it into a full meal with leftovers<br />- Plenty spicy<br />- Not the thin ramen but Korean style thicker ones. Great mouth feel if not cooked too soft.<br />- Nice chopped vegetables in the condiments<br />- Larger per meal than the regular icky ramen that people buy for 30c a piece (ewww)<br /><br />Cons:<br />- Contains MSG<br />- Some people become gassy from these (Amazon has good deals on Beano)<br />- The Seafood and other versions of these are HORRIBLE tasting. Make sure you get the red box beef flavored spicy ones.",1241568000,19,23
B000LQLV7E,5,Great base flavor,"This is my favorite spicy ramen. What I enjoy about it is that it has a great base flavor that you can manipulate to create a variety of dishes. For example, I can add a raw egg, some strips of beef (maybe some beef base/dashida) and green onion and create a dish reminiscent of Korean Yukejang (fiery beef soup). Or I can go in another direction and use green onion and a handful of shrimp or seafood mix to create a fiery broth that mimics jang-pong (spicy seafood with noodles). I've even used the season packet (sans noodles) with silken tofu, onion, and oysters to make a quickie soon-dubu (tofu hotpot).<br /><br />Also, this stuff is fantastic during cold and flu season. Really clears up those sinuses.",1309910400,3,3
B000LQLV7E,5,Gives Ramen a more respectable name.,"I ate a lot of Top Ramen in college, as every poor student does. But I actually liked it and continue to make it today. I had a bunch of it in my pantry. Then friends turned me on to this stuff.<br />If the only Ramen you know is what you had when you were broke, you MUST give this a try. It's unbelievably good.",1255132800,5,6
B000LQLV7E,5,I like its taste,"I do not like instant noodle much. But I do have them available just in case I need a quick meal. I tried other products but I choose this type as one of my preferred choice. This product is made in U.S.A which, I think, is safer to consume. It's a bit spicy. If you do not like spicy, then you need to be careful picking this product. By the way, each bay contains 240 calories (calories from fat is 70)",1306454400,2,2
B000LQLV7E,5,Spicy!,"I was first given a package of these noodles at a grocery trade show.  I accepted the sample while declining the sale; our store has enough ramen noodles.  Once back at home, I prepared the noodles.  Delicious!  I love spicy food, although much of the food labeled as spicy simply isn't hot at all.  I started buying them from our distributor for sale in our store.  I buy them for myself at Amazon.  Our store sells these noodles for $1.49/each.  Since we are not offered an employee discount, I opt to pay less here.",1300147200,2,2
B000LQLV7E,5,Authentic,"I lived in Korea for a year, and I've tried ALL the different options available here for spicy ramen.  This is the same as what the street vendors in Korea serve!  However, they add egg to the soup AND put some cheese into the mix.  Add the egg to the soup when it's cooking and mix it in, sprinkle some cheese on the top once you've put in in the bowl.  I also only cook my noodles for 3 mins, they continue to cook in the hot water in the bowl, any longer than that and they are too soggy for me.  The only problem here on Amazon is the price.  I can get a case for literally half the price at any of our Asian food stores here in Denver.  Disappointing, I'd have used the subscribe and save option if it weren't cost prohibitive.  My whole family **loves** these noodles, they are a staple in our house!",1275264000,4,5
B000LQLV7E,5,Best ramyun noodles.,"with subscribe and save on amazon along with the sale, it's 57cents a pack.  my local asian grocery store used to carry this at $16/box of 20 or 89cents/pack.  but they raised their price to $20/box of 20 or $1.19/pack makes it too expensive to buy anymore.<br /><br />i love the texture/firmness of this noodles.  you can add eggs and vegetables to make a quick delicious meal for lunch or dinner.  if you worry about the sodium, you can cut back on the flavor packet or add more water or not drink the broth.  there are cheaper ramen noodles out there but comparing quality/taste and price, this one's got me sold. :)",1288656000,3,4
B000LQLV7E,5,Best spicy instant ramen EVER!,"If you eat instant ramen and like spicy food, this is for you.  It's fairly cheap when on sale (I get the 30 pack for about $20 with subscribe and save plus a coupon), and lasts years.  Also, this product is made in America, so you don't have to worry about finding things that aren't food in your food.<br /><br />For instant ramen lovers who like spicy food, I give this five stars.",1306454400,2,3
B000LQLV7E,5,Ready Spicy high quality Instant Ramen,"This is real spicy, so spicy that I had to drain all the water, it still a bit spicy without the liquid.  The noodle so good, tasted a bit like restaurant quality ramen.  This one is bigger package and is better value than the cup noodle one.",1330387200,0,0
B000LQLV7E,4,korea instant noodle,"one of my favorite instant noodles.  the noodle itself was okay but love the saurce package - so spicy and tasty and it comes in large quantity.  I use it to cook my other dishes.  on a different note, i found this noodle on sale in local ethic store cheaper than what i paid in Amazon.  oh well.",1304467200,0,0
B000LQLV7E,4,"Good, plenty but little bit too spicy","We love the ramen. It's especially good as serving hot. The noodle will be soft and more delicious  when you cook with pan for about 5 mins. The package is large, 30 bags, divided into 4-5 small bag/ pack , 2 persons can share 1 bag for a light breakfast.<br /><br />The reason I dont give it 5 stars because it might be not good for someone not familiar with this level of spicy ( Could be extremely spicy while serving hot) and especially those with stomachache.",1243814400,3,5
B000LQLV7E,2,20 pack cheaper than 30 pack per ounce,"Shouldn't it be the other way around? C'mon Amazon. 15 cents/ounce vs. 19 c/oz. I'm pretty sure the point of buying the bigger packages is to receive a better per product price. Love the ramen, but not loving the price in comparison to the 20 pack.",1304208000,1,2
B000LQLV7E,4,MAJOR YUMS!!!,"No college dorm is complete without ramen noodles, and these are much much better than the american version. you get can a box like this for half the price, but I guess when you're a deprieved college student, it's worth the price. It's also the perfect intermission to bland dining hall food.",1290816000,1,2
B000LQLV7E,4,Pretty darn good.,"I've eaten the cheap ramen noodles like any other college student, and having read the reviews I was really looking forward to trying these Nong Shim Shin noodles.  Upon receipt I cooked one up to see what it's all about and I wasn't disappointed.<br /><br />These are still just noodles, so I wasn't expecting it to change the way I look at food.  But they are as high quality as any product in this genre.<br /><br />If you add the entire flavor packet it's quite warm.  Hot even.  Having tried them with a pinch of the packet, half of the packet, and the full packet... I find that I'm a half-packet fellow.  I like a medium amount of heat, and using the full packet is tolerable but I don't want to have to tolerate the food that I eat.<br /><br />And yes, I agree with the general consensus that while it's acceptable on its own, it also makes a fantastic base to which to add additional veggies and meats to build a greater and more substantial dish.<br /><br />Edit: The juice of one whole lemon or even one lime accentuates the flavors quite nicely.  To the point that I wouldn't want a bowl without some!",1279843200,1,2
B000LQLV7E,5,Five Star Korean Style,Korean style ramen are often hard to find in stores.  Now the convenience of Amazon simplifies buying these delicious spicy noodles and soup.  These are one of my favorites.,1221177600,4,7
B000LQLV7E,4,Hot stuff,"If you like the Nong Shim bowls and the spicy kick then you'll love these.<br /><br />One pack of noodles is not enough for me, I'll throw in another pack of just the noodles from a Top Ramen so I get more noodles and save some money.<br /><br />There's a spice packet and another packet that has some dried veggies, I think there's mushrooms and green onions and carrots.<br /><br />I cook it all up, drain the liquid, squeeze lemon in, and mix with some sriracha.",1293408000,0,1
B000LQLV7E,4,Good but YOW SPICY!!!!!!!!!!!!!!!,I love spicy food but these are crazy spicy.  Definitely take another reviewer's advice and only add 1/2 the spice packet.  I didn't because I do love spicy food and they were really too hot for me.  I poured off the broth and was able to enjoy them but next time I will reduce the amount of the spice packet.  Otherwise really good ramen and not a flavor you would easily find in stores.,1274832000,0,1
B002Y3IFO4,5,Best 5 minute noodles Ever,"Ramen was great in college, but this is the high-end version.<br />We keep 10-15 packets of this stuff around all the time for a quick and easy meal.<br />A little bit of butter, the flavor packet and whatever's in the fridge, and these noodles are just downright amazing.<br />They're much more filling and worth the cost compared to Ramen; a lot more like real food.",1339372800,0,0
B000E7YPOQ,4,A Step Up,"Better than a standard Ramen noodle, and better than the uncle Ben's bowl (if you can still find it). We cook peanut and Pad thai regularly in the microwave. Turns out great and a tastes great. Some are fairly spicy, but not ""3 alarm"".",1154304000,0,1
B004BJYPCK,5,Close to the best we can get at home!,"Grew up in Japan, ramen was one of the favorite Japanese food! Being away from the big cities, this is the best instant Miso ramen I can get for sure. The difference is the noodle, which really closely resemble the ramen from the restaurants in Japan. You won't be disappointed with any Myjo Chukazanmai for that matter, because of high quality noodle and soup base!",1326499200,3,3
B004BJYPCK,5,delicious,This is the best instant noodle I have ever had!I will buy more and try more flavors. Awesome! It make sense to be more expensive than other products.,1320278400,3,3
B004BJYPCK,5,The best ramen. Period.,"My whole family much prefers this brand of ramen, especially the Miso flavor. If you add some meat, veggies, egg, and etc, one package makes a good meal with enough for two average people or one football player: quite a lot! Absolutely delicious and flavorful, no need to try any other dry brands, IMHO. It's a staple in my cupboard for quick cold-weather comfort food. Break out your large bowls, and have a feast.",1323993600,2,2
B004BJYPCK,5,Myojo's best flavor,I've tried a half dozen Myojo instant noodles and this is my favorite.  The miso flavor is light and the soup doesn't taste salty( although there's plenty of sodium in it).  You're probably better off buying these from your local Asian market if they carry it---it'll probably be fresher and a bit cheaper too.,1320710400,1,1
B004BJYPCK,5,Oishii yo!~,"In my experience (having lived in Japan for four years), this is the closet to Japanese street vendor ramen you'll find (in the instant variety). Three flavors to choose from. Highly recommended.",1332374400,0,0
B004BJYPCK,3,Good but not great,"Supposedly these noodles should be of higher quality than other fried noodles, but it also takes away some of the guilty taste pleasures from eating instant noodles. The soup is fantastic (it should be, there is 2500mg+ sodium in these) but the noodles taste bland and heavy. I much prefer eating a cup of Shin Ramyun which is less than half the price.",1328745600,0,0
B004BJYPCK,4,"Good, but pricey here","These noodles are some of the tastier instant noodles you can get.  You can get better in the restaurant, but for 4 minutes in a pot at home, you can't do much better.  HOWEVER, and this is a big however, a six pack for $16 is ridiculous.  I hope this is a typo because you can buy these individually from a store for about $1.50 each.  These here are heavily overpriced.",1334188800,0,1
B006BU77A4,5,Best and Lowest cost Grain-Free dog food as of writing this review,"We have several German Shepherd Dogs who despite all being related have a wide variety of coats, sizes, head structures, preferences and temperaments. In the past on commercial cereal dog foods this one was picky or that one had a coat issue.  NOT ANYMORE. Not since we switched to TASTE OF THE WILD. Finally, a food that I am comfortable serving to them for quality, they all DEVOUR within minutes leaving none to waste and all their skin and coat issues are gone.  YEAH!!  yes, this dog food SEEMS to be a bit higher cost than the commercial cereal dog foods, however in terms of reduced odor, reduced coat issues, reduced skin issues, increase vitality, increased vigor therefore increased health - it's allll worthwhile!<br /><br />Even though we currently have full grown dogs I still mix in a bag of Taste of the Wild Puppy formula every few bags, especially in the fall and winter months to give them extra energy. The puppy formula is the perfect boost for our very senior dogs. In the future when we have a puppy I will most definitely consider feeding them TOTW Salmon Puppy formula for healthy development.<br /><br />Our dogs love the salmon flavor the best though they obviously enjoy Taste of the Wild over all other brands of dog food.  A family of mallard ducks moved into our pond for the summer - we were giving them a few bits of TOTW - Salmon daily, as well. Initially they were hesitant then the ducks would paddle over to me at feeding time, as well!",1335398400,0,0
B000PL5VQM,5,Roses Lime Marmalade,"I used to buy this product at ""Corte Bros Market"" in Sacramento,CA. But have'nt been able to find it where I live now. Finally found it on Googles search and ordered some through Amazon. A nice alternative to orange marmalade. It is a British product imported by ""British American Imports"" in San Francisco.",1226448000,0,0
B0040WHJM6,3,These noodles are just ok,"If you want to save yourself the time and money, just go out and buy ramen noodles and save yourself 7 or 8 dollars. They have an ok flavor - nothing special. Once cooked down, there's hardly anything in the box. I wouldn't spend nearly 2 dollars for each one of these again. Yes, they're all natural, but are they organic? No. Are they gluten free? No.",1308009600,0,1
B002Y3GSHU,5,Chili and calamansi - delicious!,"These noodles are flavorful and zesty thanks to the calamansi (Philippine lemon) in the flavor packet.  They cook up a little oilier than your typical ramen, and they have a slight peanut oil scent without the flavor pack. The chili oil in the mixture might be a little much for some folks, but it's great if you're looking for some variety in your instant ramen repertoire.",1321056000,0,0
B000H25VSM,4,Are you ready?,"There are two kinds of people in this world.  If you are reading this you are the second type.  The first type of person would not be wasting time reading reviews.  They would have ordered a case or two of these peppers already and be on to doing something exciting and awesome like filming a new Mountain Dew commercial.<br /><br />We have established that you are the second type of person, the one who chooses between hamburger helper and ramen noodles.  The one who knows how to casserole a can of tuna about a dozen ways.  The one who thinks that spaghetti sauce comes in a jar.  But you can be the first type of person.  What you have been missing all this time is SPICE.<br /><br />These peppers deliver SPICE.  Smokey, rich, and able to deliver just the right amount of heat.  I love chipotle peppers, and this deal can't be beat.  I love this brand and the price is about half what I pay per can at my local grocer.  In addition to any Mexican-style food, I add them to chili, pizza, beef or pork roast, omeletts, and many other items.  Mix a little of the adobo sauce with some apricot jam and use it as a glaze for fish on the grill (yum!).  Get a little crazy.<br /><br />When I told my grandmother that I was feeding her smoked jalapeno peppers she swore at me.  She doesn't like hot food.  But she had seconds.",1271721600,2,16
B000FFLTEG,3,"Quick, cheap and tasty","Add hot water, wait a few minutes and it's a decent hot and sour soup.  About middling by Chinese restaurant standards, which is pretty remarkable for a dry packaged product.  Its also fairly filling, although if one had a single 'serving' of half a container, it'd be pretty meager fare.  Who consumes just half a container of instant noodle soup?  So four points for the product, minus a point for absurdity in nutritional labeling.",1274659200,8,8
B000FFLTEG,5,I love it!,"This soup is really tasty! It's easy to make, fast and healthy. It does have a big mushroom flavor, but I love mushrooms, so that is okay. I like that this has long noodles, unlike some other Dr. McDougall's ramens which don't.",1307836800,2,2
B000FFLTEG,3,Not as hot & sour as I expected,"This noodle soup cup is not as good as I expected.  The soup is bland; it is barely hot and sour, contrary to what is described in the product page.  The fried Ramen does have a delightful texture; it is firm even after steeping in the soup for minutes, but not good enough for me to buy this product again.<br /><br />Update: After I spiced up the soup with my own seasoning and Tabasco sauce, I started to like this noodle soup cup. I am again buying it for my lunch pale. But the 3-star rating stands because a product should be able to stand on its own legs.",1259193600,2,3
B000FFLTEG,4,Yum,"I straight up LOVE this. Give it four stars because I can understand how not everyone would enjoy the taste - it is not the same as any hot and sour soup I've tried, anyway. But it is one of those foods you should really just try for yourself. It's ramen, nothing all that miraculous, but it's easy to make and this is a great vegan flavor. At my own local health food store, it's actually cheaper to buy it individually there (at $1.79 each) rather than in bulk on Amazon.",1349913600,0,0
B000FFLTEG,5,McDougall hot and sour ramen,I love this vegan product.. it may not be to everyone else's taste unless you are used to healthy food.. This is especially good when you have a cold or aren't feeling well.. There are not many Ramens for vegetarians.. and I really like these and a few others from McDougall..,1345334400,0,0
B000FFLTEG,2,meh,"Maybe having a cold when first trying this ramen has affected my taste buds, but I found that this tasted suspiciously like chicken and was neither hot nor sour.",1324425600,0,0
B000FFLTEG,3,"Soup was good, smelled unusual","The whole ensemble was good, with organic ramen noodles and pieces of tofu. The only problem I had was that it smelled strange once ready. The smell usually went away after a while (or I got used to it) but was the main disconcerting part.<br /><br />The tofu pieces are TINY and don't really taste like tofu....<br /><br />I didn't try microwaving it, as the hot water option was good with 15 min sitting time.<br /><br />After the first 3, I would separate the noodles and use them in other recipes but it would still have the same smell, so the problem was in the noodles and not the spices. A friend said that's normal in such noodles.<br /><br />Might not buy again.",1318118400,0,0
B003OB6CGI,5,Love this soup!,"This flavor along with Beef are my two favorites. You can't go wrong, ramen is cheap to buy and easy to make. The saltiness does not bother me. I make them somewhat to what the package suggests, but I add more water, not to much that dilutes the flavor, but enough to give me more broth cause I like it. Oriental is a unique flavor but oh so good. I buy mine at my local store because luckily I find it because on here it's pretty pricey. For those who haven't already I would give it a try.",1320105600,1,1
B003OB6CGI,2,CONTAINS BEEF EXTRACT - MISSING FROM AMAZON INGREDIENT LIST!,"I hate to give this a low-star review for a mistake that Amazon made in the listing - but as a vegetarian, I was very disappointed to see that this ramen had beef extract.  This was missing from the listing - I wouldn't have purchased it if the ingredient list was complete. :(<br />The noodles themselves are fine - just not the bouillon packet.",1334620800,7,10
B003OB6CGI,4,Ramen.,"What's to say about Ramen? Well the price was unbeatable and about to have surgery and will be unable to get out to shop, stocking up on easy to prepare foods. The sodium levels should be noted by anyone w BP issues.",1309910400,2,3
B003OB6CGI,3,Ramen for my shelf,I consume a lot of ramen.  My typical choices are either Korean brands or some other imports.  Maruchan has always been a cheaper option for those of us who just want a piping hot bowl of noodles on the fly.  I order this just like my other Maruchan orders to mix with different food or to serve with additional toppings.  The price I paid at the time was cheaper than the store which was great but it has gone back up.,1342742400,0,0
B003OB6CGI,5,Great flavor,"This is my favorite flavor of ramen, and as a college student, I can confidently say that this got me through a very sketchy part of my freshman year during which I ate very little. I would recommend this for the price and value for anyone who loves ramen as much as I do.",1340755200,0,0
B0058AMY10,5,My favorite Kettle Chip,"These are my favorite, but they aren't for everybody. In a way, they sort of taste like Oriental flavor ramen, but with a kick. For me, how can one go wrong with the combination of jalapeno and ginger? They are a bit rich, so they aren't for EveryDayForAMonth snacking. Because this is a case purchase, I recommend trying out a single bag before buying an entire case. The 2oz size seems to be no longer available, which is a shame; I can eat the entire 5oz bag.",1327968000,1,1
B0029JW96I,5,"Haven't order online yet, but this is abolutely the BEST!","The person with the negative view must have received pepperoni that had accidentally been punctured at some point. Something is definitely wrong. I have been eating this pepperoni for over 30 years and it is fantastic! Thirty years ago, my brother convinced me to put some slices of the pepperoni in my spaghetti sauce; it was outrageously good. I have used it ever since--me and my entire family.<br /><br />I even eat it ""raw"" (can't be raw or it wouldn't keep). It's one of my primary snacks on the Atkins (and I've lost 25 lbs). I hope the nay-sayers try it one more time--they are missing out.<br /><br />The super Wal-Marts sell it and they are always running out. And by the way, I live in Sacramento and I'm an instructor at a college; don't work for Bridgeford! I'm only online because Wal-Mart runs out so fast (just came from there) and I would like to buy a large supply I can count on. Actually, I have two, inch and ahalf pieces that I've hid from my husband in the fridge. I guess I'm addicted!",1307404800,2,2
B003CRMC68,5,Who knew you could have great & healthy pho at home!,"I love PHO!  My kids love PHO!  I just didn't realize how much sodium and MSG goes into PHO.  It's also hard to make PHO at home.<br /><br />A friend of mine introduced me to Happy Pho.  I bought a case of it and now I eat it about twice a week.  It's just about as easy to make as instant noodles.  Then you add veggies, tofu and other stuff to it for some variety.  It's pretty tasty and the spice packet (which doesn't have a ton of salt and msg) is pretty flavorful.  My kids wolf it down as well.<br /><br />AND it's healthy.  BTW, I've lost 17lbs on a new diet that has included Happy Pho!",1276214400,3,3
B000HQKXA4,4,"Very good, but not as great as Classic Maruchan","I liked these ramen noodles, but the taste is very Asian, with distinct soy sauce flavor (not a broth flavor).  If I compare this to my classic favorite, Maruchan Instant Lunch, Maruchan has much more delicate taste, with clear chicken flavor, like noodles in chicken broth.  Probably would not buy this again, but may try chicken flavor is they make it, because noodle quality and veggies were better than Maruchan.",1200096000,2,2
B0054TWQ3Q,5,My favorite instant noodles!!,"So long cup noodles! I've switched to Bowl noodles! As a broke college student, pack of 12 for such a low price is awesome! These noodles actually taste good and are better tasting than the cup noodles. From my experience, when it says pour hot water and leave. I leave it for 5-10 minutes because that makes the noodles more fluffy and soft, and less raw-tasting. The spicy kimchi flavor is also my favorite!! It's not too spicy, just the right amount!",1323993600,4,4
B0054TWQ3Q,1,I didn't taste anything kimchim in here.,"Nong Shim's noodle that you need to boil to eat, it's good. But these ones, the noodle's texture is totally different . It's the same as those cheap ramen noodle. The seasoning is not good either. I will never buy this kind anymore.",1345507200,0,0
B0054TWQ3Q,5,So Good!,"I never really liked cup noodles or bowl noodles. To me they have always tasted too plain and lacked flavor. One day my mom bought one of this product for me and told me to try it because her friend's son loves it. I was hesistant at first due to my prior experiences, but I decided to give it a shot anyways. First Impression ""WOW!"", and I am glad to say now I am an addict. This bowl noodle is of high quality, even if the price is low. The seasoning that is supplied, is so delicious. It is spicy, but not to the point where you will be tearing, it is just enough to give you a kick. My favorite part is the soup, it's spicy and has an amazing taste and I just cannot get enough of it. The bowl however comes with a lot of noodles, so if your not a fan of the soup you will still have a lot of noodles to munch on and after 1 bowl it should fill you up, but I am warning you now that everytime you have one of these your going to want another one right away. Overall, amazing product and I eat this very often. I usually buy it from my local grocery since it costs about 88cents per bowl and I don't have to wait for shipping.<br /><br />Just some additional information on how to prepare:<br /><br />Microwave<br />1- Open Lid halfway and fill up the bowl with water (about 3/4).<br />2 - Open the seasoning package, and pour it all in the bowl.<br />3 - Mix it up, cover the lid, and then put it in the microwave for 3 minutes.<br />4 - Once timer is up, let it sit in the oven for an additional 2-3 minutes and your ready to go!<br /><br />Boiling Water<br />1 - Boil Water<br />2 - Open Lid half way, and then open the seasoning package and pour everything in.<br />3 - Pour the boiling water into the bowl (about 3/4)<br />4 - Let it sit for about 2-3 minutes and your ready to go!<br /><br />Fun Fact - The longer you let the noodles sit in the hot water with the lid covered, the more water it will absorb, and it will lead to the noodles being thicker! So if your someone who prefers more noodles than soup, let it sit for about 5-6 minutes before you start munching.<br /><br />Let me know if my review helped! If you have any questions or comments please let me know and I will get back to you within the next day.",1344470400,0,0
B0054TWQ3Q,5,Pretty spicy. Tasty.  Good subscribe and save item.,"I like having a bowl of noodles as a bedtime snack. These are pretty filling. They're spicy, but not really hot. The only downside is that they're pretty high in sodium, but that's true with pretty much all instant ramen.<br /><br />My local big box store has these, but theirs have been hit with the grocery shrink ray and the per-unit price is a bit higher than Amazon with subscribe and save. This is a good item to stock up on. At the rate I eat them, I may end up having to get extra shipments. Om nom nom nom!!!!",1344211200,0,0
B0054TWQ3Q,5,Best Ramen ever!,Nong Shim has been making kimchi ramen for decades... I first tried it about 20 years ago. I was so glad to be able to find it on Amazon that I now get a case every quarter! It's my favorite ramen... I often eat them with tuna and salsa for a complete geek meal :-),1344124800,0,0
B0054TWQ3Q,1,NOT the same as their other kimchi!!!,"i bought these when they stopped having the original nong shim kimchi noodles available for subscription. they are NOT the same and htey taste awful!!! there is a super strong fish flavor i do not like. they are nothing like the original kimchi noodle bowls. if you want the yumtastic noodles that are my favorite ramen instant noodles ever, go here -  <a href=""http://www.amazon.com/gp/product/B000LQNK5A"">Nong Shim Bowl Noodle, Kimchi, 3.03-Ounce Bowls (Pack of 12)</a>",1315958400,2,5
B0054TWQ36,4,Same brand I used to buy in Korea!,"The packaging is a little different. In Korea the contents are sold in a larger paper bowl. Still, this is the brand I have learned to appreciate when I need quick and easy soup. It is very hot-spicy so most people may not want to use the entire spice packet. If you like ramen, this is one to try.",1327363200,1,1
B008AV5HLS,5,Rooster Sauce...,"As you can probably tell from the other reviews, this stuff is the new ketchup. It's popping up in restaurants and other venues, and for good reason: its tastes amazing! I can take really hot stuff, but this sauce isn't about killing your taste buds (or killing you). Instead, it lets you actually experience the flavor of the chilis front and center, while also complementing it with a strong garlic taste. I love to put this on hot dogs and hamburgers, as well as ramen noodles. Of course, feel free to experiment, I still experiment putting this on anything and everything if I think it might taste good.<br /><br />Believe it or not this sauce is made in America, despite its non-American-looking bottle. Its also as a pretty simple ingredient list that doesn't make you cringe when you look at it. I would recommend buying this (the 28oz bottle) as it is a much better deal than buying the smaller (17oz) one.",1313452800,0,0
B000VSFMCW,5,THE BEST NOODLES!!!,"We used to get these noodles when we lived overseas...and there is NO RAMEN NOODLE in the US that even comes CLOSE to the amazing flavor of Indomie! I was THRILLED to find it was available here on Amazon! I keep ordering it again and again...never to buy regular ramen noodles again!! Once you try these, you'll never want any other kind of noodles! :)",1318636800,4,4
B003OB6BHS,2,Maruchan Instant Lunch is blah,"Thought I was getting the packaged ramen, got the instant lunch instead.  Little if any flavor.  Mainly taste the bland noodles and rehydrated pieces of corn.",1322438400,0,4
B000C4QQ20,5,Excellent Chocolate,"I use this chocolate for special occasions when I need a great tasting chocolate ganache for cakes or cookies, or to make truffles.  The small pieces melt easily and the chocolate is not temperamental to work with.  It tastes very pleasant - it is not bitter, but has a nice rounded flavor (which also makes it easy to eat straight out of the bag!)  I store my chocolate in a cool dark place, or frozen.  I had one bag I misplaced for approximately 9 months, but noticed no changes or degradation in the product.",1339632000,0,0
B001AY8570,5,Delicious!,"I had gotten pretty tired of Ramen Noodles, so I tried this instead. I love it! It is a little bit saltier than I expected, but it's very good. In comparison with Ramen Noodles, I would say these are a lot better. They don't have as much content as the Ramen Noodles do. But they are cut smaller, so they are easier to eat. Another thing is that these have more taste than the others. They include small dried veggies and soy sauce kind of stuff to add flavor. We found our's at Wallmart in singles for only 88 cents! The best part is that you don't have to wait for the water to boil on the stove. These are microwavable in just five minutes!!!! Love them, and will continue to buy!",1347062400,1,1
B001AY8570,3,"CANT COPARE TO LA CHOY, BUT NOODLES OK","First off I found the directions confusing. It states to add water to the arrows, except I found no arrows, so I had to guess.<br />All the discription of the ""wonderful"" flavor is hooey. It was mostly soy sauce and sugar.<br />It state chicken flavor, but I tasted none.<br />The noodles are good, a bit larger than ramen, but about the same taste.Next time I will use the noodles and dried veggies, but throw the sauce away and add Campbells chicken broth instead.",1321056000,1,3
B005QBES3I,5,Delicious instant noodles,"I picked one of these up at a oriental store to try it and it was delicious but mine may be different. It says Pho Bo Beef. The product description on Amazon is a little lacking so I'm not sure.<br /><br />There were 5 different packets to go with the rice noodles: Dehydrated herbs/veggies, Regular Seasoning, Beef Packet (actual chunks of beef, packet reminded me of an MRE), Hoisen Sauce, and some kind of chili sauce.<br /><br />This is a far more substantial meal than what you normally get from an instant noodle. You have to add hot water and microwave it so it takes slightly longer but it's well worth it. I highly recommend and I would like to try other flavors.",1325376000,0,0
B000BKAL7G,4,Not you average ramen,"I'm not a big ""top ramen"" fan but this is different.  It cooks up in just two minutes with a wonderful spicy tomato flavor.  It makes a bowl of nice saucy noodles not soup.  One of my favorite ""junk foods"" (it's still fried so you can't exactly call it healthy).",1176336000,0,0
B001CUGD9Y,4,Decent,"I'm not the biggest fan of ramen, but I will eat it if I need to make something quickly and cheaply. This flavor is actually pretty good, although I wouldn't suggest eating it too often because of the amount of sodium. I usually end up being really thirsty after eating it.",1342396800,0,0
B001CUGD9Y,5,Good food at a cheap price,"Though not as famous as Top Ramen, Maruchan Ramen Noodles are still good eats when you're on a budget.  As is usually the case with Ramen soups, the beef flavor is the best, followed by pork, then ""oriental"" flavor, then chicken.  You can find many different ways to ""dummy"" it up, but it's best served in a bowl, soaking in those delicious juices.  You can also make a fine spaghetti using these noodles, ketchup, and sliced hot dogs.  Not gourmet to be sure, but still a decent meal.",1226880000,7,11
B001CUGD9Y,5,W00t!,"In Comprison to Maruchan Ramen, Nissin's Top Ramen tastes like crap. My favorite flavor is the beef and then oriental. The Chicken flavor is more popular for kids because its hardely spicey at all when the others have a slight zing to it like medium salsa. When i cook it i like to drain out practically all the water before adding the flavor powder to make the taste stronger and i don't eat it like soup, more like a pasta dish.",1230595200,6,10
B001CUGD9Y,4,My favorite flavor is the chicken,"There are times when I crave a bowl of ramen. For those of us who do not have access to local stores with less expensive stock available, this is the next best thing. My order arrived well packed and in good condition. I deducted a star for Amazon's price-it could be lower, but they sell at what the market will bear.",1322784000,2,4
B001CUGD9Y,3,Less Sodium?,"At the time of this review the description states, ""Offers less sodium ramen"" - less than what, which brand?<br /><br />The sodium content per serving is 830mg and there are TWO servings per packing. That brings us to 1660mg per package - 70% of your daily recommended allowance! A max of 2400mg is recommended.<br /><br />Less sodium?<br /><br />Besides that drawback I like Ramen noodles. They are good every once in a while, but please don't eat these often or think this offering is a low sodium product.",1345593600,0,1
B001CUGD9Y,1,Are u serious?,"wow, its 10 cents in michigan for 1 pack, i think im gunna start selling ramen noodles on here for 5 bucks a box. Cuz you knoo,.. everybody loves Ramen",1324339200,0,4
B001CUGD9Y,3,Thankgod  I don`t have to  shop at your store.,"My goodness the price of  Gold  is really up high. I can`t understand why prices vary  a lot from  state to state ,it seems the more one state is better off than a less to do state the more  you pay for everything ,in  this state  that is far better off .There is something wrong with  prices ,how they can change so much from  place to place ,in my opinion this should be illegal .when i saw what  $60.00  dollars bought  here  for noodles ,I thought  I would die. you  can by everything here  for under $15.00  your  Maruchan Ramen noodles ,36/30z  I can buy  here for $6.00 .and so forth.",1268179200,3,11
B00389TID0,5,Nissin Bowl Noodles - spoonable noodles,"This is a great hot, fast lunch.  The noodles are short and flat, instead of the twisty ramen ones, which makes it much easier and more enjoyable to eat. The soup booster adds a nice element and makes it seem more like chicken soup from childhood.  I love this stuff.",1288396800,1,1
B00389TID0,5,!LOVE THESE!,"I LOVE these! They are my favorite instant noodle dish. I have tried most of 'em! I like the flat noodles better than most curly ones, and the flavor is natural. I enjoy the veggies in the broth, too.",1346284800,0,0
B00389TID0,2,"Nissin, stop making Americanized ramen!",The only plus to Nissin Bowl Noodle is the dried vegetable packet. It's too salty and the noodles are flat noodles instead to the regular ramen noodles. You're better off buying the traditional Nissin Top Ramen than this.,1272672000,1,4
B004QXILAI,5,Great tasty noodles.,"This is one of the tastiest instant noodles I have tried.<br /><br />Available in most oriental stores, ""Lucky Me"" brand has several flavors but this is by far, better tasting than the other ones. It has 4 individual packets, the meat, flavor, toasted garlic, and the aromatic oil.<br /><br />The ""La Paz Batchoy"" flavor is very popular in the Philippines.  The taste is unique; the aroma alone makes you feel hungry.<br /><br />It says it only takes three minutes to cook.  All you need to do is pour boiling water up to half inch below the top lid. Put the packets and you are ready to sup.  I prefer 5 or more minutes because 3 minutes seems the noodles are still half-done.",1316995200,0,0
B0035U4WCY,3,Not bad!,"I had a bowl of these todasy for breakfast. I put two fried eggs on top and added a little hot sauce I made yesterday. The noodles have a decent firmness and the broth was tasty. The veggies weren't as plentiful as I would normally wish, but I couldn't complain; a good breakfast. 3.125 out of 5.0 stars is what I gave it on ramenrater.com.",1302393600,0,0
B000EOXQS0,5,Great survivalist stock item!,"After looking for the classic ramen flavor packets on the web along with a million other folks and finding nothing, I got the bright idea to try these Lipton soups for flavoring rice.  I am here to say they are the absolute best rice flavorings there are, bar none, and that includes the $9 small bottles of flavoring all the way from Japan.  They beat the heck out of ramen flavor packets!  I usually cook approx 1/2 a cup of dry rice at a time for a quickie lunch or a dinner side, that makes two eight ounce servings, and one packet of Lipton Cup-A-Soup is perfect to flavor that amount of rice.  You can literally have a different flavor each day of the week.  If you're up to it, put a tablespoon of olive oil in a skillet and pan brown the noodles before adding to the flavored rice.  Try them all!  I have yet to find one that isn't terrific!",1325116800,1,1
B000EOXQS0,5,"Luscious Soup, Little Guilt","Purchased this one about 2 months ago, and cannot stop raving about it.  Great taste, I use one packet to an 8oz styrofoam cup with a plastic lid, works great.  A quick pick me up in the office, right around when the air conditioning kicks in on high and your nose starts to freeze off - perfect!<br /><br />I just ordered another flavor, spring veggies, to give it a try.  And with 60 calories for the chicken and 45 calories for the veggies, you can't go wrong.<br /><br />About nutritional facts - compare this soup to ramen noodle cups - some with 300 calories and more than 10 grams of fat - this is a great alternative.",1280880000,1,1
B000EOXQS0,1,My worst experience with soup ever!,"Okay, going through the reviews, I anticipated that the soup will be pretty good- at least somewhat decent- despite being ""instant,"" because I've had some good instant soups before.<br />Well, after trying one packet, I was so disappointed! :( I should have NEVER ordered this!! What a waste of money... It tastes like Maruchan ramen noodle soup, but much worse, and it's so salty as well! I had to add like two cups of water, not 3/4 cup as told in the directions. I should have ordered instant Nong Shim noodles instead. The rest of the soup boxes will be donated to somewhere...",1349136000,0,0
B002F9VJEU,5,Add a kick to your Asian creations.,"Having visited Indonesia many times, I became aware of this great product - actually a Dutch Brand.  It is a chili paste which includes onions and is especially delicious added to Asian or Oriental soups (including Ramen products), or in making Nasi Goring.",1316908800,0,0
B00016LZT8,5,Verbatim replacement for Kraft Mac and Cheese,"I was looking to replace the Kraft Mac and Cheese powder that comes packaged with the macaroni noodles.  I used this with rigatoni, macaroni, and ramen noodles and it tastes JUST like the Kraft version.  Follow the directions for making Kraft Mac and Cheese and you will not be able to tell a difference.<br /><br />***UPDATE*** - I would like to see the nutritional information for this stuff.",1334707200,2,2
B003161EV4,5,Perfect preground espresso,"I read somewhere that this was the only espresso worth buying preground and to give it a try if you didn't want to spend $300 on a Rocky or similar big-buck grinder. The taste is smooth and sweet, not overpowering or bitter. It's a great espresso, affordable, proper grind, and works with my Sylvia - which by all accounts can be a temperamental machine. I've been using Blu + Sylvia for over a year now and get perfect espresso for shots or latte/cappuccino drinks every time.",1325980800,0,0
B0000DHZ27,1,"Excellent product, but not at this price","$16.80 + $11.10 shipping = $4.65 each.<br /><br />Price at local Lucky market: $2.39 each, no tax.<br /><br />I like this one primarily for the ""kick"" it gets from the tiny little packet of chili oil that's included.<br /><br />Safeway tends to replace this soup with its inferior house brand (about half the ""bite"" of the chili oil)...they sell it at half the price, but if it's not what you want, it's not a bargain...is it?<br /><br />So I do want to stress that this is a superior, 5-star product...I love it, I eat it almost daily, I make special trips to buy it, and I often empty Luck's shelves, then go back after they've re-stocked. I am self-employed, I work from home, and MANY times this has ""filled the hole"" till I can finish what I'm doing and cook a more substantial meal.<br /><br />It is somewhat ""healthier"" than the standard ramen / cup 'o' noodles product: 2.5 grams fat (4% daily allowance), Sat Fat 2.5 grams (3%), Trans Fat (0 grams), Sodium (47%)...so maybe a healthier option is to eat all of the noodles but leave some of the broth.<br /><br />I just can't, in good conscience, encourage you to pay almost double the cost of what you'd pay in a local market.",1310515200,0,1
B002AN4TWK,5,Please understand what it means to go grain free.....,"This product is a good product and really good health wise for your cats. If you are looking at this product you are probably interested in feeding your cats something better. I just wanted to address some of the negative reviews of this food - many of them by people who don't understand that all cat food is not the same. I took the time to switch my 8 year old street rescue Louie to grain-free food (tried many brands before I arrived at BFF), and here are some of my observations.<br /><br />Cost<br />All grain free foods costs more for the same reason that grass-fed antibiotic free, free range chicken costs more per lb than a chicken nugget. It's better for your cat! Anyone who has a cat that's on a farm - ever see it eating some of the corn or wheat that spills off of the truck? Never! That is because cats don't eat grains. In cheap cat foods these grains are used as fillers to round out the portions and are not of any nutritional value to the cat. When I went grain free my cat ate much, much less - thereby negating the price difference. I even tested it a couple of times - my 13 lb cat can eat 2 - 3 ounce cans of Fancy Feast in one sitting - but cannot eat a 3.3 ounce can of BFF in one sitting.<br /><br />Another point on cost. If you are the type to take your cat to the vet and take care of it when it is sick, then you save so much money and trouble with foods like this it is crazy. When you hear people talk about diabetic cats, food allergies and all the other assorted sicknesses our animals are getting - most of them come from food. Diabetic cats - did they continuously raid the cookie jar? All the money you think you will save (but are not actually saving) will go to the health care of your pet in later years. Its the same way McDonalds and Denny's don't have to absorb the cost of all the diabetics they helped create - the taxpayers pay for it through Medicare and higher insurance costs 30 or so years down the line (and sooner with all the young diabetics we are creating).<br /><br />Smell<br />Most grain free cat foods smell. EVO stank up the house horribly and I had to move the cat bowl from the kitchen. Minus all the fillers and grains - you are getting an all natural product that is better for your cat because nutrition of the cat is put first.<br /><br />Taste<br />Cat's are notoriously finicky. Most cat foods that have grains and other filler ingredients have to add heavy syrupy mixes to get the cats to eat them. They take corn, wheat, soy, barley and gods know what else, add some vitamins and then add a extremely strong tasty syrupy mix to get the cat to swallow it all. So cats fed this for a period of time get used to it the same way babies get used to sugars in their formula. Then, when you want to give the baby vegetables with no sugar added guess what? Baby rejects them - they want the sugar! Same happens with cats fed with cheap filler foods.<br /><br />Poop<br />When switching to grain free a cats habits and consistency may change. Their digestive system is learning how to digest what it was actually made for. Same thing happens to humans - look up the ""Whole 30"" and see what I mean.<br /><br />Switching to Grain Free<br />Its a process more involved than opening the can and plopping it down. Took me months. Google can help you do it but don't expect to just give this to your cat and have her dive right in thanking you for it. That may happen, but more likely than not you have to mix old and new foods until they are used to it.<br /><br />BFF, EVO, Taste of the Wild.... they are all good brands that will improve the health of your cat. I settled on BFF as my wet food because he loves it. I used to give him EVO wet food and he would eat it but he hated it. I still feed him EVO dry food because he likes it. I tried many brands and did not give up on grain-free food because I cared about my cat. I understood as a street cat for years he was used to eating whatever he could and it all was the cheapest, unhealthiest stuff available given to him by well meaning people. He has improved in every way (coat, activity level, temperament, litter habits, etc..) and now is a healthy and happy cat.",1340150400,5,5
B000VSDA3A,5,Too Good To be Called Ramen,"I stumbled across the ""The Ramen Rater"" blog and became very curious to experience what a raman fanatic considered to be The Best. Indomie Mie occupied the top two on his 10 favorites list. I thought it would just be a whacky expenditure and decided to try this flavor. Fantastic! If I were served this is a restaurant, I'd have been happy to pay for it. It is THAT good. Just the right amount of medium heat and lots of flavor. These are hard to make on a 15 minute work break though! By the time I squeeze out all the tight spice packets and get the boiling water over it, I have to be back at my desk! The 30 ramen come in a nice compact box. Excellent packaging. Totally worth the shipping cost. I am definitely ordering more.",1326067200,1,1
B000VSDA3A,5,Very Asia 30 pack,"I searched around for a legit place that sells this wonderful meal! I love these noodles and will NEVER go back to Ramen or any other version of instant noodles for that matter.  With less calories, less sodium, and less fat content than Ramen/other brands, for a meal that is quick and affordable, Indomie is the way to go! Especially the Mi Goreng Pedas (Spicy noodles) it has a little kick to it! But not too spicy though, and you could always not add the chili powder to your noodles, which is what I do if I don't want the spice. It still tastes delicious either way.<br /><br />Very Asia took a bit to ship my package (maybe because I was too eager to get my hands on it after so long) but it was WELL WORTH THE MONEY.  This is the MOST affordable place online, that I have found, to buy this product; unless you find a good Asian Market store in you local city. My closest one is an hour away so I'd rather have it shipped to my door step! @ .65 cents a package after calculated shipping, I'll take it! You will not be disappointed in Very Asia or Indomie.<br /><br />The package came in the original Indomie box, (i.e. the Indomie box was not put into another box to keep from getting damaged as a precaution) however, it didn't seem to do harm to the contents inside. When I opened the box, there was bubble wrap and my invoice, and my beloved noodles. Yes you can say I'm addicted. lol Hope this helps! If you are worried about trying something new, I highly encourage you to GO FOR IT. You won't regret this purchase.",1322784000,1,1
B003OB4BFW,4,A Good Choice,"Hey, it's a lot of lime... I mean, strong taste.  And you won't really find shrimp in there, just powder (which says it has shrimp taste).  But we're talking ramen noodles here. I could feed a village in africa for a month from just one box. And I like the taste of lime. Just be forewarned that it's pretty heavy on the lime taste.  Otherwise, if you like ramen noodles, you should like it, and if you don't, why are you wasting time reading this review of ramen noodles?  Move on.",1337558400,3,3
B003OB4BFW,3,Eh,This was not a great as I thought it was going to be. Like the regular shrimp it seems a little bland but then again nothing has the strong amount of flavor the beef ramen has. I have only had this once or twice as I can't seem to find it near me and have to watch until the beach in Sep. I will try this again though to see if the second time it is better.,1334707200,1,1
B003OB4BFW,3,Not easily found locally...,This is one of the flavors I saw on here and thought would be good to have around the house.  Just like vodka I find Maruchan ramen to be great neutral mixers or additions to basic foods.  This has worked quite well with some kimchee and eggs on multiple occasions.,1342396800,0,0
B003OB4BFW,2,Meh,"I bought this partially based on another reviewer's statement that this had a strong taste of lime. Maybe I got a bad batch?<br /><br />The one I tried, before I gave it all to my roommate, was unbelieveably bland. I could taste no lime flavor in it at all and definitely no shrimp. I haven't tried any other flavors of Maruchan Ramen in years, though, so this could be typical of this brand, I don't know. I can tell the difference with Top Ramen.<br /><br />Now, I really like Maruchan noodle cups. I prefer their shrimp and lime shrimp flavors above all the others, which is the main reason why I decided to try this flavor of ramen.<br /><br />I am a really good cook, but on a very, very limited fixed income and I try to help out one of my roommates, who has a son and gets even less money than I, so part of my diet has to come from ramen and noodle cups.<br /><br />This flavor is bland, at least to my palate, it was. I greatly prefer the taste of chicken and beef flavor Top Ramen.<br /><br />Not much else to say about it. The price wasn't bad, about the same as Walmart and my roommate isn't picky, he says all ramens taste the same to him and he was glad to get any kind of food, since it's getting near to the end of the month.<br /><br />I definitely won't buy this flavor again, though.",1340496000,0,0
B003OB4BFW,5,Yes!,"I love this flavor the best and was dissapointed when this and other good flavors were dropped from stores in my area. Im so glad to see it here on Amazon, I want to order some. Ramen is a quick easy, cheap lunch for me and is very delicious. This flavor is my favorite ever, lots of lime flavor. There arent many flavors in stores now, manily only Chicken, Beef, Pork, Oriental and Shrimp, thats about it.",1335744000,0,0
B000LRH8V6,5,"Next Best Thing to ""From Scratch""","I usually make my own chicken stock from scratch, but sometimes what I've got on hand isn't enough to fill the pot. When that happens, this is my go-to bouillon. It's also great for when you get to the bottom of a big pot of soup, and it's super thick. Adding a little of this vegetable stock can stretch out that last bit without sacrificing flavor. I've tried a lot of different chicken bouillons, but none of them have the wonderful flavor this vegetable one does. This is also the only bouillon I will drink straight, when I'm feeling sick. It's delicious!<br /><br />The sodium in this is comparable to other bouillons, and MSG (in some form, frequently listed as ""autolyzed yeast extract"") is in pretty much every canned soup and stock out there. Very few people are actually sensitive to it, or they would have gotten sick every time they ate Campbell's soup as a kid. But they see the scary letters and get alarmed. It's just silly.<br /><br />While I do think you should try to keep processing foods like this to a minimum because of the high sodium levels, a little bit here and there won't hurt you. Fast food and processed meals like TV dinners and Top Ramen are far worse. Practice moderation in all things and you will be fine.  :-)",1299628800,0,1
B001UO90BA,4,Smoky & Different,"First time trying this particular yerba mate. My only other experience with Yerba was from the Natural Food Co-Op in Sacramento, where it is sold by the ounce in jars. Presumably that variety was one of the steeped rather than smoked varieties, because I can't in all honesty even recall the flavor, it had so very little to remember!<br /><br />This Cruz De Malta was a very pleasant surprise with it's smoky and deep rich flavor. I made sure to not use too-hot water which brings out bitterness in yerba. I used 2tbsp of Yerba Mate, and 16oz of water in a glass tea infuser.<br /><br />I tasted it plain, and found it's quite sweet by itself (although, don't think soda-pop sweet here, more like the sweet you'd expect in a good fresh vegetable, say a good variety of spinach sauteed lightly.)<br /><br />I added 1 tbsp of honey and that was just perfect for my taste. Brewed a 2nd pot from the same leaves and still had plenty of sweetness without adding more honey.<br /><br />The flavor is very akin to good Japanese green tea, although much sweeter by itself. If you like green and herbal teas without adding sugars, you may find this tea plenty sweet by itself.<br /><br />Overall very happy with the quality and price.<br /><br />Gonna try a few other brands too, just for comparison :)",1346112000,0,0
B0028PDFQG,5,"Once you try, you'll be in love","Ya, in love, and that's not exaggerate.  I grow up eating instant noodle, and i know what i'm talking about.  This is eaten without the soup, so i think they pack you more noodle then most other instant noodles.  Its got great flavor.  not the healthiest thing to eat, but this is great comfort food.",1282608000,13,13
B0028PDFQG,5,my favorite!,I am Japanese and this yakisoba is my favorite since I was little!<br />and My dad loves it toooo!!!<br />also I uploaded some pics for you!<br /><br />*Yakisoba is not Ramen noodle. Yakisoba is not in soup.,1300320000,20,22
B0028PDFQG,5,surprisingly good,"I enjoy eating ramen, and noodles in general, and since the powers-that-be took away our lunch break, during the workday I end up surviving on microwave-only, or just-add-water items while sitting at my desk. I try to cycle through various brands and flavors and types.<br /><br />I've had other Myojo noodles before (the boil-in-a-pot-at-home variety) and they've always tasted great.<br /><br />The way this yakisoba is prepared is by first pulling open a designated corner to access the interior. You have to remove four small packets (seasoning/ingredients), lying on top of the dry noodles inside. You tear open and pour in the dried veggie packet. You pour in the boiling water...I used the hot water from a water cooler...and cover the top. It says to wait 3 minutes...I wait about 5 minutes since the water I'm using isn't as hot, but I guess it also depends on what you prefer for the consistency of your noodles. You then remove a sticker tab from the top, drain the noodles through the slits the sticker tab had covered, remove the top, and add and mix around the contents of the remaining three packets into the noodles and it's ready to eat. I hope I didn't make it sound like a complicated science experiment, but when you do it, it's actually pretty simple.<br /><br />Their fill-and-drain packaging works well, I've had other noodle bowls where the drain holes/slits were too big and the noodles fall out into the sink, or the water doesn't drain out properly.<br /><br />Flavor-wise, it's surprisingly good (from looking at the ingredients, it looks like it uses tuna product for flavor, not beef)...when I go out to eat, I order beef yakisoba, because the beef base provides the best flavor (or so I believe). My friend orders chicken yakisoba because she remembers some really tasty beef yakisoba her grandma used to make her, but she no longer eats beef. And the chicken yakisoba she orders always tastes bad (and she agrees).<br /><br />If you're a meat-lover, this yakisoba could be even better if it had some sort of meat-like bits to add extra texture.",1282780800,16,19
B0028PDFQG,5,Yakisoba: a savory substitute for instant ramen meals,"Myojo Ippeichan Yakisoba is a tasty instant noodle meal that leaves me wistful for Japan's summer festivals where vendors cook mountains of noodles on flattop grills.<br /><br />Yakisoba traditionally is prepared with a sweeter, thicker condiment than Worcestershire sauce. Stir-fried with small pieces of pork and vegetables (cabbage, onion and carrot are the most common), yakisoba is flavored with many different seasonings, depending on which Japanese region the dish is prepared.<br /><br />The Myojo Ippeichan Yakisoba package comes with four packets -- dehydrated vegetables, spices, yakisoba sauce and a mayonnaise-mustard blend -- that require more preparation than the typical ramen noodle meals. Don't let that dissuade you from buying Myojo Ippeichan Yakisoba though, meal preparation only takes a few minutes; the extra steps are explained clearly on the side of the package (step-by-step illustrations are on the lid).<br /><br />The key to preparation is to drain as much of the hot water as possible. Again, unlike instant ramen, you don't want a broth. These are dry-style noodles. Add the sauce, spice and mayonnaise-mustard packets together and stir thoroughly. The noodles should be covered completely and slightly sticky with no pools of sauce in the foam tray.<br /><br />Rating: Five stars.<br /><br />BTW: If you have not yet enjoyed Japan's festival food, I highly recommend tomorokoshi (grilled corn on the cob), okonomiyaki (savory, vegetable pancakes), takoyaki (octopus dumplings cooked in iron molds), yakitori (grilled skewered chicken), jaga bataa (steamed potatoes with butter) and, for dessert, either anzu ame (candied apricots) or kakigori (shaved ice).",1308960000,5,6
B0028PDFQG,5,Best Out There,"These noodles are awesome, been eating them for years in Iraq and Afghanistan. They are hard to find at times because they are imported, so finding them on Amazon is great. Shipping was fast and price is reasonable- I have paid 100 dollars for 2 cases of 12 shipped from other vendors (KOAMART). Please understand, these are buckwheat noodles, not ramen noodles. Packaging was a little weird, they are shrink wrapped 6 to a flat, but these are the real deal.",1321747200,2,2
B0028PDFQG,5,Delicious Instant Noodles,"One of the best Instant Noodles around the World but not the healthiest instand noodles.<br />Lots of fat and sodium+sugar.But Why the Japanese guys are slim , mostly?<br />I wish the amazon.com selling this delicious instant noodle with pack of 24 or 40 instead of 6 so the price is down and it s really good for the customers like us.",1292371200,2,2
B0028PDFQG,4,Very tasty,"My wife introduced me to these - we bought them at the Japanese store in Epcot.  After we'd eaten the two we bought, I wanted to find them on the web, so I was pleased to see you could get them at Amazon.  This is a tasty noodle dish.  It's not what I first thought - a soup.  It is really noodles, with a spicy mustard, mayo, soy sauce mix.  It's easy to prepare as well - the ingredients are all with the pack and it just requires boiling water.  The container is pretty neat too - a built in strainer that lets you prepare the noodles and then drain the water without needing any additional utensils or bowls.  It's a little expensive if you just want ramen noodles - it's much more exotic IMO.  Try it!",1349654400,1,1
B0028PDFQG,5,Taste better than Chow Mein,"Myojo make high quality instant noodle, this is no exception. This should fill you up since it has like 600 calories, it comes with lots of sauce, the noodle is high quality. You get what you paid for in instant noodles.",1330387200,1,1
B0028PDFQG,5,Best Instant Noodle I've Ever Eaten,"Quite simple the best. I was skeptical of all the reviews i've read on Amazon and other sites ... all seemed to exaggerate, but it is no exaggeration. The packaging, with it's drain spout is extremely intelligent, the portion size is perfect, the flavours are fantastic together (although i added a bit of spicy chili sesame oil for a bit of heat) ... slightly tangy and very mildly sweet. The noodles have a nice consistency as well and a good flavour (typical instant noodle noodles don't provide much flavour on their own)... And don't be afraid of the mustard mayo. Forgoing it would definitely have you missing out on the full experience of this meals flavour.",1305763200,1,1
B0028PDFQG,5,Delicious Japanese Noodles,"I am very pleasantly surprised by these delicious Japanese noodles. There is no soup, as in ramen noodles, just fantastic taste from combining the four included flavoring packets. These noodles are not spicy at all, just subtle and elegant tasting. I find that the noodles pair well with lighter drinks such as sake, and alternately, apple cider. The self draining packaging container, which is used to cook the noodles, is absolutely ingenious. Preparation is so simple, that from pantry to ready to eat is ten minutes maximum. I am already planning my next order!",1350777600,0,0
B0028PDFQG,5,Best I ever had,"This kind of Ramen can't be compared to the cheap 50 cent one you get in your local supermarket.. I paid for like $3 for one of these ($18 for 6) and this has so many different flavors from the mustard mayonnaise to the sauce and to the spices. Mustard mayonnaise might sound bad but it's not a yellow mustard we have in the USA but a more Asian mustard with more spices. It's around 600 calories, and this filled me up when I had it for supper. If you like Japanese food or Ramen, then you have to get it.",1350432000,0,0
B0028PDFQG,2,Bad Batch,"I think I received a bad batch( there's no expiration date).  Tried one---made me a bit queasy afterwards; like a fool I tried another( a few days later), this time w/o the mustard/mayo, and felt sick again.  These have probably been sitting on the shelf in a sweltering warehouse for quite some time, which can't be good for the mustard/mayo or the oily soy sauce pack.  That aside, they don't taste too bad actually but nowhere near as good as the other reviews would suggest.  I ordered a couple other Myojo ramen and they seemed fine, so I'm guessing it's just the luck of the draw---ordering food products from Amazon is something of a crapshoot( I've had stale popcorn delivered too).",1317945600,5,9
B004XXXRSW,4,Spicy and salty.,"This received a very high rating from the RamenRater (I think Top 10 List).<br />It is very good, lots of seasoning.  I actually think it is a bit overseasoned/salty, so if you add your own extra veggies(frozen works great), it actually makes it tastier, healthier, and more filling.<br />The non-fried noodles are good.",1348099200,0,0
B001AYBCI4,5,A Japanese favorite,"S&B curry and <a href=""http://www.amazon.com/gp/product/B001ATZQ68"">House Curry</a> are two of the major brands of roux, and if you want to experience the Japanese twist on curry, this product is the perfect way to do it. This is the same product you'll find in Japanese homes and supermarkets.<br /><br />Many people are unaware of just how popular curry is in Japan. Frequently served in homes, restaurants, and schools, curry rice is so commonly-eaten and loved that it can be considered a third national dish, right after sushi and ramen. Introduced to Japan during the Meiji Era (1860's) by the British, curry was at first only affordable to the wealthy, appearing in gourmet restaurants in Ginza and other fine dining establishments, but now it's very ubiquitous and eaten frequently by young and old. Curry is filling, easy to make, nutritious, versatile, and can feed many people for very little money, not to mention delicious.<br /><br />Inside the box are solid, dry cubes of roux, arranged sort of like an ice cube tray. Preparation is so easy that kids often make this on camping trips. You simply break off as many pieces as you need, brown some meat (usually pork when I was living in Tokyo), add the roux and water, then simmer it with your choice of vegetables until tender. Usually, this is carrots, potatoes, onions. Sometimes apples are added.<br /><br />Japanese curry is more liquidy than curries served in typical Indian restaurants in the US, sort of like a rich brown gravy. It goes over rice, or sometimes udon. When served on rice, it is accompanied by a heaping spoonful of chopped pickles like <a href=""http://www.amazon.com/gp/product/B0019LDFRE"">Daikon Takuan Pickle -7oz</a>. Japanese levels of spiciness are typically much lower than American tolerances, so ""Hot"" is not really that hot.<br /><br />The Amazon price is reasonable, especially if you live outside of large East Asian urban centers, where Japanese foodstuffs can be hard to find.",1259452800,7,7
B004LLD3MQ,5,Very nearly perfect,"Of all the ramen I've ever had, this is my favorite instant brand. Annie Chun ramen is all natural, with no MSG (which great, because I'm sensitive to MSG but love ramen). While it only comes in three flavors, I find spicy chicken to be the only one really worth eating. The flavors are very subtle in all three, with spring vegetable tasting like water with a bit of celery steeped in it. With the spicy chicken, I often find myself doubling up flavor packets or draining a lot of water to taste the sauce better. Done correctly, this can be made somewhat spicy. It's also good with a splash of sriracha.",1344124800,1,1
B004LLD3MQ,5,Delicious,"This is so delicious. I want to buy a case. I tried this today for lunch and these are the most delicious noodles Ive tasted. Fresh noodles in a savory and spicy broth. Not too spicy but just spicy enough.  Better than other instant noodle soup brands. Would recommend it to anyone who likes ramen or spicy food. Even if you're not a spicy food lover they are ok, they arent too spicy.",1351036800,0,0
B004XTDMOA,1,Crap,"I normally buy maruchan ramen and just add curry spices and whatever veggies to the mix, but I figured I'd pay a little more and try these since it looked as though veggies were part of the packaging, like in some of the cup of noodle brands etc, however they were not. The noodles by themselves smell stale as you cook them and once cooked the noodles are mushy, the flavor is pretty weak and the spice is mild at best. Guess I'll stick to original recipe, a little more effort but 1/4 the cost.",1347408000,0,0
B004XTDMOA,5,Delicious!,I usually buy these from my local Indian grocery. After doing a little research I found that the Maggi brand is how Kraft is branded to much of the world outside the US. It's one of my favorite snack foods/meals. It's essentially a pack of ramen instant noodles with an Indian curry flavored sauce. Another plus is that it's completely vegetarian. When prepared according to the directions on the package the noodles wind up covered in a slightly runny sauce opposed to traditional Maruchan Ramen which when cooked according to the package's directions end up in a broth.,1329523200,0,0
B002JWKSIG,5,"Have you heard of ""Kusa Mochi""? Well, this is it!","This Mochi is very hard to come by in the US. This is authentic ""Kusa Mochi, or Mugwort Mochi that is popular in Japan. I love Eden's version as theirs are made of brown rice instead of white sweet rice. Of course the mochi with white sweet rice makes it more starchy and sweeter, but considering health benefits of using brown rice, this is the winner! Just bake it on a sheet of aluminum foil in an over toaster at 450 degree temperature for about 5 to 10 minutes, or you see it's puffed up for about an inch. It's ready to eat, and my favorite way to eat is to wrap it with a sheet of toasted ""nori"" or seaweed, and dip in a soy sauce or famous Liquid Amino to enjoy! The use of Mochi is endless - miso soup, or with noodles like udon, soba, or ramen. They are bit pricey and I wish they are available at cheaper price, but Amazon's subscription price is the best price I found so far online.",1326758400,2,2
B000LKXRU4,5,I love black beans,"I agree the nutritional information is completely wrong, and not just on this site.  I reported the error here, using Image Feedback, and also to another site.<br /><br />But at this price, I would still purchase this product. I've ordered this many times.  I always rinse the beans a lot before using them, anyway.  Unrinsed beans give me immediate heartburn, but I can eat cans and cans of well-rinsed beans with no problems.  (I believe that I must rinse quite a bit of that salt away.)<br /><br />Here is everything from the can in my hand right now from my November 2009 puchase off this page:<br /><br />Expiration date 08/25/12<br />Natural Value 100% Organic Black Beans<br />Vegan, Low Fat, Net Wt. 15 oz. (425g)<br /><br />Serving Size 1/2 cup (130 g)<br />Servings Per Container about 3.5<br />Calories 110<br />Calories from Fat 5<br />Total Fat 0.5g  1% Daily Value<br />Saturated Fat 0g  0%<br />Trans Fat 0g<br />Cholesterol 0mg  0%<br />SODIUM 310mg  13%<br />Total Carbohydrate 20g  7%<br />Dietary Fiber 6g  24%<br />Sugars 1g<br />Protein 6g<br />Vitamin A 0%<br />Vitamin C 0%<br />Calcium 2%<br />Iron 8%<br /><br />Ingredients:  Prepared organic black beans, Water, Sea Salt<br />Certified Organic by Quality Assurance International<br /><br />Product of U.S.A.<br />These Organic Beans were grown and processed in the U.S.A.<br /><br />Distributed by Natural Value, Sacramento, CA  95831<br />[...]",1265414400,4,4
B0025UOMXE,5,Roast Chicken is the best,"I tried these the first time they were on sale, and now I'm hooked.<br />I don't care much for regular ramen and this isn't regular ramen.<br /><br />The dried vegetables and the other flavors give it a more 'lo mein' taste, than a 'soup'.<br />Somehow, it seems more authentic.<br /><br />The one cup of water that you add to the mix in prep leaves the proper amount of moisture in the mix.<br />The second packet is quite flavorful, but not so MSG'd that you have a MSG headache afterwards.",1307145600,5,5
B0025UOMXE,5,Yummy In My Tummy,Last time I ate ramen was when I was a 16 yrs old and even then I didn't care for them much (but in a pinch was a quick meal). I bought a whole bunch of noodles for my nephew who is in college and seeing the prices these were going for I HAD to try them myself.  I prepared it as instructed in the packaging. Only difference is I only used half of the seasonings packet. I always found seasoning packets too salty for my taste ( I also never drink the left over broth saves both calories and sodium) . I also shredded a left over jerk chicken breast from last night. I must say it was very good. The noodles went great with it. Next time I will add some frozen mixed veggies as well. All in all I am quite surprised and pleased with these. I know I can have them on hand for the occasional meal when I am not feeling well enough to cook a full meal.,1310947200,4,4
B002ES7NME,5,Great,"It's sad when someone who buys this thinks that it smells bad and tastes horrible. 90% of the time it's because they didn't follow the directions and washed the lime off of the noodles before using them and par-boiled them to improved the texture.<br />It's a shame too since these noodles (made of konjac) are almost 0 calories.<br />These noodles are fantastic! It's so great to have found this a year ago.<br />I've used it to make spaghetti, sukiyaki, pesto, alfredo, it's a good ramen substitute and substituted it for yakisoba dishes as well.<br />I like these so much more than the Tofu Shirataki noodles that I actually find more often.<br />JFC texture is more like pasta than the other.<br />I'm planning to try the brown shirataki as well.<br /><br />Great Product<br />Priced Well<br />Amazingly Low Calorie<br />Completely Versatile<br /><br />FOLLOW THE DIRECTIONS AND WASH THE NOODLES FIRST TO GET RID OF THE LIME SMELL AND PAR-BOIL THEM.",1300752000,6,6
B000H7EE1M,4,hate tea? you might like this,"My husband can't stand most tea. Green tea, black tea, mint tea-- all of it tastes like weeds to him. However, this summer while we were in Japan, we went to a ramen shop that put out carafes of iced tea. Being too thirsty to wait to wait for someone to flag down and ask for water, he went ahead and gulped some of the tea down. Twenty minutes later, I notice he's not bothered to ask for water. I thought you hated tea? ""I can drink this.""<br /><br />Fortunately, my mom's been drinking Rooibos for 20 years now, so I didn't have to desperately find someone who spoke English to find out the name of the miraculous tea that was deemed ok to drink. I just needed to remember to order some when I got home. All of the tea shops around here sell it mixed with fruits or other herbs, and that wasn't going to fly. I was very pleased to find a reasonably priced case of organic straight Rooibos here.<br /><br />I use three bags to brew a little less than 1.5 liters, and then keep it chilled in the fridge. It's really helped cut down on soda consumption around the house. My mom has been drinking Port Trading Co Rooibos, but said she thought she liked the taste of this one better.",1316736000,6,6
B000HDL1LC,1,Took a bite and dumped it...,"Normally I don't take the time to review food products I buy but this product was ABSOLUTELY GROSS.  The noodles tasted mushy and overcooked and the sauce and toppings were abysmal.  Maybe I have higher standards for asian food but the sauce is overwhelmingly and sickenly sweet (and thats just adding a little over half of the bic packet they give you), the sesame seeds had no flavor, and the ""vegetable toppings"" consisted of a tiny packet of bits of dried carrots and green onion.  Sesame teriyaki? Not even close.  Even dried ramen noodles taste better in my opinion (if only because they are deep fried).  If you REALLY want to buy it and try I'd suggest going to publix or kroger and sampling one before you shell out the money for 6.",1317254400,2,2
B000HDL1LC,4,Suprisingly tasty and good,"Stumbled on this in Walgreens while rushing to work.<br />Decided to give it a shot.<br /><br />I was suprised-tasty and good quality. Included fork, sturdy plastic bowl.<br /><br />If you are looking for a quickly prepared lunch while at work-you cannot go wrong with this.<br /><br />PS.<br />This can not be compared to ramen noodles-totally different class of product here.",1249603200,3,4
B000HDL1LC,3,Mediocre but convenient,"I haven't eaten a store-bought frozen or shelf-stable Asian meal in several years because I've always found the quality and taste to be sub-par. However, I thought that maybe the quality had improved over the past few years, and based on the generally-favorable reviews on Amazon, I decided to try the Simply Asia Sesame Teriyaki Noodle Bowl. I bought one on sale for about $2 at a local store. The package consists of a bag of noodles (fresh, not dried), a packet of dehydrated vegetables, a sauce packet, and a topping packet (as well as a bowl, lid, and spoon).<br /><br />The noodles came formed into a solid mass - I suggest crumbling them apart. The dried veggie packet was tiny - smaller than the seasoning packet found in a bag of ramen noodles. I'm not sure why the ambiguous term ""topping"" was used, when the topping packet appeared to contain nothing more than ordinary sesame seeds - maybe they're imitation seeds? At any rate, preparing the noodle bowl was quick and easy - dump the noodles, veggies, and sauce in the bowl, add a few spoonfuls of water, put on the lid, microwave for about a minute, stir, and sprinkle on the topping. The noodles had a good texture, and the overall impression was of warmed-up leftover takeout food (which I personally like, so don't take that as a negative).<br /><br />Portion-wise, I would say the bowl is adequate as a main dish, but I probably wouldn't be fully satisfied without an additional side dish like an egg roll, a cup of soup, or a small salad. The bowl is only about half-full when prepared. The package suggests supplementing the dish with cooked meat, tofu, veggies, or garnishes, so you can always toss a few leftovers into the bowl to bulk up the meal.<br /><br />The problem I had with this dish was the sauce. It was too strong (both in sweetness and saltiness) and there was too much of it. I would not have been able to eat it at all, had I not added about half a cup of leftover white rice to the bowl. Doing so thinned out the sauce and made it eatable, but even so I only managed to finish half the bowl. I personally would not purchase this product again, but if you like lots of strong, heavy sauce, you would probably enjoy this dish.",1304035200,1,2
B000HDL1LC,1,Barely edible and way overpriced,"I wanted to try this as an alternative to the typical ramen cup or bowl of noodles and was expecting a premium alternative looking at the price. I tried it and was not impressed at all. It's basically instead of a dry noodle product partially hydrated and instead of a powered sauce, the sauce is already hydrated. So it's a dry ramen type product at three times the price because it has most of the water in it still (I paid $3.00 for one bowl). I was expecting some meat or veggies in it like the hormel entrees do, but all this had was a few dehydrated veggies and spices and a small bag of seeds to sprinkle on. Not worth the expense to me, and it also did not taste very great to me. 1 star, overpriced for the taste.",1308268800,0,2
B000HZH5XI,5,"Love it as well, especially for the price","In short, I'm a big soup eater, not a big fan of the typical ramen noodles, too salty - there is another product on Amazon that is organic, good but not as tasty and satisfying as Myojo Udon noodles.  I read the other review and am not fond of SPAM but this is very good and I also don't tire of eating it day in, day out.  It is very nice that it also is on ""prime"" to avoid extra shipping cost.",1223337600,4,4
B000HZH5XI,5,Love me some good noodles,I've always been a huge fan of ramen noodles. So one day I decided to be a little adventurous in my soup eating traditions and give udon a try.  I absolutely love it!  The noodles are round and slimy so they're a lot of fun to eat.  It's super easy to cook to.  All you need to do is boil the water and add in the noodles right before you eat.  It's also lower in calories than ramen so that's always a plus too. Delicious noodles.,1298678400,0,0
B000HZF7JC,4,These noodles are close to fresh made.,"The noodles that come with this pack are already cooked and soft and vacuum-sealed. They're like authentic fresh udon noodles. Just don't overcook them, no more than three minutes at a full boil, otherwise they get too soggy/soft. The soup base is rather plain (as with all of their flavors) but it isn't meant to taste like oriental-style ramen noodle soup seasoning packets. This really is meant to be garnished with vegetables for a more complete meal, otherwise it doesn't seem very substantial. One serving per package. About 280 cal and 1.5 grams (1500 mg) sodium per pack/serving. OUCH! But that's common for these soups anyway.",1212969600,0,0
B00408XID4,2,Bland beyond belief,"I've been waiting to try these eggs for a couple of years but hadn't been able to find them in a store locally, though they are produced in our area (Pacific Northwest).  The rave reviews made them sound great, and I thought they were going to be just the thing for an emergency food, like for breakfast or to add protein to Top Ramen.  They were fairly easy to prepare, but I was so disappointed once I tasted them.  They were almost flavorless, and tasted more like cardboard than anything else.  They wern't bad, just not good.  I was so surprised because they got such rave reviews.  The only thing I can say is that they are better than the Mountain House freeze dried eggs, which, when I tried them, caused me to gag (probably from their freaky texture).",1347235200,2,2
B000HZF7J2,4,I bought this for the noodles...,"The noodles that come with this pack are already cooked and soft and vacuum-sealed. They're like authentic fresh udon noodles. Just don't overcook them, no more than three minutes at a full boil, otherwise they get too soggy/soft. The soup base is rather plain but does have a mild chicken flavor but it isn't meant to taste like spicy oriental-style ramen noodle soup seasoning packets. This really is meant to be garnished with vegetables for a more complete meal, otherwise it doesn't seem very substantial. I add cooked fiddlehead ferns and spinach, sometimes thinly sliced beef also. One serving per package. About 280 cal and 1.5 grams (1500 mg) sodium per pack/serving. OUCH! But that's very common for these types of soup. I generally don't drink the soup anyway so it's not an issue. These noodles are not fried so there's no oil, just a gram of fat per serving/pack.",1212969600,0,0
B000E123IC,4,Surprsingly good,"I've been keeping an eye out for different lunchtime food-type items I can bring to work and make with little fuss (aka, water and a microwave is about all I have access to). I really wasn't sure what to expect with this. I didn't know if it would be like the ramen noodles that college students survive on or if it might actually be a passable lunch. Luckily, it turns out to be far better than a ""passable"" lunch and it's a pleasant surprise.<br /><br />Now, there are a good numbers of steps to prep it, but nothing you can't handle as long as you have access to water, a sink and a microwave. Don't need a measuring cup, I just use the fill line on the included bowl (another bonus, as I didn't have to scramble to find a microwave-safe bowl). It cooks up faster than I expected, which was nice not having to wait longer after all the other steps. The amount of food doesn't look like much at first, but after it's done, it's rather substantial. I had plenty to eat and it wasn't too salty like some miso soups tend to be. The noodles helped absorb some of that, I think. My only gripe, and it's relatively minor, were the ""onions"" that were included in the mix. They turned out rather soggy and limp to such an extent I don't think they could be classified as onions anymore. Maybe more like, ""Clear, pliant tasteless ""O""s. But other than that, it was quite enjoyable. I would buy this again, and I'd like to see what other flavors are available.",1348272000,0,0
B000E123IC,5,The Best Instant Noodle Meals You Can Buy!,"Why?  Because the noodles come SOFT, sealed in plastic!  If you are tired of noodles that ""crunch"" or that have to be reconstituted out of the original cardboard, you are in for a treat!  Available in something like a dozen different varieties, try them all and then subscribe to your favorites in order to get the lowest price.<br /><br />Note: The seasoning comes in a sealed pouch so if you tend to prefer yours less salty or less strong in taste, don't use it all to start.  You can always add more in later.<br /><br />Note: Since the bowl is made partially from cornstarch, it will biodegrade completely so toss it in the trash when you're done without feeling guilty.  (For this reason you should NOT attempt to reuse this bowl like you may have done with other brand instant noodle meals that came in plastic bowls.)",1329350400,0,0
B000E123IC,4,Much better than ramen,"There are a few staples for most office worker, and some sort of easy to heat soup is one of them. Unfortunately, most soup cups are pretty poor; either terrible for you or they taste like paste. Annie Chun's is an exception. The noodles are great by comparison to Ramen noodles. They have a nicer consistency and flavor, and are thicker by comparison. Another plus is that the soup doesn't contain nearly as much sodium as Ramen, meaning it is quite a bit healthier.<br /><br />The miso soup variety is my wife's favorite. I enjoy it as well, but not as much as the not-and-sour variety.",1228003200,0,0
B0025UMAZQ,5,"I usually don't like mac and cheese, but...","This ramen-style noodle dish is seriously good.  Even though the cheese mix is the dry stuff that comes in a little packet, its taste and consistency once you mix it in is perfect.  The noodles only take a couple of minutes to soften up when you microwave the bowl, and the package is perfect for stashing at work for some almost-instant comfort food.",1321056000,2,2
B0025UMAZQ,5,Tastes better than the cup o noodles,So my wife gets the biggest laugh when I order food from Amazon. However then she trys it and understands why I don't want the .25 cup o noodles. I like fast easy stuff like this for grab and goes at work. It also nice to keep a couple in my drawer at work for that random long day when I can't get out for food or have eaten the little food I brought with me. I do the subscribe and save and that makes these just a bit over a dollar. But hey .90 gets me a cup o noodles out of the vending machine and this is twice as much food. Think of this one as Ramen Mac and Cheese. Now who doesn't like mac and cheese? I know I do and this is a very good one for a quick meal. As others have said there is even room to throw a can of tuna or something in it after it is done cooking. So go ahead and splurge on a good ramen noodle meal. Pick up some of these.,1332288000,1,1
B0025UMAZQ,5,Finally in stock!!!,"I originally found these noodles at my local grocery store and while I wasn't expecting much, they turned out to be pretty darn good for instant noodles. Do not expect a gourmet meal. Do expect something better than Kraft easy mac. I also add a little black pepper to give it a little more flavor!",1327190400,1,1
B0025UMAZQ,2,Not the best,"Before I delve any further into my review, I would like to inform you that I am not picky when it comes to my instant noodles. In fact, I have eaten many varieties spanning all across the globe that have been met with looks of disgust and bewilderment from my peers. So given my extremely high fondness (and tolerance) for some pretty wacky varieties of instant noodles, it almost pains me to give this product a poor review.<br /><br />I wanted to like it. I really did. As a HUGE macaroni and cheese and ramen noodle aficionado, I figured there really could be nothing better than coalescing two of my favorite foods in the world into one convenient packaged hunk of noodles and cheese sauce.<br /><br />The first time I ate it, the powder in the packet did not mesh well with the noodles at all despite me following all the cooking directions and thoroughly stirring the flavor packet into the noodles. The ensuing cheese sauce was clumpy and poorly distributed, so I got this rich cheese flavor from about 1/2 the noodles and the other half just tasted like plain ramen. Also, I noticed that immediately after finishing the meal, my stomach got pretty angry at me and continued to remain angry for the next several hours. The flavor packet has potential, but it's just too overbearing and strong right now.<br /><br />I thought that this was all a fluke, so I decided to give the noodles another chance tonight. Nope. Exact same result.... once more the sauce did not distribute well amongst the noodles, and my stomach is cursing me for feeding me this monstrosity yet again.<br /><br />So sadly, Maruchan Yakisoba cheddar cheese and I are no longer friends. I've tried the Nissin version of this product, and it's much, much better. From now on, when I'm itching to get my cheddar cheese/ramen fix, I'll pick up that one instead.",1337904000,0,0
B0025UMAZQ,4,EZ-KWIK-OK,"for what it is_ an instant noodle product- it's pretty decent. I like to add food stuffs to these cheese noodles to make it more a meal and to add taste. i've thrown in veggies. i've thrown in canned chicken. most recently i added cream of broccoli condensed soup 1/2 of small can_ so it would be a broc/chz/creamy/noodle concoction- and it was really good that way. So if you can get these at $1 or less a package. the small can of condensed cream of broccoli soup is also less than $1 and you only use 1/2 a can- add more if you like i suppose_ and you have a very tasty and filling, hot meal- you cook and eat out of the same disposable, microwave container_ the only thing to wash is a fork.<br />long shelf life for emergency kits or for extra food during winter months-incase of storm- or food to leave at your vacation cabins/trailers. great to send to college students-all they need is a small microwave and a fork to cook/eat this. cooks in 4 minutes.<br />It is the best of the dry noodle product foods that i've ever eaten- if that helps you.<br />-also good to donate to your local food banks. senior centers. keep in desk at work incase you miss lunch or work late. shelf stabile, doesn't need refrigeration, long shelf life. lots of benefits. hope this helps you- it's as honest as i can offer",1336953600,0,0
B0029K3EMU,4,Surprisingly Good,"I initially bought one of these at a drug store; it was in their $1 bin.  I figured it would be the kind of thing I could keep in my desk and eat as a quick meal.  It was so good that I went back and bought the last 5.  I'm not a fan of ramen soups, but this one is pretty good for what it is.  Buying some more though Amazon.",1266364800,0,0
B005GWZ2J6,5,Yum!,"This soup cooks up quickly and is very yummy! I really like the flavor of the seasoning packet and the way the noodles cook up, nice texture. It is very satisfying to me. I'm a single gal who doesn't really cook & am often in a hurry for my next meal, and I find that this soup really hits the spot. Although it does tend to be more of a mid-afternoon snack/light lunch item for me. It will tide you over for a while until your next big meal, but i have to agree with the other reviewer that if you try to have just one of these for dinner you can expect to be hungry in a few hours.<br /><br />Personally I LOOOVE this soup that much more because I had to give up the ramen cup o' noodle and some other brands i had been eating because I developed an allergy to shellfish and mollusks.  It seems that often these instant noodle packets/bowls either have some type of seafood in the sauce or they are manufactured on equipment that also processes shellfish. This one does not contain any type of seafood like many of the other instant noodles do. Another plus for me is that it's not spicy. I'm kind of a wimp with spicy foods, plus i have GERD/reflux, so believe me if i can eat it is NOT spicy. Just tasty :)<br /><br />One thing that bugs me a little is that i feel guilty about the packaging since the plastic bowl is not recyclable (in my town they only take 1's and 2's which of course these microwave safe bowls are never made out of.) Oh well, can't have it all....",1349136000,0,0
B003S9GWU2,5,Please understand what it means to go grain free.....,"This product is a good product and really good health wise for your cats. If you are looking at this product you are probably interested in feeding your cats something better. I just wanted to address some of the negative reviews of this food - many of them by people who don't understand that all cat food is not the same. I took the time to switch my 8 year old street rescue Louie to grain-free food (tried many brands before I arrived at BFF), and here are some of my observations.<br /><br />Cost<br />All grain free foods costs more for the same reason that grass-fed antibiotic free, free range chicken costs more per lb than a chicken nugget. It's better for your cat! Anyone who has a cat that's on a farm - ever see it eating some of the corn or wheat that spills off of the truck? Never! That is because cats don't eat grains. In cheap cat foods these grains are used as fillers to round out the portions and are not of any nutritional value to the cat. When I went grain free my cat ate much, much less - thereby negating the price difference. I even tested it a couple of times - my 13 lb cat can eat 2 - 3 ounce cans of Fancy Feast in one sitting - but cannot eat a 3.3 ounce can of BFF in one sitting.<br /><br />Another point on cost. If you are the type to take your cat to the vet and take care of it when it is sick, then you save so much money and trouble with foods like this it is crazy. When you hear people talk about diabetic cats, food allergies and all the other assorted sicknesses our animals are getting - most of them come from food. Diabetic cats - did they continuously raid the cookie jar? All the money you think you will save (but are not actually saving) will go to the health care of your pet in later years. Its the same way McDonalds and Denny's don't have to absorb the cost of all the diabetics they helped create - the taxpayers pay for it through Medicare and higher insurance costs 30 or so years down the line (and sooner with all the young diabetics we are creating).<br /><br />Smell<br />Most grain free cat foods smell. EVO stank up the house horribly and I had to move the cat bowl from the kitchen. Minus all the fillers and grains - you are getting an all natural product that is better for your cat because nutrition of the cat is put first.<br /><br />Taste<br />Cat's are notoriously finicky. Most cat foods that have grains and other filler ingredients have to add heavy syrupy mixes to get the cats to eat them. They take corn, wheat, soy, barley and gods know what else, add some vitamins and then add a extremely strong tasty syrupy mix to get the cat to swallow it all. So cats fed this for a period of time get used to it the same way babies get used to sugars in their formula. Then, when you want to give the baby vegetables with no sugar added guess what? Baby rejects them - they want the sugar! Same happens with cats fed with cheap filler foods.<br /><br />Poop<br />When switching to grain free a cats habits and consistency may change. Their digestive system is learning how to digest what it was actually made for. Same thing happens to humans - look up the ""Whole 30"" and see what I mean.<br /><br />Switching to Grain Free<br />Its a process more involved than opening the can and plopping it down. Took me months. Google can help you do it but don't expect to just give this to your cat and have her dive right in thanking you for it. That may happen, but more likely than not you have to mix old and new foods until they are used to it.<br /><br />BFF, EVO, Taste of the Wild.... they are all good brands that will improve the health of your cat. I settled on BFF as my wet food because he loves it. I used to give him EVO wet food and he would eat it but he hated it. I still feed him EVO dry food because he likes it. I tried many brands and did not give up on grain-free food because I cared about my cat. I understood as a street cat for years he was used to eating whatever he could and it all was the cheapest, unhealthiest stuff available given to him by well meaning people. He has improved in every way (coat, activity level, temperament, litter habits, etc..) and now is a healthy and happy cat.",1340150400,5,5
B000H23ZEE,3,Stick with Original Flavor.,"I went on a limb and tried the Beef and Chicken flavors, boy what a mistake. I was introduced to the original flavor by my Korean GF and was amazed at how much better the quality was over any other ramen I had prior.<br />The discount at Amazon was such I decided to purchase the other two flavors above. The noodles are still great quality but the flavoring is horrid. I've since given the entire boxes to a friend that will eat anything. Even he commented the flavor wasn't great.<br />Stick with the original and you'll be much better off. At least that is my opinion.",1228521600,1,2
B000H23ZEE,3,"Tastes Fine, but Overpriced Here","I bought this 24 pack of beef flavor Ramen and I've eaten several packs and I think they taste just fine...no different than any other Ramen I've eaten in the past.<br /><br />The only reason I wont buy them again from here is because I did the math and discovered that I can buy Ramen for 17 cents a pack at a store in my neighborhood when these ended up costing me 61 cents a pack. I thought I was getting a good deal when I bought these, but I was mistaken.",1230595200,3,7
B000EMK4GO,3,Nothing Says Lovin' Like a Microwavable Brownie...Well Sorta,"Leave it to Betty Crocker to resuscitate the kiddie concept of the Easy Bake-Oven to produce their Warm Delights Hot Fudge Brownie. The serving size seems to remain the same child's portion as the old 1960's toy since it barely covers the bottom of the plastic bowl that contains the dry powder mix. The directions specifically state a tablespoon plus a teaspoon of water to moisten it, and knowing how temperamental baking can be, I would not try improvising this part or else you will get chocolate mush.<br /><br />Forty-five seconds in the microwave and then you squeeze a packet of sugary Fudge Topping on the top. It's not bad but just seems like skimpy gratification for the 370 calories it contains, 110 of which are fat. There's also 2 grams of trans fat, 270 mg of sodium and 61 grams of cholesterol. In other words, this is not a Weight Watchers treat by any stretch. But if you are in need of a quick chocolate fix, you could do worse. As an alternative, I suggest the much tastier Fat-Free No Pudge! Brownies you can get at Trader Joe's. Without the elaborate packaging Betty Crocker seems to think is necessary for an individual serving, you can bake a dozen and then allocate them as you wish.",1157587200,3,5
B0083JO27C,4,"GLUTEN FREE!  So good, I had to review it!","BOTTOM LINE:<br />GLUTEN FREE!  This stuff was sooo good, I really wish I had another bowl right now. The Quantity:Price ratio takes the product down one star.<br /><br />FLAVOR:<br />I thought the flavor was excellent, in that I could really taste the garlic, pepper, and onions.  The broth was a little salty at first, but I added a bit more water to get it to where I wanted.  I also thought it could use a little spiciness, but I feel that way about everything (I left out their oil packet and added a squirt of my own Hot Chili Sesame Oil - <a href=""http://www.amazon.com/gp/product/B0005ZXXWM"">House of Tsang Hot Chili Sesame Oil</a> and it was perfect).  It was really nice in that it had more than just your standard chicken/ msg broth flavor - it had real subtle flavor notes.<br /><br />NOODLES:<br />GLUTEN FREE!  I thought I would note that I really like the noodles in this - they are not your standard Ramen noodle, but are a form of rice noodle, similar to Vietnamese Pho.  These take a little longer to cook, but are definitely a great match for the broth.  I bought them because they are gluten free, but they make a great soup noodle in their own right.<br /><br />QUANTITY vs. PRICE:<br />I wish there was more in the bowl than what was provided.  This is what takes the product from 5 stars down to 4.  For the price, I wish there was more food - or for the amount of food, I wish it was cheaper.  To be fair, I bought this at my supermarket, and not on here, but the price is similar.",1342396800,0,0
B000LKTY7Y,5,"Shelf stable, smooth texture, un-intrusive flavor","The product is exactly what it says it is:  Tofu, in a shelf-stable container.  Every package, every time is always the same - fresh, neutral-tasting, silken (no matter any claims of firmness, these mori-nu vacuum packs are all the smooth, highly refined silken style tofu), and convenient.<br />The fact that this is Lite Tofu is just a plus - protein with less fat than the already minimal amounts in regular Tofu?  win.<br />Keep the case in my office for adding much needed nutrition to the boring ole ramen.  Great stuff.",1280880000,2,2
B003GMFAWM,5,Alfredo's Best Friend Lo-Carb,"Low Carbin..? I am. I've lost 102 LBS. I made this into Fettucini Alfredo with chicken and it was amazing. The key is to prep the noodles correctly to remove the aroma. Once you do this, the noodles will take on the flavors of your food. They work best with heavy or deeply flavored sauces. I cooked my noodles with the chicken and mushroom drippings before I added the jarred sauce. So good. All those crusty chicken brown bits just infused the noodles to 5 STAR food......So Good.<br /><br />I have also made them into ramen style soup (again, strong flavorful liquid to infuse the noodles) and it was great too, but I prefer the Spagetti size for ramen. SImple as cake. I will usually make my own soup base (Soy sauce, mirin, sake, beef stock, garlic) but If I am being lazy, I will snatch a flavor packet from a dry ramen baggy (A 0.19 cent sacrifice for Maruchan Ramen in Beef flavor, toss the uber fattening palm oil fried trans fat noodles) and cook my noodles in that broth.<br /><br />To prep the noodles for any application, you must drain, rinse, and dunk in boiling water for like 30 seconds to remove the odor and then set aside until needed. I have tasted them right out of the flash dunk state and they taste neutral-Not fishy at all.",1333411200,0,0
B0066YUNE2,3,New chicken ramen,"My wife heard about this ramen a couple weeks ago, and we picked up a box based upon the rave reviews in Korea.  It's ok - not great, not bad - but certainly not worth the premium over Nong Shim's Neogori or Kimchi Ramens.<br /><br />Taste:<br />no strong chicken taste, no strong spicy smell.  The ramen is spicy, but more like a jalepeno spicy instead of a kimchi ramen spicy.  The difference is in the...sharpness...if that makes any sense.  Other ramens have a low and nice hot burn, this one has a quick hot burn.<br /><br />Noodles are ok - nothing particularily special.<br /><br />Basically, I think people wanted a ramen where you don't smell too much after you eat it.  This delivers.  You can easily eat this, have a beer, and noone would probably notice - no dragon breath.  If that's what you're looking for, then this will fit the bill.  No exceptional taste, but nothing which will repulse people if you go to a public place later.<br /><br />Would I order this again?  Probably not.  Personally, if I want ramen, I want something with powerful flavor, because I'm not going anywhere after I eat it.",1333929600,0,0
B000GZWDR2,4,"So good, I had to review it!","BOTTOM LINE:<br />GLUTEN FREE!  This stuff was sooo good, I really wish I had another bowl right now. The Quantity:Price ratio takes the product down one star.<br /><br />FLAVOR:<br />I thought the flavor was excellent, in that I could really taste the garlic, pepper, and onions.  The broth was a little salty at first, but I added a bit more water to get it to where I wanted.  I also thought it could use a little spiciness, but I feel that way about everything (I left out their oil packet and added a squirt of my own Hot Chili Sesame Oil - <a href=""http://www.amazon.com/gp/product/B0005ZXXWM"">House of Tsang Hot Chili Sesame Oil</a> and it was perfect).  It was really nice in that it had more than just your standard chicken/ msg broth flavor - it had real subtle flavor notes.<br /><br />NOODLES:<br />GLUTEN FREE!  I thought I would note that I really like the noodles in this - they are not your standard Ramen noodle, but are a form of rice noodle, similar to Vietnamese Pho.  These take a little longer to cook, but are definitely a great match for the broth.  I bought them because they are gluten free, but they make a great soup noodle in their own right.<br /><br />QUANTITY vs. PRICE:<br />I wish there was more in the bowl than what was provided.  This is what takes the product from 5 stars down to 4.  For the price, I wish there was more food - or for the amount of food, I wish it was cheaper.  To be fair, I bought this at my supermarket, and not on here, but the price is similar.",1342396800,0,0
B0017U08PO,4,"100 calories makes this a soup bargain, but cook more than instructions","This soup has a nice herbally broth and is a great filler for dieters as it has almost no fat and ony 100 calories (squeaks into 1 WW point). It has 3 grams of fiber, which means it'll carry you longer than broth and noodle soups usually do.<br /><br />However, this needs almost twice as much the cooking time as recommended. The beans and pasta stay hard if only directions are followed. I find that using boiling water from the start, and renuking at the 5 or 7 minute mark and letting it sit again works best to soften the ingredients and thicken the broth.<br /><br />For non-Vegans, this benefits from a sprinkling of parmsan. For more protein, one could add soy crumbles to stay vegan. I occasionally add both parmesan and some milk to make it like a cream of tomatoey base.<br /><br />The pasta is not as good as regular pasta (never really gets to the right texture). I noticed this with Dr. McD's ramen soup, too. Don't know if it's because it's vegan or not, but there ya go.<br /><br />Still, when you are dieting or just want something without a host of preservatives and chemicals, this is a nice soup to have handy.",1251590400,15,16
B002U557TM,1,Taste very extremely bad,"I'm Vietnamese and I know how Pho should be tasted. Of course, I don't compare this one with fresh Pho. But compared with all kinds of instant noodle, organic or not, gluten free or not, this one tastes extremely bad. After eating a first few bites, I threw the whole box. I don't even call this one Pho, from the look to the taste!<br /><br />I would rate it 0 star!",1290211200,2,5
B002C1Y5GU,5,Please understand what it means to go grain free.....,"This product is a good product and really good health wise for your cats. If you are looking at this product you are probably interested in feeding your cats something better. I just wanted to address some of the negative reviews of this food - many of them by people who don't understand that all cat food is not the same. I took the time to switch my 8 year old street rescue Louie to grain-free food (tried many brands before I arrived at BFF), and here are some of my observations.<br /><br />Cost<br />All grain free foods costs more for the same reason that grass-fed antibiotic free, free range chicken costs more per lb than a chicken nugget. It's better for your cat! Anyone who has a cat that's on a farm - ever see it eating some of the corn or wheat that spills off of the truck? Never! That is because cats don't eat grains. In cheap cat foods these grains are used as fillers to round out the portions and are not of any nutritional value to the cat. When I went grain free my cat ate much, much less - thereby negating the price difference. I even tested it a couple of times - my 13 lb cat can eat 2 - 3 ounce cans of Fancy Feast in one sitting - but cannot eat a 3.3 ounce can of BFF in one sitting.<br /><br />Another point on cost. If you are the type to take your cat to the vet and take care of it when it is sick, then you save so much money and trouble with foods like this it is crazy. When you hear people talk about diabetic cats, food allergies and all the other assorted sicknesses our animals are getting - most of them come from food. Diabetic cats - did they continuously raid the cookie jar? All the money you think you will save (but are not actually saving) will go to the health care of your pet in later years. Its the same way McDonalds and Denny's don't have to absorb the cost of all the diabetics they helped create - the taxpayers pay for it through Medicare and higher insurance costs 30 or so years down the line (and sooner with all the young diabetics we are creating).<br /><br />Smell<br />Most grain free cat foods smell. EVO stank up the house horribly and I had to move the cat bowl from the kitchen. Minus all the fillers and grains - you are getting an all natural product that is better for your cat because nutrition of the cat is put first.<br /><br />Taste<br />Cat's are notoriously finicky. Most cat foods that have grains and other filler ingredients have to add heavy syrupy mixes to get the cats to eat them. They take corn, wheat, soy, barley and gods know what else, add some vitamins and then add a extremely strong tasty syrupy mix to get the cat to swallow it all. So cats fed this for a period of time get used to it the same way babies get used to sugars in their formula. Then, when you want to give the baby vegetables with no sugar added guess what? Baby rejects them - they want the sugar! Same happens with cats fed with cheap filler foods.<br /><br />Poop<br />When switching to grain free a cats habits and consistency may change. Their digestive system is learning how to digest what it was actually made for. Same thing happens to humans - look up the ""Whole 30"" and see what I mean.<br /><br />Switching to Grain Free<br />Its a process more involved than opening the can and plopping it down. Took me months. Google can help you do it but don't expect to just give this to your cat and have her dive right in thanking you for it. That may happen, but more likely than not you have to mix old and new foods until they are used to it.<br /><br />BFF, EVO, Taste of the Wild.... they are all good brands that will improve the health of your cat. I settled on BFF as my wet food because he loves it. I used to give him EVO wet food and he would eat it but he hated it. I still feed him EVO dry food because he likes it. I tried many brands and did not give up on grain-free food because I cared about my cat. I understood as a street cat for years he was used to eating whatever he could and it all was the cheapest, unhealthiest stuff available given to him by well meaning people. He has improved in every way (coat, activity level, temperament, litter habits, etc..) and now is a healthy and happy cat.",1340150400,5,5
B000TVFV4A,5,Nosh that grief away,"I tend not to get too caught up in the hype around celebrity deaths.  Tim Russert's death was big news.  That's a special perk of being part of the machinery that decides for the rest of us what is and what isn't news.  But it was also a story because he really does seem genuinely well liked.<br /><br />I liked the guy.  I didn't know him but I saw him once riding the T in Brookline.  He was talking on the cell phone and had that big friendly smile that people found so disarming.  Seemed like a good guy.  This idea that he asked the tough questions bothers me though.  Maybe he did ask tougher questions than your average news man, but nobody has been tough enough on these brazen gonifs that currently run the country.  They couldn't get away with half of what they do if the news media wasn't at least passively complicit.<br /><br />But I like Tim Russert.  He went from Buffalo to the East Coast, a trajectory I know, and I recognize that temperament he portrayed.  East Coast keenness softened by that charming Midwest salt-of-the-Earth spirit.  And, though I sometimes resent the narcissism of baby-boomers working out their father issues in the public, Tim Russert's devotion to his working class dad appears to come from a place of such wholesomeness and decency that it is hard to be critical.<br /><br />Buffalo is an underrated city, by the way.  Like many an unsung medium-sized city, you have to know where to look, but it has its own kind of hipness.  Buffalo wings really do come from Buffalo, in much the same way that french-fries really don't come from France.  Frank's hot sauce is the real deal, the original formula, and you can get it anywhere.  I can stake my entire fictional on-line reputation on this because I have high level informants in Buffalo who tell me this is true.  Frank and Teresa's hot sauce, in 1964, at the Anchor Bar in Buffalo, New York, was the secret ingredient for the first wings.  Yep.  The same one, right there on North and Main by the General Hospital.  They also make a jambalaya with Frank's hot sauce and kielbasa.<br /><br />Good sauce.  Hot enough to spice things up but not to the point where the heat masks the flavor.  You can use it for wings or you can splash it on your eggs in the morning.  Know what I did the other day?  I was at the bottom of the bag of chips, where you get just those tiny fragments and the greasy pulverized chip residue.  I poured everything into a bowl, covered it in blue cheese particles and threw in some Frank's hot sauce.  Microwaved it and ate it with a spoon.  Really uncouth, I'm glad nobody saw it.  But, seriously, not bad.",1214265600,12,12
B001QEAUZO,5,Aboslutely wonderful for my pitbull,"I ordered this after reading a ton of awesome reviews and in hopes that it may hope with my dog, Kitty, a 65 pound, 2 year-old pit bull's recent issues with her skin. It turns out that her problem was in fact due to corn and other fillers used in lesser quality dog foods (in this case, Purina One). Overall, this product alone made it completely worth the cost to subscribe to Amazon Prime for the extremely fast and cheap shipping, so for less money (as Kitty now requires less food, since she's more full from eating less of the higher quality food and we make sure to only feed her what the vet recommends,) I no longer have to drive to the store and pick up a 40 pound bag of dog food and load it into the back of one of my GTIs. So far, Kitty's been gaining weight and muscle at a pretty decent rate, in my opinion. (Over the past 2 months, she's gone from approximately 59 pounds to 67.5 pounds currently, and is quite fit and happy.) All this, is of course in addition to daily exercise, walks, et cetera, but her temperament lately has also been much better. On the lesser quality dog chow, she used to mope around the house every few days, but lately, she's been very happy, energetic and outgoing. She seems to be much less easily stressed out, which is great for her, as she tend to be a bit anxious, although an absolute sweetheart.<br /><br />Bottom Line: I could not recommend this or any other Canidae Dog Food product highly enough. By word of mouth at work alone, I've converted over ten people since switching at the beginning of the year (2011).",1303603200,3,3
B004A9VWC2,4,"LOVE the product, deducting one star for the high price","I cannot tell you how much i adore dried fruits, and mango slices are my absolute favorite. However, moving to the US from Ireland (where dried fruit is just that - naturally sweet and delicious) i found i was bitterly disappointed to discover that most of the widely available dried fruit here is heavily sugared and, in my opinion, completely ruined.<br /><br />I finally found these guys and they're a regular purchase for me at stores, but they are vastly over-priced here on Amazon. They've been hiked up to an excessive amount similar to the ridiculous pricing of such quality dried fruits in health food/vegan stores that aren't Trader Joe's, ie. aren't good for your tummy AND your wallet.<br /><br />It's sad that you can buy a near poisonous meal for a family for $10 at a 7eleven or Tedeschi, but the same amount of money at a health store or co-op like Harvest (my local grocery here in Boston) will barely get you a container of dried fruit or 3 decent bell peppers. How are people supposed to change their lifestyles and improve their health for themselves and their children if the good stuff isn't affordable and the ramen and pop tarts are .45cents? It sends the wrong message and is the absolute propagation of disease and obesity. We need more places who share the values and philosophy of Trader Joe's - customers first, accessible, unpretentious, understandable health education, feel-good food at a feel-good price. Thank you Trader Joe's!<br /><br />Rant over :)",1306886400,12,14
B000ET27EO,3,Just another ramen noodle soup,"I'd read some reviews of other Mama Brand soups so was expecting something much better than average.  I found these to be little more than the typical ramem noodle soups on grocery store shelves but at a premium price.<br /><br />Inside the package, in addition to the noodles, are 3 packets instead of the usual one.  These consisted of a packet of powder, a packet of a paste, and a packet of sesame seeds.  Instead of preparing the soup in a large pot or bowl, the soup is prepared in your soup bowl.  The directions were not specific about when to add the packets so I put in the noodles, the powdered flavor mix and poured in 1 1/4 cups of boiling water.  The bowl was then covered for about 4 minutes before adding the paste and sesame seeds.  The results were a hot sour ramen soup.<br /><br />While the flavor was not something typically found on a store shelf it was good but not particularly outstanding.  The sesame seeds were a nice touch but I add sesame seeds to almost every ramen soup I make.  The reasons for my 3-star rating are that it did not meet my expectations of being something special, and, for the premium price.<br /><br />Would I buy it again?  Not at this price point.  If priced closer to the typical ramen soups, yes I would.",1327622400,0,0
B008MNDQPI,5,Great to have in any kitchen,It's a staple in many Asian recipes but here's a tip... add a teaspoon to any instant noodle and it will bring the broth to life! It was a stalwart companion during my years of living in the dorm room.,1234396800,15,15
B000PDLBBO,5,It's god,"These were purchased, not only for myself, but also for my son away in college. He absolutely loves it. After he got his friends hooked on it, they decided to call it 'god'. It is very spicy and very good. The price here is very reasonable. I also sent them to Iraq and Afghanistan for our soldiers, they wrote me said this is the gourmet ramen. If you prefer not so spicy, you could scale back what you put in from the spice pack. You could also get fancy by adding vegetables(fresh or frozen)/mushrooms, meat/shrimp.",1202428800,7,7
B000PDLBBO,5,Great ramen noodles,"Great product.  Comes with noodles, spice packet, and vegetable packet.  These noodles are spicy as other reviewers have mentioned.  You can decrease the hotness by only adding a little of the spice packet.  I didn't care for the vegetable packet, but that is a personal choice.  These cook up nicely in the microwave in about 3 minutes, comparable to other store bought ramen noodles. ENJOY! :)",1199145600,6,6
B000PDLBBO,5,Yummy!!!,"I took a chance based upon the reviews here.  I had never tried this before or even heard of it before checking out the Amazon grocery deals.  Figured, how bad could ramen be, right?  Well, was I ever pleasantly surprised!<br /><br />First, each package is larger than the normal pack that one would buy at a traditional supermarket. Hint: it is supposed to be for two people.  Yeah, well, I don't share well.  LOL  Secondly, the spice packet is spicier than any other I have tried and boy is it hot and very tasty!!!  As others have mentioned do NOT put the whole packet in at once if you are just having this as noodles (not in soup).  Add some, taste, mix, add some more, until you find the taste which is right for YOU.<br /><br />Be creative!  Add some veggies or stir in an egg when it is cooking.  There are so many things you can do with this and not just eat plain noodles!  If you only use a little of the spice packet then save it to use when cooking other things like chicken or such.  Have fun in the kitchen!!!!<br /><br />By the way, I just ordered these in December '08 and noticed that the exp date is July '09.  That is fine for me as I intend to use it in the next 6-7 months but just a heads up for anyone else out there.",1230854400,2,2
B000PDLBBO,4,Great Quick Fix,"I am a big fan of this product. The noodles taste great and are wonderfully spicy. As suggested by the title, this provides a great quick and easy meal. The taste is SO much better than american ramen. If you eat american ramen, I totally recommend that you try this brand. It will change your ramen worldview, truly. With that said, I would not eat this ramen everyday. It is quite unhealthy with high calories, high sodium, and yes, MSG. But as an occasional treat, this is perfect.",1215129600,2,2
B000PDLBBO,5,korean soup  kimchi w/ ramen noodles,"these ramen noodles make a great korean soup. but..........kick it up<br />boil water add sauce packet and 2 - 3 Tbs. kimchi<br />add noodles and break apart w/ chop sticks or fork<br />add egg, do not stir, when white sets, break yoke and stir it in<br />add some green onion, stir, cook 15 seconds.<br />serve and garnish w/ green onion<br /><br />enjoy:)",1217980800,1,1
B000PDLBBO,5,Delicious stuff,This is the best ramen I've ever had. Great if you like spicy foods. Amazon's price is wonderful too. I used to pay $1.50 a pack at HEB for this stuff.,1212364800,1,1
B000PDLBBO,5,My favorite noodle!,"Love this ramen since i was little. It's by far the spiciest instant noodle I ever eaten. I like spicy food, so this is actually not too spicy for me :). It's really tasty, the chewiness of the noodle is just right. Love it! Recommended!",1212105600,1,1
B000PDLBBO,5,Simply the Best,"This is simply the best spicy ramen out there. A great kimchi-style flavor that will make you want more even when you're already full. Unlike most ramen brands that incorrectly call themselves ""spicy,"" this one actually does have a little kick to it, though it's not that intense if you are a spicy food aficionado. And ABSOLUTELY DO PUT THE ENTIRE SPICE PACKAGE IN!!! If that's too much spice for you, you have no business eating this in the first place. Go buy a fake ""oriental flavor"" ramen and eat that instead.<br /><br />I suggest adding some cabbage, bean sprouts, a couple of slices of pork, and an egg. If you have some kimchi (and everybody should have a jar of it), put a few pieces in instead of the cabbage. To make it even better, add just a little bit of sesame oil.<br /><br />Buy a case and hide it from the family, or it will be gone quickly.",1229212800,0,0
B000PDLBBO,2,Watch Out for Expiration Date!!,"I recently purchased this item since these are my husband's all time favorite ramen noodles. Unfortunately, these noodles arrived with an expiration date of early February 2009. So now my husband has to eat 40 packages of ramen in the next 5 months, which averages out to 8 a month. My husband loves junk food as much as the next guy, but even he would not consume this much ramen in such a short time! If I had known that these were going to expire so soon, I would have never bought them. This is not the first grocery item I've bought from Amazon that has a close expiration date. In summary, don't buy this product unless you want to eat a lot of noodles in a short period of time...",1220832000,4,10
B0025UOMY8,5,Yummy noodles,"These delicious noodle packs are only .89 cents a piece at my local grocery store. I can't stand Maruchan Ramen but I freaking love these! There's no broth like with you get with the soupy Ramen. It's turns into a sort of thick sauce after sitting for a minute which sounds gross, but trust me, it's truly the awesomesauce. It's got chunks of rehydrated veggies that are surprisingly tasty. I suggest the Spicy Vegetable, Roast Chicken and Cheddar Cheese varieties. If you're looking for filling lunch that's incredibly cheap and quite flavorful, you can't get much better than these delightful noodle packs.",1306368000,3,3
B0025UOMY8,1,Disappointing,"I hadn't eaten ""instant noodles"" in years and the TV commercials were enticing. Too enticing.  Some nutrition data would sure be useful on the Amazon screen.  Half the package is 250 calories so if you eat the whole thing you're in Big Mac territory.  The sodium content is off the chart for most of us and is the dominant flavor. It requires two flavor packet additions at different times during preparation. The final product just doesn't taste very good. After preparing one package I ditched the rest in the trash.  If possible, buy one at a time at the supermarket and find one you like before investing in a pack of 8.  And read the nutrition panel!",1335830400,1,1
B000H25VVO,4,Tasty soup,"This soup is very tasty. The broth has almost a bit of ""spicy"" taste to it. Easy to prepare, and filling. My wife and daughter like this soup as well. Sometimes I even prepare it in the morning and bring it to work for lunch in a stainless Thermos. What happens is that the Ramen noodles absorb all of the broth and you end up with flavored Ramen noodles...very tasty! The negative about this product is that it is fairly high in sodium, and the flavoring is not all natural. But for an occasional meal, why not?",1281744000,5,5
B000H25VVO,5,The fridge is empty....,"My favorite comfort and fallback food. Extremely tasty and a very long shelf life, which makes owning a case of each flavor a little easier. Do yourself a favor and serve the noodles unbroken and boiling hot. Slurping your food has a bit of a negative image in the west but trust me that's the way to eat these.<br /><br />I was initially an original and beef flavor only fan of Sapporo Ichiban but for some reason the Miso really took hold of me after eatting a few over the months. It's high in sodium so it's not a great everyday item but if you like ramen you can't go wrong with Sapporo Ichiban Miso flavor.",1314662400,1,1
B000ENUC3S,5,"The ""tastier"" fruit and nut bar","Obviously a lot of people like this bar, myself included, so I thought I'd review it a bit differently.  When I was searching for a healthier between meal afternoon snack I read a lot of reviews for a lot of products.  I wanted something with few ingredients, not ""fortified"" and with some nuts in it.  I settled on these Larabar Fruit & Nut Cherry Pie bars and the <a href=""http://www.amazon.com/gp/product/B000P504ZG"">Pure Bar Organic Wild Blueberry Living Food Bar</a>.  I love cherries and I love blueberries so they seemed like good choices.<br /><br />The stats of the bars are very similar, weight (both 1.7oz, not 1.8), calories, fat, sugars, etc.  The PURE has more protein at 6g vs 4g.  The Larabar has no sodium while the PURE has just a bit at 5mg.  The Larabar is thicker, the PURE bar is wider.  Visually the Larabar appears to have more nuts in it, which doesn't seem to jive with the protein stats.  The PURE bar has a grittier texture while chewing so maybe more of the nuts are finely ground.<br /><br />1st ingredient is dates for both followed by almonds and then cherries for the Larabar and followed by blueberries and various nuts, organic agave nectar, rice protein and lemon juice for the PURE bar.  One would think with the extra ingredients in the PURE bar they were added to tweak the flavor or give it a fresher taste, but the flavor of the Larabar is better than the PURE by a pretty good margin.  It has a much fresher and lively taste.  I have to say the PURE bar is a bit cardboardy tasting to me and has a drier mouth feel.  It is not bad, in fact my 2 youngest kids eat them readily, just not nearly as good as the Larabar.  I think the tartness of the cherries in the Larabar kick up the flavor vs the milder blueberry flavor of the PURE (maybe the lemon juice add as an attempt to kick up the PURE bar flavor and tartness?).  In fairness I should probably review the PURE Cherry Cashew bar but I much prefer almonds over cashews so don't plan on ordering any from Amazon.  If I stumble on the PURE cherry in a regular store I will give one a try thugh.  I still get both auto shipped from Amazon for variety sake, but am looking for a better tasting blueberry bar w/ basic ingredients including nuts.<br /><br />For grins here is a comparison of the Larabar, PURE, Snickers, Hershey's and Maruchan Chicken Ramen noodles in a few categories.  Stats are listed in the order I listed them in the previous sentence.<br /><br />Calories:  190, 190, 280, 210, 380<br />Total Fat:  8g, 9, 14, 13, 14  Saturated Fat:  0.5g, 1, 5, 8, 7<br />Sugars:  21g, 20, 30, 24, 0<br />Protein:  4g, 6, 4, 3, 10<br />Sodium:  0mg, 5, 140, 35, 1540 !!!",1249776000,2,2
B003OB6CBI,5,As good of a cup of instant ramen you will find,"Maruchan hits the bull's eye with this small, cheap but tasty instant lunch of ramen noodles with jalapeno cheddar flavoring. While this is no fancy, Swiss fondue treat, this is a great, warm and easy-to-make meal for a very low price. Unlike other ""Instant Lunch"" cups, the flavoring and bouillon-powder is not too strong, salty or bitter in taste. Give this a try, you might wish to stock up on these if you do.",1341878400,0,0
B000HDOPT2,4,Good but not great,"I tried the simply asia hot & sour soup for the first time today, and it was pretty good.  To be honest I found the soup to be neither hot nor sour, it was actually pretty sweet.<br /><br />So I decided to doctor it up by adding some lemon juice and some hot sauce to make it more hot and sour, and then it was a lot better. I also added some more veggies, tofu, and an organic egg to make it more hearty and filling.<br /><br />This soup is actually pretty high in fiber (8 grams) compared to regular ramen, and it's much lower in sodium (570mg).  So while the overall flavor was decent, the nutritional value of this ramen is better than most I have tried.<br /><br />Over all I think this soup was pretty enjoyable.  It's not nearly as cheap as regular ramen, but it has NO MSG, more fiber, and A LOT less sodium. It is also vegan.<br /><br />I would purchase this soup again.  To be honest, my personal favorite natural soup bowl is Annie Chun's Kimchi Soup, so if you are a die hard fan of ramen, but want to make a healthier choice, I would start with that one.",1257379200,3,3
B004BJVLWC,5,Amazing Packaged Ramen,"This is by far my favorite ramen, and when I have some in the house, they're always the first to go.  The last batch I bought from Amazon I started adding some additional toppings to in order to make it more of a meal.  I found that I really liked sliced hotdogs, frozen broccoli, and an egg poached in the center of the noodles for the last two minutes or so.  It was an incredibly filling meal combined with the noodles.<br /><br />A few things people might want to know about the noodles on their own:<br /><br />-The noodles themselves are not the fried white noodles you see in most instant ramen.  They're air dried yellow noodles that cook up with a nice firm chewiness to them.<br /><br />-The soy sauce/oil mixture has a very nice flavor and combines well when it's hot, but the oil starts to separate as it cools, so if you're going to drink the broth, eat quickly.<br /><br />Again, this is my favorite ramen, and well worth the ~$2/each price tag, especially if you add some protein to make it a full meal.  I can only hope Amazon restocks soon, as I've had a craving for these lately only to find them out of stock.",1314489600,4,4
B004BJVLWC,5,Traditional Soy Sauce Ramen!,"Grew up in Japan, what I miss most is the ramen restaurants. It's very hard to find a good ramen restaurant where I live, so only way I can get these great dishes is that I have to prepare myself. This ramen has very firm noodle compared to other cheaper kind, and soy sauce flavor of the soup is almost as good as the ones you can have at ramen restaurants in Japan! Very easy to prepare, only few minutes of boiling, and you can add boiled egg/ham/sea weed/spinach/imitation crab/steak/ground beef/tofu (just a few example), or whatever you'd like! Hope it'll come back in stock again!",1307923200,4,4
B004BJVLWC,5,noodle agogo,"After reading my ""Lucky Peach"" magazine I couldn't wait to get started on my Ramen project. The noodles I needed I received from the amazon store and they were excellent. In fact I need to order more.<br />Thanks",1316822400,3,3
B004BJVLWC,5,Very good shoyu ramen,"For instant ramen, this is wonderful.  All you need to add is toppings of your choice such as charshieu pork, menma (bamboo braised), chopped green onion, boiled egg, chingensai, etc.",1335052800,0,0
B0000GHXSG,4,Top Sauces Out There,"I've tried many different sauces.  Tapatio stands at the top of the pack.  It's not as spicy as Tobasco, but spicy enough without the vinegar taste.  You can use it with lemon on Doritos Chips, and Ramen Noodles.",1303516800,0,0
B0000GHXSQ,4,Top Sauces Out There,"I've tried many different sauces.  Tapatio stands at the top of the pack.  It's not as spicy as Tobasco, but spicy enough without the vinegar taste.  You can use it with lemon on Doritos Chips, and Ramen Noodles.",1303516800,0,0
B00161FT0S,1,Revolting,"I like <a href=""http://www.amazon.com/gp/product/B00161DVFS"">Tony Chachere's More Spice Creole Seasoning - 7 oz.</a> and so gave this a try.  It's has a very salt-like taste due to the KCl (potassium chloride) used instead of NaCl (sodium chloride, real table salt).<br /><br />I used it to flavor some Ramen for a test.  The first taste was more or less like regular salt with a tiny dash of mild pepper.  I noticed an odd aftertaste, which I assumed was due to the salt being KCl instead of NaCl.  Unfortunately, the more I ate, the worse the aftertaste became until I felt like I was licking muck dredged from a Louisiana bayou.<br /><br />I'd recommend tasting this before you buy it, if possible.  Definitely try it on food you won't mind perhaps ruining and be wary of serving food up to guests that has been pre-spiced with this.<br /><br />I was going to throw mine out, but on reflection, I decided it would be fun to ask my friends to try it, ""OMG, this is awful .. here, tell me what you think!""  ^^<br /><br />--<br /><br />Hotness: extremely mild, almost bland (nb. I consider Tobasco to be mild)<br />Salty: very salty, with an unpleasant aftertaste",1341100800,2,2
B000FFPXF2,5,Cannot believe it's vegan!,"This soup is delicious. It has savory taste (almost ham or bacon like) and it is so healthy. I've also tried the McDougall's chicken ramen and tortilla soup and the split pea was much better. I was surprised because I figured ramen would be tastier than a split pea soup. Nope, this is so good and finished the pack of 6 soups very quickly. I will continue to order this soup, best vegetarian, let alone vegan split pea I've ever tried.",1299974400,1,1
B0018CG5BC,5,Aboslutely wonderful for my pitbull,"I ordered this after reading a ton of awesome reviews and in hopes that it may hope with my dog, Kitty, a 65 pound, 2 year-old pit bull's recent issues with her skin. It turns out that her problem was in fact due to corn and other fillers used in lesser quality dog foods (in this case, Purina One). Overall, this product alone made it completely worth the cost to subscribe to Amazon Prime for the extremely fast and cheap shipping, so for less money (as Kitty now requires less food, since she's more full from eating less of the higher quality food and we make sure to only feed her what the vet recommends,) I no longer have to drive to the store and pick up a 40 pound bag of dog food and load it into the back of one of my GTIs. So far, Kitty's been gaining weight and muscle at a pretty decent rate, in my opinion. (Over the past 2 months, she's gone from approximately 59 pounds to 67.5 pounds currently, and is quite fit and happy.) All this, is of course in addition to daily exercise, walks, et cetera, but her temperament lately has also been much better. On the lesser quality dog chow, she used to mope around the house every few days, but lately, she's been very happy, energetic and outgoing. She seems to be much less easily stressed out, which is great for her, as she tend to be a bit anxious, although an absolute sweetheart.<br /><br />Bottom Line: I could not recommend this or any other Canidae Dog Food product highly enough. By word of mouth at work alone, I've converted over ten people since switching at the beginning of the year (2011).",1303603200,3,3
B000FAPM2Q,5,I use it in my famous Big Al's Mushroom Veggie Rice Soup (Recipe Included),"I am a vegetarian living in a carnivores' world.  I frequently have problem buying the veggie foods I like.  When my vegetable bouillon ran out, I was distressed to find that my favorite grocery stores no longer carried them.  I was very happy to find this Seitenbacher Vegetarian Vegetable Broth and Seasoning at amazon.com.  It is a powdered broth; it can be mixed in with any food, solid or liquid, and hence more versatile than bouillon.  I use it in my instant soup bowls, macaroni, Ramen noodles, etc., and most of all, my famous Big Al's mushroom veggie rice soup.  It adds a delicious favor to my food. Yum!  Who says that vegetarians do not eat well?<br /><br />For the recipe of my famous Big Al's mushroom veggie rice soup, please see my comment below.",1258156800,4,4
B000LQNK50,5,Nice change of pace,"I have my kitchen stocked with all kinds of ramen/ramyuns and this is a nice change of pace when I want noodles without the broth. I usually mix the sauce components in the bowl I'm going to be eating out of and add a few tablespoons of the liquid I used to boil the noodles in to it. Just have to add the drained noodles and mix. I only use about three tablespoons of water to get the sauce the consistency I like, but you can add more/less depending on how you like it. This noodle is traditionally eaten with a side of slices of pickled radish (the yellow stuff you might find at your asian grocer). If you don't have pickled radish, you might enjoy it with a side of sliced cucumbers or other fresh vegetable because the sauce might be kind of heavy. I find this sold at my store for $5.99 per pack of five so the price on Amazon is not bad.",1219881600,30,30
B000LQNK50,5,best korean ramen,"It is my favorite noodle<br />It's korean ramen. taste good, and easy to cook.<br /><br />and little cheaper than korean market or korean grocery website<br /><br />and free shiping when I ordered it.",1199664000,24,28
B000LQNK50,3,And now for something different... (and oily),"A longtime fan of Nong Shim's excellent and popular spicy <a href=""http://www.amazon.com/gp/product/B000LQLV7E"">Nong Shim Shin Noodle Ramyun</a> and <a href=""http://www.amazon.com/gp/product/B000LQJT5K"">Nong Shim Kimchi Noodle Ramyun</a>, I was curious to try something different. And different it is. This is the first Nong Shim product I didn't take a liking to right away.<br /><br />Chapagetti is ""chajang"" + ""spaghetti"", chajang myun (noodle) being a Korean interpretation of a Chinese dish. Chajang literally means ""fried sauce"". It's a thick, black, soybean paste that's slightly sweet. For the instant version, Nong Shim replaced the paste with a mix-in powder. Inside the bag are 3 flavoring packs: a packet of sauce powder, an oil packet, and a dehydrated vegetables packet. Preparation is easy. Just add the vegetable pack to the noodles when cooking, drain, then add the other 2 packets and stir well before eating. The instructions say you need to boil the noodles in a pot for several minutes, but just pouring boiling water on the noodles and letting them rehydrate works just as well. I add the vegetable pack after I've drained the noodles so as not to pour it all out accidentally with the water. The residual heat and moisture will reconstitute the ingredients.<br /><br />The first time I tried this, I added everything. It tasted very oily and the powder seemed to be too much compared to the quantity of noodles. The noodle platform is hearty, thick, and elastic, like Nong Shim is well-known for, but I particularly dislike the oil because it made them greasy and runny. Now, I add half a bag of the powder and discard the oil, saving a few calories along the way and cutting down on some sodium. The tangy taste is very similar to <a href=""http://www.amazon.com/gp/product/B001OEH48W"">Myojo Ippei-chan Instant Yakisoba Noodles</a> and other Japanese instant yakisoba because of the same Chinese culinary influence.<br /><br />Chapagetti contains less than 1/2 the sodium of the regular spicy Nong Shim ramen, so as a quick meal, it's not as bad for you. You can also add cooked cabbage and slices of chicken or other meats to bulk up the meal and make it more filling, as well as improve the nutritional value.<br /><br />Verdict: still a good noodle, but it may not be what some shoppers are expecting.",1259798400,12,13
B000LQNK50,5,the best,"This has a very unique taste.  At first you are expecting something like lo mein with a lot of soy sauce (because that is what it looks like), however it is actually a black bean sauce.  I have to say that I am addicted to it though, but the taste does not appeal to everyone.  It is definitely worth a shot if you can find a single package rather than buying 20 on amazon if you might not like it.  That being said, this is my favorite nong shim ramen!",1285286400,7,7
B000LQNK50,5,"sweet, salty, and savory","this is not your typical ramen. there is no broth. just the noodles covered in sweet, salty, and savory black sauce. the color may not seem too appetizing for some people but you have to try this because it just tastes so good!",1299456000,6,6
B000LQNK50,5,"different, but good!","ive never had this ""chapagetti"" before.  it reminds me of an Indonesian dry noodles packaged called ""indome"" ...but better.  the noodles are thicker than ramen.  it comes with 3 different packets, vegetable, oil and wet seasoning.  preparation is very simple.  boil water with the vegetable packet cook to aldente and drain water.  mix in the oil and seasoning and you are done!<br /><br />its a good flavor, with a touch of sweetness.",1282953600,3,3
B000LQNK50,5,If you think it taste bad you are probably not preparing it in the right way,"I bought a 20 pack bundle of this noodle. I make it the way I usually do to a normal instant noodle and hated its taste, but wait! It was not until the last couple packs when I realized THE CORRECT WAY to make these noodles, and they are delicious if you make it the right way.<br /><br />Notice that it is called Chajiang noodle, which means it's not noodle in a soup.The right way to make the noodle is, you put the noodle in a bowl, pour in boiling water and wait. Don't put in the seasoning package yet. When the noodle is ready, pour out the water, and then add the pack of seasoning. The remaining moisture on the noodle will turn the powder into a thick sauce, and you mix well and serve. It's the same way you make Low-Mein if you know what I am talking about.<br /><br />So, this is actually good-tasting noodles if you read the instructions on the package and do it correctly. Sadly, sometimes we are like ""I feed on instant noodles since I was 5 and I know how to make them"", and we don't read the instructions...I hope you can try the method I mentioned above and enjoy it ^-^",1347494400,2,2
B000LQNK50,5,ja ja myun  cha ja myun/g  LOVE IT BABY !!,"Great stuff. Makes me long for the times when I used to wander off base to find the local mom and pop little restaurants off base when I was twice stationed in Korea. Used to get a huge bowl of this with fresh vegetables for about two dollars.<br />I add some cooked meat to it sometimes also to make it more of a meal.<br />If you are lucky enough to have an HMart (large growing Korean grocery chain in the U.S.) near home like me, you can still get some (somewhat) authentic ja ja myun at the vendors there. Or better yet, make it yourself.<br />These instants do when you don't have time though. Great stuff. Mashithhaa !! I love to eat Korean... food  :)<br />They also make the best spicy ramien/ramen ever !!",1286841600,2,2
B000LQNK50,4,Funny instructions,"I liked this.  Nice change from ramen.<br /><br />This is not a soup.  It's noodles in sauce.  Sort of an instant lo mein.<br /><br />I did not find it spicy at all.  But then, I like spicy food, so I might be used to hotter food than the average Joe.<br /><br />The instructions cracked me up.  ""Boil 19-1/2 fluid ounces of water.""  This is just water you boil the noodles in, then drain and discard!",1260576000,2,2
B000LQNK50,5,Great taste!,"Tasty Korean noodle. There must be nothing like this from any other manufacturers. It was even cheaper than other Asian markets. However, if you have not tried this before, I would recommend you to try a single pack first before purchasing a box. This noodle is a bit different taste to the other typical ramyuns (ramens). I would say it is better than the other typical ones.",1214352000,4,5
B000LQNK50,4,What does it taste like?,"In each package of Nong Shim Chapagetti you'll find a round-shaped block of noodles and three packets; some dried vegetables, some gravy granules and some oil.<br /><br />When prepared according to the directions there is no broth,  just thick, dark,  black-bean gravy.<br /><br />So, what does it taste like?  Imagine a deep dark beef gravy mixed with ramen noodles and you'll be close.  It's not spicy at all.  The taste reminds me of eating mashed potatoes and gravy at the local diner.<br /><br />I like it as a change of pace from other packaged ramen noodles.",1321833600,1,1
B000LQNK50,4,Good But A Little Bland,"First, I wanted something other than the usual Ramen noodles so these fit that criteria perfectly.  Preparation is easy and the dish looks great when cooked but I found the taste a bit bland.  There really isn't much taste at all really.  I ended up using rooster sauce or hot oil to spice it up a bit.  I'll continue to experiment and it's certainly not a big issue.  I'm eager to try mixing in some steamed shrimp or vegetables.  I'll probably buy again.",1348704000,0,0
B000LQNK50,5,Delicious.,"This is one of my favorite Korean junk food/quasi meals.  If you're not used to this product, it might be weird to you, but I find it delicious.  You make it like a typical package of ramen at the beginning but you leave out the ""sauce"" packaging.. which kind of looks like finely ground coffee beans.  Then when the noodles are cooked, you drain almost all the water, add the mini oil package and sauce, stir until you have a thick sauce and enjoy.  yum.  I am jazzed that Amazon offers this online, otherwise I'd have to drive so far away to Korea town to get it which is a huge hassle.  Yay for Amazon, yay for Chaps!!  I heart online shopping.",1340582400,0,0
B000LQNK50,5,Pleasantly surprised!,"This is an interesting idea for Korean ramyeon noodles: ramyeon (ramen) noodles served almost like spagetthi.  The flavor is not tomato sauce, but more like a sweet black-bean sauce or something similar.<br /><br />I tried one of these and was skeptical until I actually tasted it.  It doesn't look that appetizing, but holy cow was it good and with no MSG either.  This was a surprise hit for me, and I will definitely purchase again.",1340323200,0,0
B000LQNK50,2,If you like generic brown sauce,"you'll love Nong Shim Chapagetti Chajang Noodle, because this is all you should expect. Anything beyond that be prepared to add all manner of additional seasonings and accompaniments.<br />Extremely bland and unforgettable, as another reviewer indicated it resembles chocolate, so if you want ramen with mole sauce go for it otherwise you should expect more of a kick from Campbell's Noodle soup.",1291420800,1,3
B000LQNK50,3,not traditional chinese chajang mein,"I bought one package just to give this a try.  I love chajang noodles.  I figured nong shim makes my fav instant noodle Neoguri, they probably make a mean chajang instant noodle.  Not the case.  This one lacks a strong black bean taste and is too sweet.  I can see how some may really like this but if you are thinking traditional chinese chajang, this is not it.  I would recommend Kung-Fu brand chajang if you are interested in a good one.  It is labelled as ""soybean paste flavor, oriental style noodles"" box of 30.",1271376000,1,3
B000LQNK50,2,Thoroughly UNIMPRESSIVE,Nong Shim makes some of the best ramen on the market but this flavor is horrible.  It is like black tar without any flavor.  Save your time and get the Spicy Seafood Nong Shim.  I will use the remaining noodles with flavoring other than what comes in the package...,1334620800,1,4
B000LQNK50,3,Not my favorite,"2.5 Stars<br /><br />Thought I would try Chapagetti for a change of pace - not a winner in my book.  The flavor packet was flat tasting, with a bit of weird added in...can't even describe the unusual flavor.  (I've had black bean and like black bean paste, this wasn't the flavor here)<br /><br />I tried this with half a pack of seasoning, added Parmesan cheese (not a winner), tried plain (strange taste was more pronounced), and added beef (still hard to get used to).  I will just add the noodles to another flavor packet of ramen when I cook it and at least this box will be salvageable.",1288569600,1,4
B000LQNK50,2,Meh!,Flavor is a bit bland and something I'm not used to.  Smell and appearance is not very appetizing.  This is the only Nong Shim instant noodle I've had to throw away due to the taste.  It's probably just me not being used to Korean cha jang noodle (at least the Nong Shim one).  I'm more accustomed to the Chinese one where it's more flavorful/deliciously aromatic and not black.  I've had 5 other people in my apt agree that it's the worst instant noodle they've tasted from Nong Shim.,1267747200,2,6
B000LQNK50,3,Not Good...,"The soup base is disgusting. I ordered this with high hopes on all the rave 5 star reviews. I'm sorry people, but you have some messed up taste buds if you think this is the best ramen you ever had. It taste very strange, like seaseme seed oil. It smells terrible. I should have never order this product and continued to order Nong Shim's Shin Ramyun. I really don't recommend anyone actually drink broth for It's a very thick dark fluid that stains anything it touches. It will probably damage your liver. Not to mention all the sodium and MSG. Now I don't know what to do. If anyone can tell me how to make it taste better please tell me so I don't waste the rest of these.",1258416000,2,16
B000LQNK50,1,Flavorless non spicy crap stick with Shin-Ramen!,"Honestly I had never seen or heard of this type of Nong Shim noodle before, but I've been a die hard red packsge Shin Ramen fan since they were first imported into the US years ago.<br />It was on sale at local Ranch 99 Asian Market so I decided to try it. I trust Nong Shim to in the very least deliver a quality product.<br /><br />These quite honestly were the blandest non spicy packaged noodles I've ever tasted, and I even used less water to make the broth stronger. FAIL The noodles were the same as Shin Ramen. There were three little packets in the package. I'm guessing dried veggies or seaweed, a light oil and the broth base, looked like beef? (dark brown color)<br />This tasted like mushrooms to me. No spicy flavor whatsoever.<br />Not exactly sure what Chajang Noodles are supposed to really taste like, but I'm not a fan. This is what happens when you try to mix two different cuisines (Italian-Spaghetti) and Asian (Chajang) Epic FAIL!!<br />I'll stick with the good old Shin Ramen. Same price and way better taste in my opinion.<br />Avoid Avoid Avoid unless you just prefer boring bland flavor in your noodles!",1313625600,0,12
B000LQNK5U,4,Spicy and Fishy,"Let me start off by saying, I love Nong Shim bowl noodles!  At this price, I couldn't pass them up!<br /><br />I prefer the original spicy, but decided to give the Spicy Seafood a try this time.  There is a fishy scent, which I found unappealling at first, but have since learned to live with.  Also, this variety is not nearly as spicy as I would prefer, and certainly less spicy than the original flavor bowls.  There are bits of dried crab and shrimp in the bowls, along with nice size pieces of mushroom and green onion (and other vegetables as well).  As with other Shim products, the noodles taste great and seem to be a better quality than other brands of instant noodles.<br /><br />I add a few dashes of tabasco, black pepper and a pinch of garlic powder before adding the water.  This takes care of the fishy smell (for the most part) and brings the spiciness level up as well.",1257811200,8,8
B000LQNK5U,5,Great Seafood Flavor.,"These noodles have great seafood flavor, and just the right amount of heat.  It's no wonder with all of the natural ingredients.  Proof that ramen can be more than salty flavorless noodles.",1289260800,6,6
B000LQNK5U,4,Tasty but not healty!,"These instant noodles pack a good amount of fat and sodium.  You shouldn't be eating this every day but oh man is it tasty.  I normally just make a bowl at night time when I got the munchies.  You can reduce the amount of sodium by using less of the package of flavoring and not drinking the soup, but what's the fun in that?  Great for a quick snack, but beware the sodium and fat!  Try throwing a few boiled shrimps in with your noodles.  Taste even better!",1287964800,2,2
B000LQNK5U,4,Pretty good,Pros: Cheap comfort food that satisfy your instant noodle cravings.  Definitely good for our current state of the economy.  Doesn't spoil easily so its good to stock up in case of hurricane or other natural disaster.<br /><br />Cons: You get sick of it if you eat too much of it meaning you shouldn't eat more than 3 times a week.  Its not the healthiest thing for you.  This is basically junk food.,1316044800,0,0
B000LQNK5A,5,Nong Shim won a ChefsBest Award with this flavorful ramen,"If your only ramen experience was a dry, tasteless brick dumped into a pot of bowling water that you purchased six for a dollar, then you are in luck. Once you try a Nong Shim noodle bowl you will never go back to Nissin Top Ramen.<br /><br />Nong Shim delivers a flavorful instant noodle meal, balancing seasoning and spice for a perfect lunch on a cold, winter day. The noodle bowl has a rich, red broth that is visibly loaded with spices. I've recommended Nong Shim to many people but a few, because of the kimchi flavor, have been hesitant to give it a try. I can attest that Nong Shim's noodles are not as pungent as `fresh' kimchi.<br /><br />I submitted two product photos. Please give them a look. One shows the ChefsBest Award and endorsements Nong Shim received. Nong Shim is the leading brand of ramyoen (ramen instant noodles) in South Korea.<br /><br />I recommend adding refrigerator scraps to your noodles; perhaps, whole kernel corn (for sweetness) or some tofu, finely chopped green onions (scallions), chopped, cooked beef, chicken or seafood. An egg is another delicious addition, either hard boiled and chopped or over easy.<br /><br />One final note: a serving is high in sodium, so skip drinking the soup if that is a concern as the noodles themselves contain little sodium. You can reduce your sodium intake by more than 60 percent if you don't drink the soup.<br /><br />Rating: Five stars.",1290643200,21,22
B000LQNK5A,5,A much nicer alternative to maruchan ramen,"I bought 3 of these flavored ramen at Walmart for a buck each, I saw that the Maruchan cost only about $0.19 each, so I grabbed some of those too. However, after comparing them both, Nong Shim definitely was the better one. The taste was different and I'm happy to learn there are different flavors as well, can't wait to get them for my college dorm!",1312502400,2,2
B000LQNK5A,5,Great fast snack,"My local costco use to sell these, now they dont =(  i just love the taste.  it does have a lot of sodium, but what do you expect from packaged ramen...dont drink all the broth!  its quick and convenient, especially with the bowl. Its not very spicy (my tolerance is high) but you get a good heat taste",1282953600,2,2
B000LQNK5A,5,One of the greatest findings at Amazon,"Never thought that I was able to buy Korean Ramen from Amazon. You can find these at the local Korean market, but the price is much more. Amazon packed the bowl noodles securely and safely and delivered very fast. These noodles turned to my kids' favorite snack. I will definitely buy again.",1264982400,2,2
B000LQNK5A,4,"Tasty, filling ramen, but not every-day.","I bought this box after trying my first Nong-Shim noodle a few weeks prior. These have lots of taste and aroma. They make a great quick lunch or dinner. Although not advertised on the packaging, these are still spicy and hot; however, not nearly as hot as the ones labeled 'spicy'. I do enjoy these, however they are not something I can eat everyday. However, its probably not healthy to eat instant ramen every day anyways! The size is plenty for me. They fill me up well. Keep a box of tissues around though, as you may experience 'running-nose' due to both the temperature of the broth and the spiciness of the soup. I look forward to buying other Nong-Shim noodle products in the future.<br /><br />Overall: Excellent noodles. Flavor is strong but not over the top. Not nearly as spicy as other flavors(You decide whether that be a good thing or a bad thing). Actual noodle taste of Nong-Shim products is much richer than other brands, which is what I love about Nong-Shim.",1254614400,0,0
B000LQNK5A,4,Spicy and a good base!,"Nong Shim noodle bowls are good quality and have nicely flavored soup bases. This Kimchi flavored choice has good spice and balance with a pinch of the usual dehydrated vegetables and good quality dry noodles. The preparation instructions are clear and accurate. I usually add stuff to soups for more substance. Leftover beef, veggies, tomatoes, or chicken work fine and can add a ""meal"" status to this product vs the ""snack"" status. I find the Nong Shim soups to be better than the usual cheaper ramen fare, but usually you get what you pay for! If you want the next step up, try Annie Chun's brand. The Nong Shim noodle bowls are very convenient but none can compete with your mother's or grandmother's homemade versions, in my opinion!",1252713600,0,0
B004JRSAJS,1,They made me sick!,"These literally made me sick.  First, when you open the package you have to drain off the water, which is fine except that once you do the whole thing has the faint scent of fish.  I guess that's not so bad if you like fish, but I don't. (2) Then you have to put them in a pan full of water and boil them for about 1 minute.  What you come up with are these small little pearls that essentially smell fishy and taste like nothing at all unless maybe its pearls of tasteless rubber.  I tried butter and salt, the flavoring from ramen noodles, spaghetti sauce, velveeta for mac and cheese.  Nothing made the consistency of these little pearls any better.  In essence it feels like you are taking a mouthful of big metamucil (which makes me gag anyway).  But beyond that, after I ate the smallest amount of them, they made my stomach cramp and I was nauseated for the rest of the evening.  At first I thought it was just a quirky thing, but I tried something else on them to see if it made them better and I got even sicker.  At that point I was done.  Yeuck.  A waste of money.  I'm going to try the kind mixed with tofu and if they stink as bad as these, or make me sick then I'm done, if I don't end up in the hospital with some gastric illness.",1323475200,4,7
B003OB6BMI,5,"wonderful Ramen, and SO CONVENIENT!!","If you're like me, you eat Ramen noodles in cycles -- none for a while, then several Ramen-based dishes over several days, and so on.  But if you prefer the non-meat-based flavors i.e. Oriental or Mushroom, they can be hard to find locally, and I have a habit of starting my consumption cycle when my supply has already dwindled and then being frustrated when confronted with only Beef, Chicken or Shrimp at the grocery store when trying to restock in a hurry.  Amazon to the rescue!!  This is a case of 24 of the regular Ramen noodles you see on your grocery store shelves (my favorite is Oriental, but this Mushroom version is also great).  Versatile, because the choice of meat hasn't already been made for you, so you can combine with anything you choose to stir-fry or any leftovers you're adding to a soup or noodle dish.  And ALWAYS IN THE PANTRY!!  At a GREAT price, too.  This is now a regular purchase at my house!",1290038400,4,4
B003OB6BMI,5,Great vegetarian option!,"I haven't had ramen since I became a vegetarian 5 years ago. Then I found this while browsing on Amazon. It tastes good, it's cheap, it's vegetarian....I'm happy.",1317340800,4,5
B003OB6BMI,2,Product image not accurate!,"Well, color me embarrassed! I saw a picture that said ""Chicken Mushroom,"" which is what I wanted to buy.<br /><br />Yeah, the title just said ""Mushroom,"" but so many of the product descriptions are a little inaccurate, so I didn't think anything of it.<br /><br />So I ended up with a whole case of the wrong ramen. Don't make the same mistake I did - this picture is not worth 1000 words!",1348185600,1,1
B003OB6BMI,5,Too Good!!,I have wanted these for a long time and have got it is the best flavor and cheap so if you like ramen and don't have a problem with salt you will love it.,1342656000,0,0
B003OB6BMI,5,Ramen,ive been eating Ramen noodles a long time and like most flavors including the mushroom. ordered it by the case and when its gone will order more. so many things you can cook with ramen.,1328486400,0,0
B003OB6BMI,5,One of my guilty comfort foods...,"I still have over half of my recently purchased stash.  My consumption, too, runs in cycles.  I have to be in the right mood for it, but if I'm in the mood and caught without it, heaven help my poor husband!  Late at night when hubby's fast asleep and the cats are busy chasing one another, I grab a pack of noodles from my hiding place in the computer room, grab my special noodle bowl from the shelf behind the ramen, sneak into the kitchen, and three minutes later I'm in heaven.<br /><br />I never share my ramen.  Take my coffee, take my chocolate, I'll give them up without a fuss.  Just stay away from my mushroom instant ramen.  Best tasting of the bunch, in my opinion.",1321660800,0,0
B003OB6BMI,5,after looking around..,amazon to the rescue. i love mushroom top ramen and amazon is the only place that I've been able to find it. They stopped selling it in the store more than 10 years ago and i thought i would never get to taste this wonderful flavor again. thanks amazon. :),1315526400,0,0
B003OB6BMI,2,salty!,"i thought this was going to be a great product, i was wrong. They try to fool you by making it two servings, so you think it's 40%drv, but in essence, it's 80% your drv, which is insane from such a little package! way, way, way too much salt, and very unnecessary, they could have toned down the salt and still come out with a great product. Who eats half a package of ramen????",1335744000,0,3
B001EPPZI2,5,"Great product, easy to store and use","I used these to in some vegetarian recipes which I individually packed for an Appalachian Trail hike last year.  I made chilis, soups, and some other dishes with them along with a variety of other dried vegetables and rice.  They were fantastic, as good as home-made, really.  For variety, II had other types of dishes too, but bean recipes comprised 3-4 dinners each week.  My meals were the envy of most hikers who mainly were eating cheap commercial stuff like Lipton Noodles and Ramen.  As an added bonus, I was getting a ton more protein and healthier meals so I didn't look like a starving homeless guy by the end of the trip.  Highly recommended.",1349481600,0,0
B001E5DC0U,5,Self-Validating,"Absolutely Grand, Delicious. I feel guilty when I'm opening the can(one of these amounts to over 4,000 Ramen Noodles cups - enough to feed a few villages), but once I taste it, I am instantly transported to Heaven(or at least, top-floor condo with 7 maids). So yeah, get rich and share this beneficence. Adios",1319328000,1,2
B0025UOMUC,5,Amazing,"Bought one of these at the store the other day while buying a couple boxes of Instant Lunch and got one just to try it. If you like Instant Lunch/Cup Noodles then I recommend these, they cost more but they're worth it.",1270598400,7,7
B0025UOMUC,5,YUM YUM YUM,"I wanted to try this brand over the usual 25 cent ramen noodles and I'm glad I did. The Yakisoba taste better and have a different texture to them. Although when first opening the package they look just like the ramen, they have a slight darker color and the flavor packet is WAY better.",1268611200,7,7
B0025UOMUC,5,Tasty and convenient,"First - Amazon's price seems excessive - I just returned from my local grocery which had these on sale for $0.75 a box.<br /><br />The product itself is wonderful. It tastes similar to the packets of instant ramen you'd cook on a stove top - much better than those styrofoam ""Instant Lunch"" or ""Cup Noodles"". And there is no need to boil water here - in fact cold water is probably desirable. Simply add cold tap water and microwave for 4 minutes (no stirring or whatever) and it's ready to eat. It's just like making Easy Mac.<br /><br />Sodium content is a bit high (as is the case with all instant/quick noodles) but I imagine the seasoning packet is the largest culprit. You can use less without sacrificing much taste at all.",1290816000,2,2
B0025UOMUC,5,THE BEST,"I love ramen noodles and there are plenty in each package. The spices are great too. A whole meal for 69 cents!<br />I make one change before microwaving: I crumple the noodles, so I can pick up a spoonful at a time without the hassle of cutting off the overhanging ones.",1319414400,1,2
B0025UOMUC,3,Better than cup noodles at least,"Since it's practically impossible to find good yakisoba short of flying to an area with an actual Japantown, I bought these to see if it would be a suitable alternative however I am somewhat disappointed. The texture is indeed better than the cheap 25cent Maruchan cup ramen noodles at your local supermarket and the fact that it comes with some cabbage and toppings is a plus. However, the taste has been ""Americanized"" to the point where you really can't tell that these noodles are supposed to be yakisoba. The chicken flavoring packet is similar to the one that you would find in most other chicken cup ramen so I wasn't overly thrilled with it.<br /><br />If you don't absolutely need ""instant"" noodles, you can save money by just going to Costco and purchasing the Top Ramen (the ones that you need to boil) and minimize the amount of water used to boil the noodles (so as to get a ""drier"" noodle). The taste and texture is comparable to these Maruchan yakisoba bowls.<br /><br />If you want a more accurate yakisoba taste, I would instead try the <a href=""http://www.amazon.com/gp/product/B0028PDFQG"">Myojo Ippeichan Yakisoba Japanese Style Instant Noodles, 4.77-Ounce Tubs (Pack of 6)</a>. They tend to cost a little more per bowl but the taste and texture is more authentic and you do get some vegetable toppings as well.",1299283200,2,4
B0055KEF56,4,Very tasty!,I ordered this as I had been missing ramen noodles since I became vegetarian.  I wanted something that was tasty and yet healthy.  These noodles are so much better than I had expected.  I would highly recommend!,1323648000,1,1
B000JSM344,4,"Pretty good, 100% vegetarian soup","Anyone who likes ramen can appreciate the Maggi noodle brand. The noodles taste the same, and the flavor packet makes for a very tasty soup. The tomato flavor one is the mildest, and the masala flavor is the spiciest, and thus the Curry one is pretty spicy. Rinse out some of the boiled water before adding the flavoring if you want a spicier soup, and add more water if you want a milder soup.<br /><br />Maggi is also really great for those who are pure vegetarians. Please be aware, most instant noodle packets contain beef stock, chicken stock, etc. in the flavoring. It may not be whole meat, but if you completely abstain from meat, I wouldn't recommend most of the instant noodles available in stores. Since one of Maggi 2-minute noodle's major target markets is the Indian population, and several Indians are pure vegetarians, Maggi's soup flavorings are 100% vegetarian.<br /><br />Instant soup is delicious when you're starving, but it's not very healthy, so I like it but don't love it. Also, I prefer the Indomie brand over this one.",1294876800,2,2
B005FC75X8,1,They changed it and now it is AWFUL!!,"I've never reviewed anything before, but have relied on reviews for many purchases.  If this keeps anyone else from buying this new soup thinking it is the same as the old one, then it's worth it.<br /><br />I've purchased and eaten the old version of the Dr. McDougall's Right Foods Chicken Ramen Big Cup Soup for several years.  When I suddenly couldn't get the 2.1 oz soup cups, and this appeared (1.8 oz soup cup), I bought 3 boxes of 6.  I ate the first one a few days ago, and barely could choke it down.<br /><br />The broth in no way resembles chicken broth, it's brown and watery and has a slight trace of miso or soy flavor, with a bitter after taste.<br /><br />YUCK!  Don't buy this, unless or until they re-formulate it again to once again be edible and resemble chicken soup.",1317600000,14,16
B005FC75X8,4,I love this soup.,"Beg to differ with previous reviewer. I really like this soup. Long organic ramen that's tasty but not fried and a nice chicken flavored broth. I agree that is different from the original Chicken Ramen. But, I like this one better.",1318377600,3,3
B005FC75X8,4,A good alternative for vegetarians/vegans,"Personally, I think this is a decent soup. I can see why people think it's a bit bland, but if you add just a little of your own touches, it's awesome. I think it's a great alternative for vegetarians and vegans or anyone who wants healthier ramen. And yes, it does boil over in the microwave, so you should probably just put it all in a bowl. I'm also used to odd tasting food being a vegetarian, so that could be why I think it's better than other people do. Not sure if I would buy it again or not, but I would eat it again.<br />And if you follow the directions (other than putting it in your own bowl) it turns out perfectly. You heat in the microwave for 2 minutes, and let it set for 5 or so minutes to soften the noodles. If they're too firm, you're not waiting long enough.",1348876800,0,0
B005FC75X8,3,Chicken Ramen,"I enjoy ramen noodles but not in the usual form of extremely high fat, carbs, and salt so this product is an improvement. My only complaint? The flavor is very bland to the point that I likely wouldnt buy it again or will always have to have some spices on hand for flavor. Vegan doesnt mean without flavor. Also let it set for a long time, the noodles take a long time to soften.",1346976000,0,0
B005FC75X8,4,great healthy soup,"I use this soup as a base.  I use twice the amount of water or more, add 1 tsp applecider vinegar or any vinegar, the seasoning pack, throw in the ramen...cook it for a few minutes in a pan, then add plenty of beansprouts and spinach and cook for a another minute or so. You have a fantastic meal for around 200 calories and very filling. If desire, Add a piece of whole grain bread.",1338768000,0,0
B005FC75X8,2,Meh; noodles too firm,"I didn't hate it, but I didn't like it. The noodles are a little too firm for ""ramen"". The broth was ok...again, didn't hate it, but didn't like it. It didn't all dissolve (I followed the instructions completely) and it got kind of grainy at the bottom. I will eat the rest but will definitely not order it again.",1318377600,3,5
B001AY9BQE,5,DELICIOUS!,"These were a hit among friends in Iraq, I just mailed out three 8-packs of them. This is a great price too, the stores charge over a dollar each. Thing is, they won't ship to an APO/FPO address, but there are a few websites that will re-ship them for you, or you can do it yourself. I have not had a better instant noodle than these.",1303862400,1,1
B0026KCD16,5,I LOVE THIS PRODUCT!,"I can hardly contain my excitement about this oil! It arrived on time, packaging was fine. The oil is so strong you need only drops at a time(a dropper is included).The glass bottle is a nice size, its food grade so it can be used for chicken dishes, soups,salads(i add to ramens noodles for flavor and toss out MSG packet). I am making a deodorant and bath oil with it and useing it to spritz around my apartment. I have ordered from this seller and will again and again! The seller also gives you a sampler gift and customer appreciation card with every order.",1323475200,1,1
B00171JL8S,4,Love them!,"I used to eat these noodles in high school in the UK and absolutely loved them. The girls from Hong Kong sold them. Yes, they are big in Hong Kong, but the maker themselves, Nissin is Japanese.<br /><br />Other reviewers are right, it is a knock off of the famous Ramen noodles. However, for me, these noodles taste differently than Ramen.<br /><br />When I buy Ramen in the US, I absolutely do not like it. These ones, I do like. To me it is an alternative and better version of Ramen. The only complaint I have is that the soup base powder is slightly too salty. But that can be fixed by reducing the quantity added.<br /><br />To add that spice, it goes well with Chinese chilli oil",1250812800,4,4
B00171JL8S,5,"If you're looking for Japanese noodles, you will be disappointed.  This is delicious Chinese Ramen!","I have loved this stuff since I was a little kid, and my mother has loved it too since she was younger and living in Hong Kong.  This is NOT japanese though, and it has very much been adapted to Chinese tastes (who are also well known for delicious noodle soups). But if you're looking for tasty instant noodles, and not just for something that is Japanese in origin, then you've found it!!",1289779200,2,2
B00171JL8S,5,The Best Flavored Soup on the market.,"This Soup is made in Hong Kong and is the Best Flavored Soup that I have ever had. This Original flavor Nissan Instant Noodle comes with a small packet of Sesame Oil. You add this to the soup, along with the Original flavor packet. The taste is Outstanding.",1266364800,0,0
B00171JL8S,4,Bring back memories,"I used to eat this when I was little, every time I eat this noodles it'll bring back some old memories. My mom used to cooked this band and the sesame oil smell SO Good. My mom would add some veggie and other ingredient into it, like wonton or fish balls and fried eggs. There's so many way you can make the instant noodles. I recommend it.",1260748800,0,0
B00171JL8S,1,Inferior quality made in Hong Kong,"I ordered these based upon the claim that these were imported from Japan. False! This product is licensed to be produced in Hong Kong and sold in cheaper markets, including the US. It would never be imported into Japan and therefore, never exported from there.<br /><br />How do they taste? If these were supposed to be Pringles, they taste as if they were called Prangels. They are close but not as good and disappointingly less satisfying than expected from the original.<br /><br />Food is only as good as it's ingredients. Local resources goes into producing this ramen in Hong Kong and differ in taste and quality from the original. If this cheaper version was identical to the Japan produced Nissin noodles, the version sold in Japan would be imported from Hong Kong instead of being still made in Japan. People in Japan will know the difference and are wary of the quality, as am I.<br /><br />A Mercedes Benz made in Germany is different in quality from one made in another country. I expect honesty in the origin of a product. These noodles are misrepresented. While the noodles are edible, the untruth is unforgivable. If you want the Hong Kong version, then you can enjoy the noodles sold here but I could buy the HK version locally for much less. I'm willing to pay more for real Japanese ramen but, not this.<br /><br />I know I can return this ramen but, that would not change how I feel and someone else will be fooled so, this review would remain the same. I want real instant Nissin Demae Iccho ramen that is made in Japan. This is not it.",1220918400,5,10
B00064VQNU,5,Best Olive Oil Ever!,"I get this at the Sacramento Farmer's Markets, but my dad moved to Colorado and really missed the California Olive Oils. I sent him a bottle of this oil and he was in heaven! It has a strong taste of olives, cloudy, and even olive 'dust' on the bottom - To me, this is a sign of quality you can NEVER get at a grocery store! This oil is best for pesto, dipping bread, and fresher meals--as the taste diminishes with cooking. As a 'foodie', I have never found a better oil! Thank you!",1252281600,1,1
B002ANCDRI,5,Please understand what it means to go grain free.....,"This product is a good product and really good health wise for your cats. If you are looking at this product you are probably interested in feeding your cats something better. I just wanted to address some of the negative reviews of this food - many of them by people who don't understand that all cat food is not the same. I took the time to switch my 8 year old street rescue Louie to grain-free food (tried many brands before I arrived at BFF), and here are some of my observations.<br /><br />Cost<br />All grain free foods costs more for the same reason that grass-fed antibiotic free, free range chicken costs more per lb than a chicken nugget. It's better for your cat! Anyone who has a cat that's on a farm - ever see it eating some of the corn or wheat that spills off of the truck? Never! That is because cats don't eat grains. In cheap cat foods these grains are used as fillers to round out the portions and are not of any nutritional value to the cat. When I went grain free my cat ate much, much less - thereby negating the price difference. I even tested it a couple of times - my 13 lb cat can eat 2 - 3 ounce cans of Fancy Feast in one sitting - but cannot eat a 3.3 ounce can of BFF in one sitting.<br /><br />Another point on cost. If you are the type to take your cat to the vet and take care of it when it is sick, then you save so much money and trouble with foods like this it is crazy. When you hear people talk about diabetic cats, food allergies and all the other assorted sicknesses our animals are getting - most of them come from food. Diabetic cats - did they continuously raid the cookie jar? All the money you think you will save (but are not actually saving) will go to the health care of your pet in later years. Its the same way McDonalds and Denny's don't have to absorb the cost of all the diabetics they helped create - the taxpayers pay for it through Medicare and higher insurance costs 30 or so years down the line (and sooner with all the young diabetics we are creating).<br /><br />Smell<br />Most grain free cat foods smell. EVO stank up the house horribly and I had to move the cat bowl from the kitchen. Minus all the fillers and grains - you are getting an all natural product that is better for your cat because nutrition of the cat is put first.<br /><br />Taste<br />Cat's are notoriously finicky. Most cat foods that have grains and other filler ingredients have to add heavy syrupy mixes to get the cats to eat them. They take corn, wheat, soy, barley and gods know what else, add some vitamins and then add a extremely strong tasty syrupy mix to get the cat to swallow it all. So cats fed this for a period of time get used to it the same way babies get used to sugars in their formula. Then, when you want to give the baby vegetables with no sugar added guess what? Baby rejects them - they want the sugar! Same happens with cats fed with cheap filler foods.<br /><br />Poop<br />When switching to grain free a cats habits and consistency may change. Their digestive system is learning how to digest what it was actually made for. Same thing happens to humans - look up the ""Whole 30"" and see what I mean.<br /><br />Switching to Grain Free<br />Its a process more involved than opening the can and plopping it down. Took me months. Google can help you do it but don't expect to just give this to your cat and have her dive right in thanking you for it. That may happen, but more likely than not you have to mix old and new foods until they are used to it.<br /><br />BFF, EVO, Taste of the Wild.... they are all good brands that will improve the health of your cat. I settled on BFF as my wet food because he loves it. I used to give him EVO wet food and he would eat it but he hated it. I still feed him EVO dry food because he likes it. I tried many brands and did not give up on grain-free food because I cared about my cat. I understood as a street cat for years he was used to eating whatever he could and it all was the cheapest, unhealthiest stuff available given to him by well meaning people. He has improved in every way (coat, activity level, temperament, litter habits, etc..) and now is a healthy and happy cat.",1340150400,5,5
B000VSDNMS,5,Another great Indomie noodle,"These noodles taste great, but I would suggest adding the flavor packets in as soon as you start cooking, instead of pouring the noodles/water over the seasonings immediately before eating, as instructed. The latter leads to a far weaker flavor than Indomie noodles usually have. Adding the seasonings in at the same time as the noodles results in a much richer flavor.<br /><br />My only complaint is the noodles themselves aren't very good, even for instant noodles. This isn't a big deal, but it's more noticeable in their soups than in their Mi Goreng.",1331856000,2,2
B000KRUEO0,5,Tasty,"It's incredibly tasty.  I'd recommend that any hot/spice lover give it a try.  I'll attempt to give an objective description, but well, it's a spice.  You'll really have to taste it yourself.<br /><br />Hotness: mild or roughly like <a href=""http://www.amazon.com/gp/product/B0004LZSYS"">TABASCO brand Pepper Sauce - Original Red 12 oz.</a><br /><br />Saltyness: none!  It's just pepper.<br /><br />Absorption: v.high, v.finely ground; unable to observe any small flecks after cooking into my standard spice test: <a href=""http://www.amazon.com/gp/product/B004SIZK5K"">Top Ramen Variety Pack 48ct (24-3oz Beef-24-3oz Chicken)</a><br /><br />It has a very clean smooth taste, almost like adding pure ""hotness"" to food without the smoky overtone of Tobasco, the roughness of black pepper, or the cumin of chili sauces.  It has a very slight ""cling"" or ""linger""; ie. as with habanero peppers, where the more you eat, the hotter it gets.<br /><br />One or two sips of water will wash it clean.  I haven't tried it with mixed spiced and milder dishes, but due to how easy it is to sip the hotness away, it should work very well there.",1341187200,2,5
B002VTE84C,5,Love it! but availability sucks,"I love these cold instant noodles! I had expensive gourmet cold noodles to semi-expensive frozen cold noodles<br />but for the price, and considering that these are instant- it truly rocks!<br />I'm giving 5 stars and more for the product<br />but 0 star for amazon because of their lack of stock availability!<br />I'm very eager to subscribe & save these noodles but it's NEVER available.<br /><br />AMAZON,,, please stock them 100+ boxes<br />because all of my friends are going crazy over these!",1275436800,6,8
B002VTE84C,1,Not for me...,When I saw the sale on these small meals I though - GREAT! I love most instant noodle dishes. Combine this with my love of many Asian dishes; I had high hopes. Sorry  - but I was wrong on this one! Not good!! I ended up throwing out all but the two I tried. Just though I'd throw my two cents into the mix...,1335830400,1,2
B002VTE84C,5,Best tasting instant noodle dish I have ever found!,"I bought one package locally for the Price of $1.99!<br /><br />Included in the package:<br /><br />1. Buckwheat Noodle Nest<br />2. Seasoning Flakes<br />3. Broth Concentrate<br />4. Mustard Sauce<br /><br />Microwave directions:<br /><br />1. Put noodles and seasoning flakes in microwavable bowl with 3 cups of water for 6 minutes.<br /><br />2. In a strainer, thoroughly rinse the cooked noodles under cold water and drain.<br /><br />3. Place the noodles in a bowl and pour the prepared broth over it.<br /><br />4. Add the mustard sauce and enjoy.<br /><br />Note this dish has NO MSG (unlike MOST noodle dishes) and NO shrimp and NO pork(unlike some noodle dishes).<br /><br />It is the best tasting instant noodle dish I have ever found. I like the cold noodles and found the overall taste complex yet enjoyable in it's simplicity.<br /><br />I greatly look forward to trying the ""chili sauce"" version.<br /><br />This noodle dish does meet some basic things I always look for:<br /><br />1. NO MSG<br />2. NO Shrimp<br />3. NO Pork<br /><br />Also, this noodle dish far exceeds my expectations of an instant noodle type pre-packaged food product. Once prepared properly it is amazing and does not taste like it came from an inexpensive pre-packaged product.<br /><br />Highlights:<br /><br />1. Yummy! The most Delicious Instant Noodle dish I have ever found!<br />2. Quick and Easy to make - Microwavable!<br />3. NO MSG! NO SHRIMP! NO PORK!<br />4. Very Inexpensive!<br />5. Noodles do NOT stick together (if made properly - RTFM!) ;-)<br /><br />Seeing as how everybody has different taste, I highly suggest you try buying one package first to try it first before buying a package of 20 but this is a ""No Brainer"" and I trust most people have more then a basic average intelligence to know this without being said.",1325116800,4,7
B002VTE84C,1,"Tastes bad, bothersome to make","This is one of the worst instant noodle I have ever tasted. Not only that it's bothersome to make, it tasted so bad I'd rather have those 10/$1 instant ramen.<br />Stick with NeoGuri, Chajang Myun or the classic Shim Ramyun. Stay away from this. I bought I box of 20 and I end up giving 18 of them away to my co-workers. No one liked it.<br /><br />edit:",1320883200,1,5
B000W59DQU,4,"I hope you're recycling, but it's darn good","Unlike most 40 cent ramen, this has three favor packets, including one that's a liquid. Lots of flavor, good spice. Wish it didnt come in the big plastic container though.",1237248000,0,0
B001AYBDJM,5,40 packets!!!,I love this ramen and I am so SO happy that Amazon offers it. You get 8 five-packs shipped directly to your door. My local oriental grocery didn't carry it. It's so delicious and spicy! Great for warming you up from the inside out when you feel cold! When you're done eating the noodles throw some rice into the broth for an awsm round 2! :),1328227200,2,2
B001AYBDJM,2,Why is this $40+ ?,"Why is this ramen $40+ for 8?<br />Don't get me wrong, its a wonderful ramen -- i would say i prefer this over the Shin ramen brand.<br />But walk into any asian/korean supermarket/grocery and you can get a box of these ramen for $20 for 20.<br />Well, you can even buy a 5 pack for less here on Amazon. Something seems wrong here..",1318204800,2,11
B000E1HVR0,2,How did this get a 5 star rating?,"Due to the large amount of five star ratings this product got I decided to buy a case, even though I'd never tried it before.  I figured that all those people couldn't be wrong, could they?  Well, I am not a food snob by any means, but let me just say that even my husband, who will eat practically ANY pasta, did not like this.  The noodles were very...squishy.  Almost gelatinous.  The sauce was poorly seasoned and harsh tasting.  It was almost like pairing bad canned sauce with Top Ramen noodles.  I was expecting this meal to be not of the highest quality, but still good in the way that fast food is good - cheap, yet yummy and addicting.  It was cheap all right, but unfortunately the yummy part got left out.  The only reason I gave it two stars instead of one was that it wasn't so bad that we couldn't eat it.  However, I definitely wouldn't make it again.  I think the only people who will like this are those who were raised on it.  If you've never tried this before, you probably won't like it.",1273017600,5,11
B000LO40AG,5,Rooster Sauce...,"As you can probably tell from the other reviews, this stuff is the new ketchup. It's popping up in restaurants and other venues, and for good reason: its tastes amazing! I can take really hot stuff, but this sauce isn't about killing your taste buds (or killing you). Instead, it lets you actually experience the flavor of the chilis front and center, while also complementing it with a strong garlic taste. I love to put this on hot dogs and hamburgers, as well as ramen noodles. Of course, feel free to experiment, I still experiment putting this on anything and everything if I think it might taste good.<br /><br />Believe it or not this sauce is made in America, despite its non-American-looking bottle. Its also as a pretty simple ingredient list that doesn't make you cringe when you look at it. I would recommend buying this (the 28oz bottle) as it is a much better deal than buying the smaller (17oz) one.",1313452800,0,0
B000E8PVN4,5,Must buy for quick meals on the go,"I've eaten these noodles for a while now and for the starving artist, it's a great alternative to the spicy ramen umma prepares at home. :)  It's really easy to make--open it up slightly, take the seasoning packet out, poor boiling water in, add the seasoning packet, and keep the package closed for 2-3 minutes to allow it to cook.  It cooks very quickly and can be eaten right away.<br /><br />It comes in several flavors, but in my opinion, the best one is kimchi--this truly is spicy and will leave your nose running.  The noodles have somewhat of an al dente texture, which I like, but others may not like this.  You can easily add other ingredients to this if ramen alone isn't enough; I personally add extra kimchi and seafood.  Some people add eggs for extra protein.<br /><br />The entire bowl contains around 500 calories and a LOT of sodium, so if you're on a diet, obviously this isn't a good choice.  But if you don't mind the calories or sodium, this is a great, quick meal that cooks in minutes.",1343433600,0,0
B005O0UEAM,4,Decent,"I have been searching for some time now for a Ramen to replace the Union Foods ""Smack Cup"" which was tasty but is no longer made. This one comes pretty close. It has a decent taste and texture and is not overly spicy. Oddly enough, cooking it in the microwave smells like you're boiling a batch of rubber bands. Get past that though and it's a good lunch soup with about half the sodium of that famous brand canned chicken noodle.",1330473600,0,0
B000E7UJEQ,3,Heat with a bit of flavor,"I've been looking for a substitute for standard Ramen Noodle lunches so I figured I'd try these. They aren't bad, but the red curry noodles didn't seem to have much flavor.  They do have a perfect amount of heat for me.  I think that the <a href=""http://www.amazon.com/gp/product/B000E7YPOQ"">A Taste of Thai Peanut Noodles Quick Meal, 5.25-Ounce Boxes (Pack of 6)</a> were a little better due to the flavor and texture added by the peanuts, but they are both still edible. I think the <a href=""http://www.amazon.com/gp/product/B000HDL1KI"">Simply Asia Noodle Bowl, Spicy Kung Pao, 8.5-Ounces (Pack of 6)</a> noodles are significantly better though.",1255305600,3,3
B000E7UJEQ,3,"not as good as the other taste of thai noodles, but not bad either","I bought these for variety mainly.  Both the peanut and coconut ginger flavours are strong favourites, though it's nice to mix it up once in awhile.  I have to agree with the other reviewers that this tastes nothing of curry and is a bit on the bland side, but I wouldn't go so extreme as to say it tastes like trash.  It does smell of fish, which, if you aren't used to, may be offputting.  It is much healthier and tastier than common ramen noodles, but there are better flavours out there.  I wouldn't recommend this particular flavour to anyone who's trying taste of thai noodle for the first time.",1292198400,0,0
B000E7UJEQ,1,these taste like cr@p,"I just cooked these up in a pan on the stove. They tasted kinda ""okay"" for a few minutes. But since they needed to cool I put them down for a few minutes. When I tried them again, the taste was horrible.<br /><br />I am open to a drop in flavor over a genuine homemade curry noodle dish, but this is just awful. I will eat a thousand packs of oodles of noodles or ramen noodles before I ever try this again. Yuck! I can't believe this product made it out of the test kitchen. Yeah....it's that bad.",1284422400,0,0
B004XXXR9G,1,Awful stuff!,"I ordered this because it's vegetarian and I've been trying to find a good tomato flavored ramen (I used to buy Maruchan but they've discontinued it). I really should have tried to find it closer to me and tried one bowl of soup before buying a whole case, it tastes AWFUL! It's really bitter and doesn't taste at all like tomato to me. After initially trying it I let it sit for a while so the noodles could absorb the juice more and see if that tempered the bitterness, but they don't, it's unfixable. Sorry!<br /><br />Gross gross gross!",1339027200,0,0
B000J5338M,5,Num Yummy~,"This is my very first time tasting seaweed and I must say that I'm very disappointed.... that they are gone so quickly.I found that after eating them almost every day for a week, my body began to crave for it. And I cannot blame it, they are delicious and very good for you. These are a great snack if you are constantly on the go and fall prey to snack cravings, though it may take quite a few. They are great with rice, ramen, and soups. 200 may feel like a lot, but they will not last for long.  C:",1268956800,4,4
B000J5338M,5,A tasty and nutritious snack,"These seaweed snacks are very tasty and addictive. They're chewy with just the right amount of spicyness, and great as a snack for watching TV or movies -- a much healthier alternative to potato chips or buttered popcorn. It's 1.3 calories and 15mg sodium per packet, according to the nutrition label. Each packet has 3 pieces.<br /><br />You can eat these as is, or cut the strips horizontally into very thin pieces and sprinkle over rice, ramen, salads, and even pizza. Sprinkling shredded seaweed over food is a common topping style in Japan such as <a href=""http://www.amazon.com/gp/product/B0006G5KEY"">JFC - Nori Fumi Furikake (Rice Seasoning) 1.7 Oz.</a>.<br /><br />100 bags is a lot, but don't be surprised if you find yourself eating 6-10 or more packets at a time. If you like seaweed snacks, you may also like Korean roasted and seasoned seaweed, though they are often much higher in sodium. Two very tasty brands I like are: <a href=""http://www.amazon.com/gp/product/B002JPV4AO"">ChoripDong Korean Seaweed Snack (Kim Nori), Roasted w/Olive oil & Sea Salted</a> and <a href=""http://www.amazon.com/gp/product/B0012JMSG2"">Roasted Seasoned Seaweed: 3 Individual Packs</a>.",1266192000,3,3
B000K1R0DO,5,Yummy!,"These are a little different than your average ramen noodle. They still contain the artery-clogging amounts of fat (they are FRIED in palm oil, after all,) the high sodium and the whopping 380 calories per pack.<br /><br />However, these are Taiwanese-style noodles, which are a little thinner and have somewhat more flavor - good enough to eat dry. They also contain two packets of seasoning. One of sesame oil, and one of chicken flavor with sesame seeds. In all, a hard on the body but oh-so-tasty edible. Just don't eat them for every meal!",1188950400,3,3
B004Q3UQFQ,5,The perfect asian food flavor enhancer,"I have tried the Youndoo & the Youndoo light and both are excellent. Try using the Youndoo in all your ASIAN food as a flavor enhancer. Dishes like: fry rice, satay & kabobs marinade, stir fry and Pad Thai. Also, pour it on top of all your BAKED FISH dishes. It's all so flavorful. Try replacing sauces&#65279; like Worcestershire & fish sauce with Youndoo as well. Try what I wrote with Youndoo and you'll see what I'm talking about. Now I'm hungry and will go have some ""dry"" Ramen noodle with Youndoo sauce on top..seriously It's ummm yummyyyy!",1349654400,1,1
B0007V2WZI,5,I Love Thai Food!,"I'm in college, so basically I live off ramen noodles. I have tried so many but Mama Tom Yum flavor is my all time favorite instant noodle! If you like Thai food at all, you will go crazy for these noodles. They are so yummy!<br /><br />Each packet comes with noodles (of course) which are not too soft but not too firm when boiled. Then there is one packet that is split by a divider. One side has the fish sauce. The other side has the tom yum spices. These three mixed together literally give one of the most authentic Thai flavors ever! I love how Thai food has a limey zest to it!<br /><br />This is so great I can't even tell you, you have to try it. The preparation is simple, I just boil noodles and add the two mixes. It literally takes less than 5 minutes to prepare. I do not add eggs or other veggies because I just love the taste alone. I imagine it would not taste as good with an egg though. This is the only noodle I must always have stocked in my college apartment kitchen.<br /><br />Slight warning: Contains MSG in pretty high quantities last time I checked, so I only eat this once or twice a week. Moderation is key with most ramen noodles, since basically all have no nutritional value at all.",1340496000,0,0
B0058AMYTC,5,My favorite Kettle Chip,"These are my favorite, but they aren't for everybody. In a way, they sort of taste like Oriental flavor ramen, but with a kick. For me, how can one go wrong with the combination of jalapeno and ginger? They are a bit rich, so they aren't for EveryDayForAMonth snacking. Because this is a case purchase, I recommend trying out a single bag before buying an entire case. The 2oz size seems to be no longer available, which is a shame; I can eat the entire 5oz bag.",1327968000,1,1
B0006MWNQ6,5,My cat loves this catfood! It is his favorite :),"I highly suggest a regular ""wellness"" diet supplemented with wet cat food. My cat's fur has never been softer, his temperament so easy going, and energy-level so high! Highly recommend.",1319932800,0,0
B004H4SEPI,5,DELICIOUS,And healthier than Ramen noodles. I took a chance and looked to see if they might be available here. I lived on these...and then I moved from NY to Florida...and can't find these anywhere. What luck! Hope they are fresh...I will be back to let you know and hopefully buy more. The price is just right...and free super saver shipping...couldn't have gotten any better! I bought the 30 pack mushroom for $34.95 and also the 15 pack shrimp for $17.95,1333497600,2,2
B002FBD92S,5,Not Your Father's Tobasco Sauce,"I have never written a food review on Amazon before but I just have to rave about how tasty and sensational this chili sauce is. Being Vietnamese and being practically raised on this sauce, it makes so many types of dishes spicier and flavorful like Pho or on anything meaty. You can honestly make a pizza that tastes like cardboard or ramen noodles that are too starchy and put this sauce on to make anything taste much better. It is made with garlic and has a sweet/sour flavor to it but it pours smoothly and consistently. It can be quite spicy, depending on how much you use but a little squeeze does go a long way. It is sold at any grocery store nowadays and I guarantee that you can find it in Wal-Mart. Most Asian groceries carry this bottle, usually at a cheaper price than American stores but if you can't find one, buy it through Amazon. You don't know what your taste buds are missing until you try this sauce!",1315958400,3,3
B002FBD92S,5,"Great stuff, lots of flavor","And lots of heat, too, which I love. Maybe more than any other tastes. This is great on eggs, in soup, on ramen-style noodles... I haven't tried it in my morning coffee yet, but that might be good, too. The top tends to clog a bit, you might want to use a toothpick to keep it flowing or squirting. Actually this stuff is so hot it would be a good self-defense weapon if you hang out in dark alleys at night. But it's really great on food of all kinds if you enjoy heat. And I sure do. Anything would taste good with this sauce on it.",1331251200,0,0
B002FBD92S,5,actually the best,"This sauce is legitimately the most delicious thing & I put it on everything. I'm probably going to purchase the Sriracha cookbook just so I can find more recipes to use this magic on. I particularly like it in Ramen Noodles w/ vegetables, or on fried rice. Or on anything. In conclusion this is a wonderful ting that everyone should be able to experience. :)",1330041600,0,0
B000BRR8VQ,5,Little doggie attention magnets!,"I am a trainer at a local no-kill shelter.  I work with all different types and temperaments of dog, and the only common denominator is that I need their undivided attention and a reward they'll do almost anything for.  Plus, being a wide population, I needed something with a simple ingredient list (so as to avoid digestive issues).  THIS IS THE TREAT!  I am a huge fan of Zuke's already, but was dubious as to whether or not one type of treat would suit the tastes of so many different dogs.  The chicken flavor has yet to fail me.<br /><br />Low-calorie, a universally appealing flavor and the perfect training size.  Bonus for trainers: they don't smell half bad!  However, their scent is still strong enough to work as a puzzle toy filler, a Kong filling, for tracking or scent games or to just grab focus from an enticing squirrel. ;)<br /><br />Even previously feral and non-treat-motivated dogs seem quite happy that I bring these.  Highly recommend.",1328140800,0,0
B000EPMP2C,5,Wow!,"This item arrived a day earlier than expected, and in perfect condition! As for the noodles, they completely blew me away. This is no ramen! These are restaurant-quality noodles, and it couldn't be easier. In each ""take-out"" carton, there is a pouch of fully-cooked noodles(simply open the pouch, break them up a little and put them in the carton) and a pouch of thick, sweet sauce. Pour the sauce over the noodles, close the carton, and microwave for two minutes. There are no ""dry spots"" - the entire carton is moist and the noodles seem to develop a glaze. The price is well worth it - though you can get many packets of the cheaper noodles, this is the real deal, AND it has no MSG. Each carton contains an ample serving of noodles, enough to toss with beef, chicken or vegetables, or just to eat on your own! You will not regret this purchase.",1169856000,2,2
B000EPMP2W,1,Horrible flavor!!!,"I brought this item to work for lunch today... let's just say I'm eating an apple & some trail mix I had in my desk. The flavor & smell of the sauce was just so unappetizing. The ONLY thing this product has going for it is a little bit of spice. Otherwise, the flavor is terrible. Cheap-o ramen noodles have better flavor. I'm highly disappointed considering what I paid for this (at the grocery store).",1176163200,0,1
B000HJ7AIY,4,"Sticky trap with Pheromone bait attracts MALE moths, breaking life cycle!","Based on my multiple experiences, I recommend:<br /><br />1. Buy extra Pantry Pest Traps! $ave at Home Depot!<br /><br />2. Use traps when FIRST seeing evidence of moths.<br /><br />3. Cluster multiple traps (2-4) on top of the fridge.<br /><br />Can this product be improved? Yes! Make a larger sticky surface to trap moths. Most of, but not all of the inside surface of the trap is sticky. To help, I suggest...<br /><br />4. Buy a package of fly paper ribbon/strips and temporarily mount 1 from the ceiling close to the Safer Pantry Pest Traps to trap more bugs.<br /><br />Unrelated to the product, due to re-infestations, I now additionally do the following:<br /><br />Toss ALL baking mix, flour, rice, cereal, macaroni, ramen, noodles, mac-n-cheese mix, pizza mix, gravies, chili mix, spice mix, etc. into garbage bags, seal and immediately put into an outside trash can.<br /><br />Thoroughly and carefully clean out/vacuum all cabinets/drawers paying special attention to crevices and all surfaces. I carefully clean product containers returned to the cabinet/drawers. It only takes 2 moths/larvae/eggs to re-infest.<br /><br />I stopped buying food in bulk, and I end up with fresher products and less cluttered cabinets and drawers.<br /><br />I now store susceptible foods in glass containers with screw-on lids, it's a lot easier to see a moth that way, and a good way to recycle glass.<br /><br />NOTE: The Pantry Pest Trap is also sold under other names. I will certainly buy this product again and I keep at least 1 box of unopened traps in my cupboard just waiting for the buggers!",1280966400,2,2
B000EM8UJC,3,Not bad for an instant noodle,But I still prefer ramen chicken flavor noodles from Maruchan. They have more fuller taste and texture to the noodles. These have a slight watery aftertaste that the ramen noodles don't.,1271635200,0,0
B000M0ETJ6,5,My Favorite Hot Sauce,"This is an amazing hot sauce, it has the heat and a great flavor. I use it on pretty much everything, usually stick about 6 drops in ramen, put it in chili or mix a bit in with wing sauce. Even tastes great on pizza. Yum!<br /><br />Bottle lasts a long time because most things you stick it in by the drop.",1350777600,0,0
B004K6AVDG,5,good food recieved on time!,"i'm a vegan and always missed ramen from my non vegan days over a decade ago. These are vegan and a great subsitute for regular ramen. I think they are healthier although they probably contain as much sodium but the flavors are fantastic. I mixed in fresh mushrooms while the ramen was cooking and it made it even more delicious! a great buy, and it arrived on time, great packaging too! (the ramen packages were 99% whole!)",1322870400,3,3
B004K6AVDG,5,Great Noodles,"I have been looking for low-fat ramen noodles since Campbells stopped making them years ago. The Koyo Ramen Noodles have an excellent texture and the mushroom flavor is very good. They only have 1 gram of fat and 190 calories per serving (1 pkg).  I think that they taste better cooked on the stovetop.  I boil the water, add the noodles and cook them for 2 minutes, then add the flavor packet and stir and cook for another minute...and they are perfect.  Just be careful not to overcook them.  I actually prefer these to the regular ramen noodles, and don't miss the extra fat and calories. They are a little pricey, but well worth it to be able to enjoy a healthier comfort food.",1331078400,1,1
B004K6AVDG,5,Yummy!,"I was looking for a organic Ramen and this seemed like it might fit the bill. Turns out to be fantastic! I like to ""soup"" mine up (pun intended) with veggies. I like fresh veggie but don't always have time to clean and chop. So I always keep on hand a organic Asian frozen bag of veggies. I use 2 cups of water, 1-2 tbs of soy sauce, couple handfuls of veggies, add the noodles and dry packet, bring to a boil, pour into bowl, add fresh chopped green onion and 1/2 teaspoon toasted sesame oil or hot chili oil, and then serve! I can make it in 5 minutes and it's really good, the green onion helps brighten it up.",1349481600,0,0
B004K6AVDG,5,Excellent ramen but don't overcook it,"If you are looking for easy comfort food, I can recommend this ramen.  It can be dressed up with meat, vegetables or tofu but is tasty just on its own.  Good for upset stomachs or poor appetites (it recently got my family through a nasty ""tummy bug"").  One piece of advice - be very careful when you cook it and follow the instructions closely.  When overcooked, the noodles are limp and tasteless and not a bit appetizing.  I have found that pouring off some of the cooking water after the noodles are cooked, helps too",1325635200,0,0
B003OB0KSY,5,Satisfying Snack in Minutes!,"Maruchan Instant Lunch Ramen Noodles with Vegetables provides a hot, satisfying snack in 3 minutes!  Each unit comes in it's own container.  Just add boiling water to dry contents inside, re-close lid and 3 minutes later you have a hot soup ready to eat!<br /><br />This product is not the healthiest thing you might find yourself snacking on, but is certainly not the worst either.  The worst thing in this cup of soup is the 59% sodium, which is actually quite a lot of sodium compared to most packaged foods.  More sodium, even, than packaged macaroni & cheese, which packs a whole lotta sodium - 41%!<br /><br />So this isn't the kind of thing you want to eat all the time, and seriously do not expect this item to have enough nutrients to keep a body healthy, by eating it as your only item for meals.  I recommend this as a snack item only, and only a few times a week.<br /><br />As a snack-item only, this soup is very tasty and satisfying - and simple enough to make that anyone able to heat & pour boiling water can have a warm, substantial snack!",1298332800,6,7
B0083KPJ1O,4,"GLUTEN FREE!  So good, I had to review it!","BOTTOM LINE:<br />GLUTEN FREE!  This stuff was sooo good, I really wish I had another bowl right now. The Quantity:Price ratio takes the product down one star.<br /><br />FLAVOR:<br />I thought the flavor was excellent, in that I could really taste the garlic, pepper, and onions.  The broth was a little salty at first, but I added a bit more water to get it to where I wanted.  I also thought it could use a little spiciness, but I feel that way about everything (I left out their oil packet and added a squirt of my own Hot Chili Sesame Oil - <a href=""http://www.amazon.com/gp/product/B0005ZXXWM"">House of Tsang Hot Chili Sesame Oil</a> and it was perfect).  It was really nice in that it had more than just your standard chicken/ msg broth flavor - it had real subtle flavor notes.<br /><br />NOODLES:<br />GLUTEN FREE!  I thought I would note that I really like the noodles in this - they are not your standard Ramen noodle, but are a form of rice noodle, similar to Vietnamese Pho.  These take a little longer to cook, but are definitely a great match for the broth.  I bought them because they are gluten free, but they make a great soup noodle in their own right.<br /><br />QUANTITY vs. PRICE:<br />I wish there was more in the bowl than what was provided.  This is what takes the product from 5 stars down to 4.  For the price, I wish there was more food - or for the amount of food, I wish it was cheaper.  To be fair, I bought this at my supermarket, and not on here, but the price is similar.",1342396800,0,0
B00161DVFS,4,Hot & Salty,"This is my ideal popcorn seasoning.  I love the spicey pepper mix, but be aware that this stuff is also incredibly salty.<br /><br />Hotness: very mild; (for comparison I consider <a href=""http://www.amazon.com/gp/product/B0004LZSYS"">TABASCO brand Pepper Sauce - Original Red 12 oz.</a> to be mild)<br /><br />Saltyness: very salty; treat this like pure salt and you won't be surprised.<br /><br />My standard spice test is to put some in <a href=""http://www.amazon.com/gp/product/B004CP74Z8"">Top Ramen Noodles Chicken 3 oz. (12-Pack)</a>.  The pepper side of this spice works great there, but the extra salt piled on top of Ramen's already salty flavor packet makes for a VERY salty dish.<br /><br />Definitely try this first to help you gauge it's effect before serving.  The saltiness will likely be surprising.  Once you know about the salt, though, it's pretty easy to use this tasty spice to good effect.<br /><br />If you don't want any salt, try <a href=""http://www.amazon.com/gp/product/B000KRUEO0"">Slap Ya Mama Cajun Seasoning White Pepper Blend 8 oz</a>.  It's not the same pepper taste, but it's similar.",1341187200,0,0
B000HDL1KI,5,Maybe the best instant meal for your $3.50,"I'm amazed that the average reviews for these are so low. I started buying these freshmen year for quick, on-the-go, several times a week meals, and it has been two years but I still eat them occasionally. Yes, the sodium is absurdly high, and they aren't super high quality cuisine, but they take 3 minutes to make, include some sort of vegetable matter (?), are vegan/vegetarian, and are super cheap.<br /><br />Give these a try, and you won't want to make Ramen again anytime soon.",1349740800,0,0
B000HDL1KI,1,authentic astronaut kung pao lab gunk,This product is EXTREMELY salty and sweet with an after taste of preservative chemicals. The peanuts taste like what i imagine astronaut food tastes like... completely stale and awful.  I just ate 1/4 of a bowl and had to throw it out.  Everyone in my work area is complaining about the stench... one of them happens to be a Korean girl.  Run far far far away ... simple ramen noodles or even cup of noodles is 999% better than this laboratory experiment of a food.<br /><br />To the people saying this tastes authentic... HUH? Not sure what your definition of authentic is but this stuff hardly tastes like food.,1313712000,3,5
B005GWUAFC,5,Yum!,"This soup cooks up quickly and is very yummy! I really like the flavor of the seasoning packet and the way the noodles cook up, nice texture. It is very satisfying to me. I'm a single gal who doesn't really cook & am often in a hurry for my next meal, and I find that this soup really hits the spot. Although it does tend to be more of a mid-afternoon snack/light lunch item for me. It will tide you over for a while until your next big meal, but i have to agree with the other reviewer that if you try to have just one of these for dinner you can expect to be hungry in a few hours.<br /><br />Personally I LOOOVE this soup that much more because I had to give up the ramen cup o' noodle and some other brands i had been eating because I developed an allergy to shellfish and mollusks.  It seems that often these instant noodle packets/bowls either have some type of seafood in the sauce or they are manufactured on equipment that also processes shellfish. This one does not contain any type of seafood like many of the other instant noodles do. Another plus for me is that it's not spicy. I'm kind of a wimp with spicy foods, plus i have GERD/reflux, so believe me if i can eat it is NOT spicy. Just tasty :)<br /><br />One thing that bugs me a little is that i feel guilty about the packaging since the plastic bowl is not recyclable (in my town they only take 1's and 2's which of course these microwave safe bowls are never made out of.) Oh well, can't have it all....",1349136000,0,0
B0047T55QY,3,"Good noodles, but tastes like chicken","These Cup Noodles are super easy to prepare and easy to eat out of the cup. I was drawn to this variety because of the shrimp, since I don't like chicken or beef noodles.  However, they taste like chicken or beef or pork or a mixture of the above. I didn't taste shrimp at all.  A dash of soy sauce helped the flavor.<br /><br />The noodles stay firm long enough to eat them all, without getting mushy like some pasta products.  There are a few dried peas and carrots in the mixture, but it really wouldn't hurt to toss in some leftover vegetables if you have them handy.<br /><br />Overall, they are quick to prepare and very inexpensive, so you really can't go wrong with them.<br /><br />As it turned out, they reason they tasted meatier to me is because they do contain chicken and pork.  Hopefully this ingredient list will be useful to other shoppers.<br /><br />Ingredients: Enriched Flour (Wheat Flour, Niacin, Reduced Iron, Thiamine Mononitrate, Riboflavin, Folic Acid), Vegetable Oil (Contains One or More of the Following: Canola Oil, Cottonseed Oil, Palm Oil, Rice Oil), Preserved by Tocopherols and/or TBHQ and/or Ascorbyl Palmitate, Salt, Dehydrated Vegetables (Carrot, Green Pea), Freeze-Dried Shrimp, Soy Sauce Powder (Wheat, Soybeans, Maltodextrin, Salt), Monosodium Glutamate, Hydrolyzed Soy, Corn and Wheat Protein, Spices, Caramel Color, Potassium Carbonate, Sodium Carbonate, Sodium Tripolyphosphate, Pork Powder, Garlic Powder, Natural Flavors, Chicken Powder, Sodium Alginate, Disodium Succinate, Disodium Guanylate, Disodium Inosinate, Shrimp Powder, Autolyzed Yeast Extract, Cod Liver Oil.",1350172800,0,0
B0047T55QY,5,Definitely a favourite!,I added 2 cartons of this item to my order of a bunch of cup noodles in various flavours. This flavour is definitely a favourite! Great for sending to deployed troops. Highly recommended.,1344729600,1,2
B002OL2MWM,5,Great Product - everyone needs one!,"Great wine accoutrament - if you are a serious wine drinker, or just getting into it, this is a must.  All wine has bad gasses in the bottle - you either need to open and let it sit for an hour or so, yeah right... or aerate it.  This is the best way to go.  We have 4-5 carafes and that works - but you have a party - 5-8 bottles of wine - all in carafes?  Which is in which?  Space?  Buy one of these and enjoy!",1264809600,0,0
B002BCAI1G,5,The Best Instant Noodle Meals You Can Buy!,"Why?  Because the noodles come SOFT, sealed in plastic!  If you are tired of noodles that ""crunch"" or that have to be reconstituted out of the original cardboard, you are in for a treat!  Available in something like a dozen different varieties, try them all and then subscribe to your favorites in order to get the lowest price.<br /><br />Note: The seasoning comes in a sealed pouch so if you tend to prefer yours less salty or less strong in taste, don't use it all to start.  You can always add more in later.<br /><br />Note: Since the bowl is made partially from cornstarch, it will biodegrade completely so toss it in the trash when you're done without feeling guilty.  (For this reason you should NOT attempt to reuse this bowl like you may have done with other brand instant noodle meals that came in plastic bowls.)",1329091200,1,1
B001OEH48W,5,Best ramen you can buy,"These are the best instant ramen noodles you can buy.  Unfortunately they are not a low fat item, but the taste is wonderful.  I would recommend adding ALL of the packets that are included.  These have a unique flavor that is very savory.  I have been eating these for several years.  Delicious.",1248825600,6,7
B001VNO3B2,1,Terrible,There are only two good things that I can say about this crap.<br />1) it has a nice yellow color. 2) It smells kind of like the chicken packet you get with ramen noodles.<br /><br />Everything else about it is terrible.<br />Yeast Extract and corn syrup solids tastes as awful as it sounds.,1336608000,1,1
B0052T6LYI,5,I love these!,"My grown son and I can go through a case of these in a few weeks.  These are also good cooked, like in the water you boil for Ramen noodles or a couple of cans in a pot of beans or lentils;  or dump on top of a rice cooker full of rice ready to turn on for a real meal deal when it is done. These little jewels are not full of grease so you don't have a bunch of fat boiled out, also no gritty bone meal like a lot of meat products.  First class eats all the way!",1329436800,0,0
B000PDPXX6,5,Amazing!,"If you're an instant-ramen connoisseur, this is the noodle you've been searching for. Bowl Noodle is far better than any other instant noodle I've had. The broth is cloudy, rich, and immensely flavorful compared to any soup, not just other instants, but surprisingly light on the tongue and stomach... much unlike the, heavy, bland dollar-a-dozen cardboard noodle. (To emphasize the difference: Top Ramen and Ichiban actually make me throw up now, just because they're too bland and... cardboard... -esque... I can stomach Maruchan if I fill it with my entire spice cabinet.) Bowl Noodle has the same punch as Campbell Hearty when it comes to taste. Two of them fill me perfectly if I'm in desperate hunger. I'll have one for a snack instead of chips because it's a lot quicker and more satisfying. I recommend these to all my ramen-eating friends and they love them to death, but they're around 5-10x more expensive than Maruchan. Every penny is worth it, though. To those who buy: you're in for a treat. Enjoy!",1214697600,3,5
B0002F9LU8,5,Extremely Spicy - But loved it,This is not like the Ramen noodles. It's very spicy. But I loved it. The flavor is great and the serving size is generous. A great meal on a cold rainy day.,1147046400,2,2
B0002F9LU8,4,Very good,Pretty spicy as far as instant noodles go. The noodles were nice. Definitely a step up from Maruchan pork ramen with some powdered red pepper or hot sauce mixed in.,1323907200,0,0
B0002F9LU8,5,Awesome,"These taste really great. They are a much higher noodle quality than other ramen noodles that I am used to. A Korean friend of mine told me about them. She said that her parents serve them in their restaurant. The seasoning packet can get a little hot, so I usually don't use the whole thing. It also comes with a vegetable packet, so you get some mushrooms and whatnot. I like them enough that I was willing to order them online and pay for (and wait for) shipping, until I found a local place that sells this brand, if that tells you anything about the quality difference.",1307836800,0,0
B0002F9LU8,5,Not your ordinary Ramen.,"Anyone who thinks it's crazy to pay ~$.70 for a package of ramen has definitely never had this. It's worth every penny. Sure, you can buy that ""other"" ramen at 20 for a buck at the grocery store. But nothing compares to this delicious spicy ramyun soup.<br /><br />Disclaimer: I had the Korean vegetarian version with the cute little raccoon on the front. The packaging was orientated landscape instead of portrait as well.",1187308800,0,0
B000T43KG8,5,Childhood Taste of China,"Hoisin sauce holds special childhood memories for me. The first time I had it,it was mixed into Ramen noodles and I was sick. It was sweetly,spicily delicious. Lee Kum Kee is one of the best hoisin sauces on the market. It's authentic, and it's splendid in stir fries--and noodles of course! While hoisin sauce is complicated to make, this premade sauce is excellent. It's East meets West!",1260576000,3,3
B001SAX5CQ,5,Tasty!,"I agree with previous review - these don't resemble scallops in any way, but they are very good. I don't understand why they are so hard to find.<br /><br />Recipe suggestion: cook ramen noodles, throw in a handful of chopped skallops when the noodles are almost cooked (just long enough to heat them up), drain most of the water then add the spice packet.  Not very classy but good and quick.",1337990400,2,2
B000H0ZJIG,5,Little doggie attention magnets!,"I am a trainer at a local no-kill shelter.  I work with all different types and temperaments of dog, and the only common denominator is that I need their undivided attention and a reward they'll do almost anything for.  Plus, being a wide population, I needed something with a simple ingredient list (so as to avoid digestive issues).  THIS IS THE TREAT!  I am a huge fan of Zuke's already, but was dubious as to whether or not one type of treat would suit the tastes of so many different dogs.  The chicken flavor has yet to fail me.<br /><br />Low-calorie, a universally appealing flavor and the perfect training size.  Bonus for trainers: they don't smell half bad!  However, their scent is still strong enough to work as a puzzle toy filler, a Kong filling, for tracking or scent games or to just grab focus from an enticing squirrel. ;)<br /><br />Even previously feral and non-treat-motivated dogs seem quite happy that I bring these.  Highly recommend.",1328140800,0,0
B000LQNK6E,5,Must have in all dorms!,"I am a college student and instant noodles are like the life line for everyone. I normally eat the small cup noodles (shrimp flavor) but I bought a pack of these because I felt that the normal cup noodles were too little and repetitive. At first I was not a big fan of the spicy flavor, but when I ate my second cup I realized how much more filling and better it was compared to the cup noodles. I mean sure they are like 2-3 times more expensive, but they are like 1.5-2 servings. Just be warned though, they are like a day's worth of sodium in each one. I never have these as a meal replacement, but just a midnight snack when I'm up studying. The spice also helps keep my awake which is a plus. I cant wait to try out some of the other flavors they have to offer. Definitely a must to have a pack of these in the house sitting around.",1292716800,12,13
B000LQNK6E,4,Decent,"At 330 calories and 8g of saturated fat and lots of MSG and preservatives, you can't eat this often. It's a good snack, because there is not much of it. And it's spicy, so it's exciting to eat. It's what you would expect out of a spicy-flavored ramen. except it's conveniently already in a cup. I only wish it was healthier.",1266451200,17,21
B000LQNK6E,5,small cup > big bags,"I absolutely love the 2.64 oz version of Shin, my favorite junk food fix. For those that think it's the same as the big bags, it's not. There are large dried mushroom flakes in here and the dried green onions are also larger and fresher looking than the ones in the large bags. The noodles are slightly thinner and potentially less soggier. I also like the size much better. 4.2 is way too large for ramen and it's a 1.5 servings. I eat the cheaper 3oz bags sometimes because of the inconvenient 4.2 size. I sometimes don't bother making the large shin if I'm alone because I don't want to waste the rest of it especial if I put eggs and veggies in there, so I'll make it if someone else is eating it with me as I can make 2 bags for 3 people or if it's with someone that can eat 1.5 bags. Since this is junk food, I don't think it makes sense to do the economic math anyway, but it's not even that much more expensive than the large bags. Even if the large ones are 4.2oz and cost just $0.20 more per bag, if I have to waste the rest of it I'm not saving money but rather wasting it. Plus it's not like rice where you can save it and reheat it, so I always flush it down the toilet if I can't finish it, so I'm not just wasting the noodles but also the eggs and veggies and sausages. I wish they have more small-sized tasty ramen options. This is why Americans are fat.",1334880000,2,2
B000LQNK6E,5,"Spicy, delicious, convenient.","It has a very solid kick. Beyond that, it's just a tasty ramen. I currently have 22 cups left sitting on my floor, and I have no doubt that I'll get through all of them pretty quickly. Easy to make like every other ramen cup, but it is spicier than most. Very good.",1287100800,1,1
B000LQNK6E,5,Essential for college,"As instant noodles, it is essential for the college life. From a cup noodle stand point, the taste is relatively spicy but can be controlled with the flavor packet. It is still not really healthy to live off of these but worth a shot if you are too lazy or busy to cook.",1317600000,2,3
B000LQNK6E,5,Best cup noodle that exists,"I have been a fan of Nong shim instant noodles but they've really outdone themselves with this one. This cup noodle tastes better than the shin big bowl (the flavor is different), and tastes different from the bagged shin ramyun. But, it just tastes delicious. The mushroom flavor is noticeable and adds depth to the already complex flavor of the spices. WOW!<br /><br />I gave a couple to starving coworkers and they have been scouring the town for this ever since (the supermarkets here only have the nongshim bowl noodles) which they already like. I told them to get it from amazon but they are internet-shy. Their loss!<br /><br />This is by far the most delicious cup noodle ever. Ever!",1285891200,2,3
B000LQNK6E,4,Great ramen noodle,"This is really spicy but totally worth it. The dried mushroom flakes makes it healthier (?) than other ramen on the market. What I like most about it is it only contains 330 calories per cup, which is acceptable for someone who's watching her weight. And I believe the spice in it can help lose weight (well according to my mom).<br /><br />It has the right amount for my occasional spicy ramen cravings late at night, esp. when I'm studying for a test. The spicy soup can keep me awake even w/t coffee. Recommend to every college student!",1350691200,0,0
B000LQNK6E,5,Best Ramen Ever!!!,"If you're looking for outstanding taste, consistency in a convenient package this is the one to order. This ramen is one of the best tasting ramen noddles. Let me just add that is pretty spicy which I like...If you're not into spicy food you won't like it.",1344816000,0,0
B000LQNK6E,5,Delicious for instant ramen,"No instant ramen is ever going to live up to the real, fresh-cooked thing.  This is pretty dang close, though, and very spicy to boot.  I particularly enjoy it on cold days (or when I'm suffering from a cold).",1330732800,0,0
B000LQNK6E,3,NOT MICROWAVE SAFE,"I love the Shin Ramyun flavor of ramen, and bought these because, unlike the bowls, the description for these said ""Boil or microwavable,"" and I assumed that meant you can either pour in boiling water, or pour water in and then microwave it.  This is NOT the case.<br /><br />I recommend getting the 4.2 ounce packages, as that is the more cost effective way to do it.  As always, keep an eye open for coupon codes or subscribe and save discounts.  Maybe check the googles.",1313712000,2,7
B000LQNK6E,5,Best Korean Ramen Ever Made!!,"Because I cannot trust Japan-made noodles (or ramens) due to recent nuclear radiation spread in Japan, I highly recommend everyone to stick with the best-selling Korea-made noodle among Koreans in Korea and the world.",1303776000,1,6
B00017P2IM,5,Strong Celery Flavor,"Most celery salt is salt with some celery in it. However, this product is much better -- it is celery with some salt in it. The celery flavor is very strong, has a nice peppery flavor, and smells good, too. The amount of salt is possibly not quite enough, but that's easily remedied by just adding regular salt to your food. I tried this in a ramen noodle soup (which is already quite salty) and it really tasted quite good. If you like celery salt I do recommend this product over the store brands. It has a much nicer flavor and a little goes a long way.<br /><br />Also, my order didn't come in a plastic bag like the photo shows; it came in a little plastic spice jar with a shaker top. I have ordered other bulk items from Barry Farms and they have just been in plastic bags, so this was a nice surprise.",1272499200,0,0
B003OB4D46,4,Lunch for less than 50 cents. Yummy!,"I love these noodles. Sure, they have no nutritional value what-so-ever but they are conveniently packaged and well preserved enough to easily stockpile hot noodle goodness for years to come. Armageddon, Zombie Apocalypse...it really doesn't matter. I will be prepared for anything with my well seasoned, deep fried ramen.",1299110400,3,3
B000VQDABY,5,Indomie Mi Goreng Fried Noodles,Really love these Asian flavor noodles - especially the BBQ and Mi Goreng - nice break from the usual Ramen flavors...Good prices and product shipped on time.,1223942400,0,0
B005GTSL5G,2,Ugh.,"I'm not vegan or vegetarian, but I don't have an issue eating vegan friendly foods. I picked up the Dr. McDougall's Miso Ramen because it's somewhat low in sodium. I don't know if it's the lack of sodium, or just the product in general, but this really isn't very tasty. Eatable, yes, but I'm not going to order/eat more.",1325721600,1,2
B001GMCNQA,5,Good way to get your veggies at the office,"I'm doing nutrisystem and can't store veggies at work well so experimented with several of the freeze dried and dehydrated varieties. They go well with NS lunches, as I'm sure they'd go with ramen or any other convenience-foods, which you can also find here on Amazon without preservatives. Also, sprinkle in salads.",1339977600,1,1
B005P0ITXK,2,Save your money,"This costs five to seven times more than Ramen noodles, but isn't as good.  The deceptive package shows sprouts, onions and red peppers, but you will have to add them yourself.  Briefly, as much as I love Thai food, and have a kitchen stocked with Thai Kitchen products, I just didn't like the taste of this.",1349222400,0,0
B0005ZY9XO,5,My Favorite Szechuan sauce!,"I use this every day. I eat plain white jasmine rice with this sauce, and it's delicious. Or I eat coconut rice with it and it's delicious. I eat ramen noodles with this instead of the powdered flavoring and it's delicious. I make my orange tofu with my orange juice/Szechuan sauce marinade, and it's delicious. This is by far my favorite condiment!<br /><br />It's spicy hot, the way I like it, but it's not take-the-back-of-your-head-off hot, not overwhelmingly hot for me. It's good to eat spicy things because it helps keep your blood thin. But, if you can't stand heat of any kind, this sauce is not for you.<br /><br />The only thing I would improve is for it to be made without high fructose corn syrup. That having been said, of the other brands of Szechuan-style sauce out there, House of Tsang has less and tastes the best!",1162857600,4,4
B000N8QJUE,4,Semi-Healthy Eats!,"All Annie Chung bowls are delicious, without a doubt. I believe everything to be in the perfect state of consistency, the sauce is neither too thick nor too thin, the noodles the perfect thickness. The flavor is actually not the typical Pad Thai flavor as you would get at a chain restaurant such as Pei Wei. It is again the perfect amount of flavor, just as the rest of the elements are well proportioned.<br />However, as ALL ready-made dishes are, this is full of sodium. I believe this dish to be on the healthier end of the ready-made noodle spectrum. You will get a heartier meal out of an Annie Chung bowl than out of any ramen package. It is far healthier than instant Yaki-soba which follows a bit of the same preparation tactic (freeze-dried veggies, etc.).<br />Basically, this is a very nice occasional treat. Tastes are discriminating, but I do really enjoy this bowl.",1245801600,7,8
B000N8QJUE,5,My Thoughts,"Even after reading the reviews I went ahead and made an order.<br /><br />The Good-- for something that is a packaged and pre-cooked off the shelf product, I would say it's pretty good. If you're used to eating Ramen Cup-o-Noodles, hands down Annie Chun wins.<br /><br />The Con-- Sure this doesn't taste just like the Pad Thai from a restaurant. I would say you have to be an idiot to expect any product/brand like this to offer a 1:1 experience. This product contains no meat or tofu.<br /><br />An extra note : I started out by buying these from Food Pyramid. When I got my first order from Amazon I noticed the bowl was engineered differently. Once I opened it, I noticed the sauce looked different also. The taste was different. It had more of a peanut flavor and I would say it was more of a mild plus, rather than a mild on the heat index. The rest of the ingredients were the same. I wanted to know why it was different. The packaging looked the same. At first I thought... Oh Amazon is just selling secondary product. I thought maybe the factor screwed up and sold it to Amazon on the cheap. Then I looked closer and saw something interesting. [...] - The package from Food Pyramid was labeled as Annie Chun, Inc. The one from Amazon was labeled JP Foods, Inc. Both had relatively close expiration dates, so I'm not sure what going with that. Did Annie Chun sell out to JP Foods? I don't know, but for a product that had the exact same package design, it was not the same item.",1333324800,0,0
B000N8QJUE,5,The Best Instant Noodle Meals You Can Buy!,"Why?  Because the noodles come SOFT, sealed in plastic!  If you are tired of noodles that ""crunch"" or that have to be reconstituted out of the original cardboard, you are in for a treat!  Available in something like a dozen different varieties, try them all and then subscribe to your favorites in order to get the lowest price.<br /><br />Note: The seasoning comes in a sealed pouch so if you tend to prefer yours less salty or less strong in taste, don't use it all to start.  You can always add more in later.<br /><br />Note: Since the bowl is made partially from cornstarch, it will biodegrade completely so toss it in the trash when you're done without feeling guilty.  (For this reason you should NOT attempt to reuse this bowl like you may have done with other brand instant noodle meals that came in plastic bowls.)",1329091200,0,0
B000N8QJUE,5,instant noodle at its best,"This is an instant noodle dish which you can whip up in 90 sec.  Compare to other instant foods, Annie Chun's foods are the best.  You think it has too much salt?  Add only half the sauce.  How much salt do you think there is in your cheese burger?  Not enough Thai flavor? Come on.  This is an instant food.  If you want real Thai flavor, either you have to make it yourself fresh or go to a Thai restaurant.  One poster said that she saute vegetables and shrimps with the sauce before she adds the noodle.  I'm going to totally copy her idea.  Yum!",1271376000,0,1
B000CQ01GU,5,Puts The Blue Box To Shame,"Here's the thing kids: if you are looking for gourmet dishes out of a box you're not going to find them.  Is it as good as homemade mac & cheese?  No.  It's not trying to be.  Is it light years ahead of regular ""blue box"" mac & cheese?  Heck to the yeah.  When you properly compare this to other foods in it's realm like Top Ramen, other boxed macaroni and cheese, spaghetti-os, or beanie weenie--Annie's is the gold standard.  I'm willing to drive 100 miles to the nearest store that carries it to buy it.  I was stoked to see it available in bulk, with free shipping on Amazon and don't feel the price is a problem.  It's the BMW of boxed Mac & Cheese, you're going to pay a few cents more.  Obviously though, if you don't like Mac & Cheese from a box (my husband calls it Yellow Death) then you most likely won't like this either.",1307923200,0,1
B003NGCDFI,5,WOW!!!,"I recieved my bottle of Dave's ghost pepper sauce today. I opened it and like all other sauces I made a bowl of beef ramen and added a teaspoon of this sauce to it. That was my first mistake. This sauce is hotter then the other two ghost pepper sauces I've had. And I do mean this sauce bit hard. The second mistake was not realizing that this sauce is thick, not watered down, so it sticks around a second. So not only was my mouth on fire but it was on fire for much too long. This sauce has great flavor and it's consistancy makes it's burn stick with you for a bit. This is definately the hottest sauce I've eaten so far. A must have for the guy or gal that must have HOT hot sauce.",1328832000,1,1
B0025UOMVG,4,Pretty good and it's quick!,"Today is the first time I have tried any Maruchan Yakisoba.  My order for the Four Cheese came first and I had 1 for lunch.<br /><br />It was very easy to make.  1 cup water - 4 minutes in the microwave - pour on dry flavor packet and stir.  It was close to an Alfredo...filling (I ate one container myself) and was good.  Noodles weren't mushy, no bad off taste - as one reviewer said: add broccoli and chicken and you have a whole meal.  The noodles are like a thin linguine, not round ramen-like.  I like this about it.<br /><br />Can't wait to try the other flavors I ordered along with this one.  This would make a good pantry stock item for those times you don't know what to make.",1311552000,1,1
B0025UOMVG,5,This is how you do Ramen,So my wife gets the biggest laugh when I order food from Amazon. However then she trys it and understands why I don't want the .25 cup o noodles. I like fast easy stuff like this for grab and goes at work. It also nice to keep a couple in my drawer at work for that random long day when I can't get out for food or have eaten the little food I brought with me. I do the subscribe and save and that makes these just a bit over a dollar. But hey .90 gets me a cup o noodles out of the vending machine and this is twice as much food. Think of this one as Ramen Alfredo. Interesting blend of cuisines with Italian and Oriental. However its a winner. As others have said there is even room to throw a can of tuna or something in it after it is done cooking. So go ahead and splurge on a good ramen noodle meal. Pick up some of these.,1332288000,0,0
B0025UOMVG,5,A+ Instant Noodles,"This is easily one of my favorite ramen/instant noodle products. It's easy to make, no messing around with boiling water on the stove. I actually like the flavor of these noodles, but I add a little black pepper to give it a kick. You can also add a protein of your choice (chicken or turkey work well). I prefer the four cheese flavor over the cheddar flavor, but both are good.",1327536000,0,0
B000M9N1KK,5,"Quick, Easy, and Tasty!","I have been trying to eat less ramen.<br />This product is just as fast and easy, and it may even be tastier.<br /><br />You can't expect restaurant-quality food, but you can expect a great taste relative to the amount of time it takes to make.<br /><br />I usually use flavorful brown rice, some sriracha, lots of black pepper, and a little bit of salt.<br /><br />One pack usually provides 2 servings for me (with lots of brown rice).<br /><br />PS: If you are microwaving this, either cover the chickpeas with the rice (my preferred method), or make sure to use a microwave cover!",1336262400,0,0
B001RN2W6O,5,Hits the spot!,"These are spicy korean style instant noodles.  I usually buy Nong Shim, but decided to give these a try and they are as delicious.  The flavour is much cleaner, not as complex.  The ingredients are all natural except for the MSG, which is better than a lot of ready to eat foods out there. Although its far from healthy, in moderation its a nice quick treat.  To avoid the excess sodium and msg, i don't drink the soup. Whatever soup that clings to the noodles is satisfying enough for me.<br /><br />Ingredient List: Noodle -- wheat flour potato starch, palm oil, salt, onion paste, corn flour.  Soup -- Salt, MSG, Red Pepper, Soy sauce, garlic powder, bean paste powder, soy bean powder, onion powder, black pepper, cabbage, salted shrimp, onion, radish.",1251331200,4,4
B001RN2W6O,5,"Quick, easy, tasty, can't beat it","Of course, they're not really kimchi.  But who cares?  If you like your reconstituted ramen on the spicy side, this hits the spot.  Bowl contains your usual dry noodles, spice packet and dehydrated vegetables.  Heat up your water, pour it in, add the spice and vegetables and you're good.  A simple epicurean delight.",1237420800,0,0
B000GZSI7G,4,Good soup,"Good, quick soup.  Nice alternative to Ramen noodles.  Not much curry flavor, but still tasty.  And it's made with Rice noodles, for those of us who can't eat wheat.",1264291200,1,1
B000GZSI7G,5,My favorite flavor of this brand is Bangkok Curry!,"Absolutely delicious, light, gluten-free, low calorie, inexpensive lunch! I am on a perpetual diet, and nothing has made me happier than this soup. I like ramen soup, but the problem with regular Maruchan ramen is that it has msg and wheat (gluten) and also twice the sodium per packet and its preserved with TBHQ. All of which is bad for me. Also ramen is fried, these rice noodles are steam cooked, not fried. And I like the fact that they put two flavor packets, one is the soup mix and the other is the spicy oil, so if your kids don't like hot spicy, they don't have to add the spicy oil packet. Great, right?<br /><br />The price works out best if you get the box of 72 from Amazon. This package of 12 actually works out to be a little more expensive than the supermarket, but still worth it if your supermarket doesn't carry it.",1346889600,0,0
B000LQLV56,5,"Not Bad, Not Bad at All","It's actually pretty good particularly if you are comparing it to the cheap ramen found in most groceries. After reading reviews on all the Nong Shim varieties I was careful to add only half the flavor packet as I expected a full packet to produce something akin to liquid Habaneros. After the first taste I tossed the rest of the packet in and enjoyed a fairly tasty bowl of soup. Make no mistake, even if you're used to hot Asian or Southern foods your sinuses are likely to be fully cleared by the time you finish the last drop but it's nowhere near as bad as it's been made out to be. There are several sauces and peppers used in Asian cooking that can drop a careless user in their tracks. This is not even close to that level of spicy. It DOES have plenty of salt. A little much even for my taste and I'm a confirmed saltaholic.<br />Overall a very tasty and quick meal that should be even more enjoyable during the cold months. I am going to try adding ingredients to make it a little heartier. A few small frozen already cooked shrimp and a couple of spoonfuls of corn and peas ought to really flesh this soup out. One suggestion I would make is to follow the instructions for preparation exactly, at least the first couple of times you make it. Once you have a feel for how it's supposed to taste you can alter to suit your own preferences but at least you'll know whether or not you've made an improvement.",1252540800,15,16
B000LQLV56,3,A bit too fishy smelling for me.,I love shrimp ramen and cup of noodles however these are a bit to fishy smelling  for my taste. i may have just gotten a bad batch but i found it hard to eat because of the smell. I ended up just cooking the noodles and adding peas and 1/4th a can of cream of chicken soup and a little milk to make it in to a creamy ramen soup.,1304899200,0,0
B000LQLV56,2,"Nothing special, not even a good value...","These noodles aren't special... go to your local korean grocery store to see some good bowls of noodles.  These are basically just cheap ramen (with the ubiquitous single flavor packet) in a cheap styrofoam bowl, marked up 600% over what you'd normally pay for ramen without the bowl.  Save yourself the disappointment, buy the cheap ramen in your local grocery store, and provide your own bowl.  If you want good ramen, however, do what I said and go to a korean store, but expect to pay at least $2/bowl for it.  That is what I thought these were going to be, and that is why I bought them.  Unfortunately, they are not, and I am disappointed in this purchase.",1290556800,0,0
B000FFPXC0,5,I absolutely LOVE it!,"Instant oatmeal is the ideal healthy fast fuel.  I choose original flavor so that I can add whatever I want with it (3-in-1 coffee mix, instant noodle soup base packet, honey packet, powder milk, hot chocolate packet, any savory spices/paste/solids, last night's left over food, etc.).  When eating it without additive, it tastes just as good!  It doesn't have the artificial taste that Trader Joe's and Quaker Oats' instant oatmeal packet has.  After cooking it in hot water, it thickens and becomes creamy.  If you only add boiling water and cover the bowl to let it sit, it softens but will not become creamy.<br /><br />My only gripe is that each packet doesn't have too much oatmeal in comparison to Quaker Oats and Trader Joe's.  There were times I had to use 2 packets to get enough calories to get through the first 2 hours of activity (240 cal + whatever else you put in it).",1309219200,2,2
B000LQJT1O,3,Not as good as it used to be,"Nong Shim noodles were always my favorite noodles. Spicy, tasty, and relatively economical.<br /><br />However, Nong Shim has changed the packaging AND the taste of the noodles (probably for the American market).<br /><br />What you see in the Amazon photo were the OLD Nong Shim noodles. They were very spicy, had large veggie chunks, and were hearty and filling. The noodles came in a foam bowl with the blue, green, and red packaging.<br /><br />The NEW noodles (and likely what you will get if you order) are in a white plastic bowl (not foam). The packaging is dominated by white and the noodles are called ""Hot and Spicy BEEF FLAVOR"" rather than simply ""Hot and Spicy.""<br /><br />The taste is FAR less spicy than what it used to be. The veggie chunks are smaller, and the weird little (tofu?) red and white veggies are gone. Another reviewer said that the noodles are orange instead of the original red, and this is correct. The noodles are less flavorful and tend to get mushy after awhile. Even adding an egg or other spices doesn't really pump it up enough.<br /><br />So, while these are still good, they are not above and beyond the regular $.10 Ramen noodles like they used to be. All the raves about this product were likely about the original product imported from Korea. The new ""Made in USA"" version is not quite as satisfying.",1325635200,4,4
B000LQJT1O,5,Try Frying them!,"Cook the noodles normally, but don't add the spices.  When the noodles are done, remove and strain out the water.  Heat a pan and add butter/margerine.  Add the noodles on moderate heat and allow the butter to coat.  Do not burn or overheat.  Open the flavor packet and add to the frying noodles, but not all of it the powder should absorb into the butter and moisture, and glaze the noodles.  Add your own beef, chicken or pork, green onions, and other vegetables to taste and allow the spice packet to coat the meat as well as the stir-fry noodle.  Cook until the meat is finished and remove.  Serve hot.  This works with Ramen also, but the spicy hot noodles seem to add that extra kick.  Yes, it has MORE fat, carbs, but the meat and vegetables also add some real nutrition and you can easily divide it up.",1321833600,3,3
B000LQJT1O,5,Spicy,Son loves these. The auto ship and discount with Amazon prime makes it easy to keep him in the Gourmet Ramen. I was cleaning out the shelf each time I went shopping. Now he gets two cases a month. I have not tasted this but if you are a fan of hot wings and red peppers you are sure to like this.,1278720000,3,3
B000LQJT1O,5,Same price as in many grocery stores,"I went to a couple grocery stores for price comparison.  A lot of stores carry this brand now that Asian noodles are getting popular. This brand is very good. I would like to just point out that this particular flavor has won the Chef Award for good taste. The award is shown on the lid. It is a well deserved.  Basically, the chef award is given to the best in class for any particular year. An independent panel reviews the taste of several products. The one with the best taste gets the emblem in the front. I've found the Chef Award seal to be pretty reliable so far.<br /><br />These noodles were very flavorful. Also, if spiciness is a concern to you, because Korean ramen tends to be hotter than a lot of American brands, you can easily cut down the spice by diluting the noodles in more water than recommended or by cutting down the amount of the spice packet you add. The flavor is still pretty good even if you dilute the mix by 1/3. It's just not as hot.<br /><br />I definitely plan on ordering some more in the future.",1297468800,2,2
B000LQJT1O,5,Delicious!,"I used to eat these all the time when I was an undergrad. I'm so glad Amazon is selling them so I don't have to go looking for them in Asian supermarkets anymore (living w/ no car means trying to carry as little groceries as possible). It's a little pricier on Amazon even with the subscription price, which equals to about 90 cents per bowl, where as when I used to buy them at the Asian supermarket, I could easily find them on sale for about 70 cents per bowl. But anyway, you're paying for the convenience of staying at home.<br /><br />I love this flavor, despite the sodium and msg, which is typical of almost all instant noodles. It's medium spicy in my opinion, not as hot as the Nong Shim Gourmet Spicy Picante bowl noodle but tastes saltier and stronger than the Nong Shim Kimchi bowl (which is a little bit more sour compared to this). There are little dried fish cakes and onions floating around and it makes a great light meal :)",1279497600,2,2
B000LQJT1O,4,Decent spice,"Nong Shim Noodle Bowls are probably the tastiest out of all the cheap ramen noodle options out there.<br /><br />Spice- Hot & spicy flavor does have a decent kick to it. However, being a spicy-flavor nut, I add a little Sriracha to it as well.<br /><br />Noodles- The noodles themselves taste good even without the broth, and are better than Nissin and some of the other brands out there. Not too spongy.<br /><br />Dressing- As mentioned in one or two of the other reviews, I like doctoring up my ramen with an egg or add some leafy vegetables for some crunch. Mixing the egg into the broth thickens it, if that is what you are into.<br /><br />Bowl- Packaging is great because you can microwave the bowl. However, if you are Earth-conscious and do not like non-biodegradable packaging, this is not the best option for you. I usually add water and microwave the bowl rather than adding boiled water to the bowl.<br /><br />Nutrition- The salt content is terribly high, as might be expected. If you have congestive heart failure, high blood pressure, or other cardiovascular issues (or are scared you might develop either), you should stray clear from this product.<br /><br />Value- I have bought these on sale on Amazon in the past. Of course, subscribe-and-save is the way to go if you want to maximize value!",1304294400,0,0
B000LQJT1O,4,Overpriced but good,"Nong Shim Korean Cup Ramen is good. But it's overpriced here on Amazon. I guess it's for those folks who don't have an Asian market or Costco nearby.  These should not be microwaved, regardless of the direction it states on the package.  You should pour hot water onto the bowl, or better yet, remove the content and put it in a regular bowl (non styrofoam or plastic).  But of course if you're in a hurry, just pour the hot water and don't microwave!!  To make it taste even better, add some rice. The noodles are thinner than the Shin Ramen ones. I enjoy taking a bite of the noodles and slurping the broth together. Quite yummy that way.",1294876800,0,0
B000LQJT1O,2,Worth about 17 cents a bowl...,"Flavor is ""good"" it's just spicy/hot salt pack added to the ""cheap"" ramen (like top ramen).  The ramen quality is the same you get a walmart for like 12 cents a pack.  It's loaded with all kinds of chemicals - partialialy hydroneted, this and that.  It's really not worth the price unless you can get it for 17 cents or less per bowl.  I am not a big fan on eating out of a styrophome(sp) bowl either.  Thus the product tastes ""good"", but it's WAY over priced.",1308268800,1,9
B000LQJT1Y,4,"Good, BUT...","I first started eating this brand ramen when I was stationed in Korea in 1989...BEST I've ever had. HOWEVER, the bowl this comes in IS NOT MICROWAVABLE! You must boil the water FIRST and then put it in the bowl (heat 1-3/4 cups water for 4 minutes, and then wait another 4 minutes as it cooks the noodles). I specifically bought it in this form so that the wifey could take it to work and nuke it for a fast lunch, but alas twas not to be. This still doesn't take away from the tastiness of the product itself, but it does take away a star for WTH?!?! design.",1312761600,0,0
B000LQJT1Y,5,Best Noodles Ever!,"I absolutely love Ramen from Nong Shim. I really can't describe it,but any other noodles just doesn't cut it.<br /><br />Nong Shim noodle taste awesome, it's cheap and it's filling. What more could you want?",1307491200,0,0
B000LQJT1Y,4,"Spicy Shin ramen, my only weakness","What can I say? Instant ramen is a vice that's stuck with me since my college days. I love ramen and I can eat anything from the instant stuff to my favorite premium ramen in NYC at Ippudo. The spicy Shin Ramen is about as low as I'll go on the ramen ladder but for what it is, it's great. It's big, spicy, flavorful, and most importantly, it's cheap. Sure, there's higher quality instant ramen out there but none under $1 per bowl.<br /><br />Pros:<br />Cheap<br />Flavorful<br />Delish<br /><br />Cons:<br />Bottom of the ramen ladder<br /><br />Bottom line: A cheap and delicious vice. Best when stressed, drunk, or in need of comfort.",1295395200,0,0
B000LQJT1Y,4,better than those cup noodles...,"well I bought these for my dorm after getting tired of eating those plain 25cent cup noodles. I was surprised by the ""tastiness"" of these noodles. However, it is because of the extremely high sodium content of these noodles. Be warned, one bowl contains a whole day's worth of sodium. Overall, they arnt bad for a midnight snack, but please dont eat this as a meal. I cant wait to try out some of the other flavors.",1292976000,0,0
B000LQJT1Y,3,"Not bad, but gets old pretty fast","I picked these up while they were on sale at Amazon.  They're definitely better than normal Ramen and it is nice to have the spice.  Problem is the sheer quantity - before I had Amazon Prime I had gotten 3 of these packages to get the free shipping (36 bowls total) - after about 6 bowls (not in one sitting!) I just didn't want any more / could go the rest of my life without having it again and gave two packages away to friends.  I can recommend this product for it's taste - but I recommend thinking about the quantity - even 12 bowls is a lot - I happen to think variety is the spice of life, and so it was too much for me.",1280620800,0,0
B0017T2OSO,4,More floral than fruity,"I drink a lot of unsweetened iced tea and I love cold brew tea bags. I decided to give this product a try because I wanted to try something different. I've never seen this product in any grocery store where I live (Sacramento, CA) and decided to just buy the 6 pack.<br /><br />Taste: It's very floral. If you bother to read the ingredient list, the first thing listed is hibiscus flowers. I don't really care for the floral tastes in my tea, but it's not as overwhelming as other teas I've tried. I like my tea a little more on the over steeped side (for a cold brew tea bag) so I use two bags for a 12 oz cup. It has a fairly good fruity side, but not as fruity as I was expecting it to be.<br /><br />Also, it's caffeine free. I like my caffeine, but I knew that when I was buying this product.",1345075200,0,0
B000PDN3E2,5,Awesome,Nice thick and chewy udon with a wonderful spicy seafood broth with lots veggies.  Can't be compared to the ramen noodles you buy in the grocery store.  Eat plain or throw in a poached or fried egg or two on top if you are starving.  Tastes wonderful.,1202515200,7,7
B000PDN3E2,5,"My favorite spicy Korean ""instant"" noodles","I say that they're ""instant"" noodles because, to the uninitiated, it might come as a shock that you actually have to boil the noodles rather than simply soak them in boiling hot water.  The preparation time is still very quick, and it's definitely worth it.<br /><br />These noodles are far thicker and chewier than your standard supermarket Top Ramen noodles.  They also come with a spice package and a dry ingredients packet that contains bits of seaweed, mushrooms, and carrots.<br /><br />I usually only put in about 3/4 of the spice package and add extra ingredients like nappa cabbage, shrimp, scallops, green onions, mung bean sprouts, and/or an egg.  Kimchi also goes really well with these noodles.<br /><br />The bulk price that Amazon offers is an excellent deal, especially for people who don't have access to Asian supermarkets.  It's the perfect food to have for when you want a quick and flavorful meal.",1220832000,4,4
B000PDN3E2,5,delicious but not for everyone,"In my book, these noodles are even more delicious than the flagship shin ramyun ""spicy picante"". The noodles are coarser than even the shin variety, perhaps the coarsest noodles you'd find in a pack of instant ramen, and are billed as ""udon type"".  They certainly are chewier, and have a slight potato starch flavor, which is delicious.<br /><br />However, the ride-along packets may not be for everyone.  From what I understand, the company came up with these noodles after extensive taste-testing to make up for their relatively late start in the instant ramen industry.  However, bear in mind that these taste tests were done in Korea.  So if you don't like korean cuisine, you will not like these.  The soup base is fiery hot with a touch of squid flavor (tip: don't add the whole packet).  The vegetable packet is filled with seaweed (mainly kombu kelp), and tastes very fishy.<br /><br />Delicious I find these, but not everyone will.",1216425600,4,4
B000PDN3E2,5,I've had just about every Korean ramen and this is by far the BEST!,"I've had this ramen for over a decade and it's my favorite by far. Love the hot seafood flavoring and the udon style noodles. The seafood (squid, seaweed, etc) portions are generous. I usually cook two bags as one isn't enough. Add couple of eggs and it makes a great meal.",1217980800,2,2
B000PDN3E2,5,I love these noodles!!,"Yummy! these noodles are so good!!! Its also really spicy so I only use half of the flavor packet- still taste just as good. It deosn't compare at all to those ramen noodles. In fact, I will never eat ramen noodles again after finding out about this product. These noodles are way better-thick and chewy. I like the little bits of seaweed in the soup. One bag of noodles is so satisfying. These are the best instant noodles ive every had!! I highly recommend this product!",1213056000,2,2
B000PDN3E2,5,Very good hot & spicy ramen,"I like hot & spicy cuisines. This is one of my favorite ramen. It is very hot & spicy. It provide seafood taste, too. In addition it it very convenient to cook. Boiling is all skill to cook this ramen. It takes more time to cook than any other ramen such as Shin ramen, because its noodle is thicker.",1209168000,2,2
B000PDN3E2,4,Good stuff,"Out of Korea, China and Japan.  I think Korea makes the best instant ramens.  This one is a long favorite of Koran folks. Noodle is thicker and chewier then  typical ramen.  By the way, Neoguri means raccoon in Korean.",1210723200,3,4
B000PDN3E2,4,very happy to eat this but too late to get this,as you know this noodle is one of korean traditional ramens.<br />very spicy but very yammy.<br />you can get this by using usps not ups.<br />so you can get this over 1weeks.,1205107200,2,3
B000PDN3E2,5,my favorite,"This is my favorite asian instant noodle.  It cooks up pretty fast (I put condiments into water, heat to a boil, add noodles for no more than 2 minutes, done!).  I will often add 4 or 5 Viet beef balls as well.  The list price given is questionable.  Your local asian foodstore might have these for 20 pack box for $16.  Definitely recommended.",1261872000,0,0
B001RNHITU,5,"LOVE this packet of scrumptious spicy noodles!! oh, it's also vegetarian if it matters to you.","yes, it's full of salt, msg and other lovely stuff, but it can't be any worse than what you eat at many typical restaurants. i can handle a LOT of spice. seriously. in fact, sometimes i add a squirt of sriracha sauce on each bite when feeling indulgent. but this noodle would be spicy for some - if you can't handle the heat, get the sapporo ichiban's ramen. (or add less soup base, but more on that later.)<br /><br />if you don't count the high-priced specialty brand that i can't remember the name of (eh, it wasn't that good), this product also seems to have the distinction of being the only vegetarian instant ramen, thanks to the more accurate labeling of international food products. in case you're a vegetarian searching for the ingredients, here it is as printed on the package, complete with spelling errors:<br /><br />noodles: wheat flour, modified starch, palm oil, salt, gluten.<br />soup base: salt, monosodium l-glutmate, sugar, capsicum, ginger powder, red pepper, bean protein.<br />dried vegetables: green onion, mushroom, carrot, red pepper cabbage.<br /><br />since one package contains almost 100% recommended intake of sodium for a petite person, this is what i do. besides adding my own fresh veggies, i pour the water out directly from the pot after cooking (thus leaving some in there), then i only add the half of the soup base. i have no desire to drink the liquid part, and i think some of the palm oil also gets release from the noodles. i skip the dried vegetable packet since they just look gross.<br /><br />you could probably find this at a better price at your local korean grocery market if you have one nearby, but you can't beat the convenience of amazon. for about $1 each subscribe-and-save, it's worth it for me.",1265155200,17,17
B001RNHITU,5,love these hot spicy noodles,if you love hot and spicy and a bit of a noodle fan then this is a highly recommended brand to try.  The noodles and flavoring sachet are a lot higher quality than the 'ramen' you find in the local non-asian grocery stores.  Compared to prices in asian stores - this is a bargain and no lugging it all the way home.  Fabulous value.,1247011200,6,6
B001RNHITU,5,My nieghbors from Guam turned me onto these,"These are super fabulous. I actually crave them! These are not your average ""broke food"" ramen. The flavor and spice are terrific. They are not too spicy so that you can actually enjoy the flavor too. The dried veggies are great too. If you want to be authentic crack an egg into it while it is still cooking. My husband who did two tours in Korea adds cheese to his- I find that kinda gross but if that's what the Koreans do then why not. I have never been to Korea , but eating these ramen make me feel like I can at least have a taste of it !",1306281600,0,0
B001RNHITU,5,Awesome Ramen,"I have a really hard time finding these noodles locally here in Denver. The H-Mart here doesn't have them regularly.<br /><br />I am vegetarian, so it can be very difficult to find spicy ramen that doesn't have beef stock in it. In fact, this is the only spicy ramen I have found that doesn't. These are the best ramen noodles I have ever had. Slightly spicy and delicious.<br /><br />By the way, I eat a lot of spicy foods, so it is hard for me to gauge very well, but I would guess if you're not like me and don't eat much spicy stuff, these noodles could be too hot for you.",1304294400,0,0
B001RNHITU,3,Not as good as Nong Shim,"I am a Ramen aficionado and I hadn't tried these. I decided to order them from Amazon. The noodles are great, but the broth is very sharp and it has a ""powder-like"" taste to it. It is not a savory, smooth, and tasty broth. Imagine if you cook noodles with cayenne pepper. Thats kind of how it tastes to me.<br /><br />Get Nong-Shim, you won't be disappointed. However, these are better than what you get at your local grocery store (Maruchan/Top ramen).",1285113600,0,0
B004EI1HT2,5,nearly the most amazing noodle bowl i've had...,"as i've written in a previous review, this is not your standard ramen noodle. it's a rice noodle, so it's clearish/translucent. it takes a bit more heat to cook to being nice and ramen bowl-soft (so be sure to nuke it if you're using a work place coffeemaker for hot water). but it's very nicely firm, and has a rather nice, large window during which it stays so.<br /><br />this, though, is probably the best ramen bowl i've ever had (which was kind of shocking to me since the packaging isn't covered in a foreign language). the only way it could get any better is if it were using udon noodles (usually $3.50/bowl at asian markets). it's a soy saucey/seasamey brothy soup. nice and light like the other Snapdragon bowls; not overpoweringly strong (and salty) like most other asian ramen bowls. i can actually drink all of the soup, unlike most other bowls where i dump the remaining liquid at the end.",1326758400,0,0
B004HVEEW8,5,My Favorite Instant Ramen,"I'm a big fan of Japanese culture, especially the food. I found this flavor of instant ramen quite some time ago, but it's still one of my favorites. Back when I discovered it, I only bought one bowl to try and I was instantly hooked! But when I went back to the store to buy it again, they were out of stock, and when I tried looking for it online, it was no where to be found. I'm so excited that it's available online now! It has a great garlic and onion flavor with a delicious sesame aftertaste. It's not spicy at all, which is a great alternative to all those super hot ramen soups. Some people might be put off by some of the ingredients, (look up tonkotsu soup) but it has such an amazing flavor, that it doesn't matter. If you're into trying new things, like Japanese food and love great flavor, definitely try this one.",1326412800,1,1
B004HVEEW8,5,Outstanding for instant ramen,"I'll preface this review with the clarification that my five star rating is based on my opinions given the nature of the product- as a pre-packaged ramen. It's certainly no substitute for a ""real"" bowl of tonkotsu ramen. I'm a hardcore Sapporo-style ramen fan but the closest noodle shop with tonkotsu ramen is a bit out of my way and eating there requires some planning. Preparing the soup for homemade tonkotsu ramen is a long process that can take days, depending on the recipe, and I've never been motivated enough to finally try it myself from scratch because the time and effort is just too daunting for me. I dislike prepackaged ramen as a general rule, especially ramen of the ""instant"" variety that only needs the addition of boiling water and rehydration. I decided to give this product a shot since I've never had a prepackaged ramen that promised the flavor of a tonkotsu broth, which is rich and unctuous, and most instant ramen broths just resemble a clear bouillon. For a prepackaged instant ramen, I have to say that I'm really impressed with how well the flavors and texture of ""real"" tonkotsu broth are represented. No, I'd never mistake it for the real thing and if it were the real thing then I'd consider it below mediocre but for what it is, I consider it outstanding and I'll be re-ordering. Note: This is very salty (1680 mg sodium), heavy (21 g fat) and more caloric (410 calories) than most prepackaged ramen, which is already considered to be bad for you, but that's true of many ""real"" tonkotsu broths and as an occasional lunch while I'm at at work and stuck at my desk, I'm okay with that and adjust the rest of my foods that day accordingly. I wouldn't be willing to waste my sodium, fat or calorie budgets on any other instant ramen I've ever had.",1347494400,0,0
B004HVEEW8,5,"Stock your pantry w/Menraku ""Tonkotsu"" Ramen!!!","**BEGIN UPDATE 9/08** Just received my 2nd case of 12 in a little over 3-wks, but then again I've been sharing, 1/3 for sharing w/my taste-buddies while the remaining 2/3's have been for my own taste-buds.  I added little steamed won-tons today but it was more than this soup needed, maybe tomorrow a sliced hard-boiled egg; keeping it simple is the best way to enjoy this bowl of ramen wherein the broth is superior. I will let you know if I ever get on to trying the other flavors as I'd originally hoped.  Thanks for reading. **END UPDATE**<br /><br />If you ever enjoyed add-hot water and wait bowl-type instant ramen, this has, in my humble opinion, the best tasting broth, no-contest of this type that I've ever had since ""Cup Jorick"" came along early 70's. Fast-forward, for the last year or so I've enjoyed the ""Nong Shim Big Bowl Noodle Udon"" (still do!) since it isn't SPICY at all, allowing me to add spice if I choose to change it up, add steamed won-tons, char siu - you get the idea.  ""Menraku Tonkotsu Ramen"" while the noodles are on par w/instant ramen of the bowl variety, here it's the RICH BROTH, that immediately upon tasting, is set apart from the usual within the category.  Other reviewers here who have also enjoyed have picked up the same flavorful aspects:  buttery, a bit of garlic, a rich-tasting broth like you could only get home-made or in the best kept secret asian restaurants.  I look forward to trying the other Menraku varieties:  Shio Ramen, Miso Ramen, and Shoyu Ramen, all very basic flavors that can be lost causes in the wrong hands but I am convinced on this experience alone, though ""Tonkotsu"" ramen may be my new, all-time favorite, that I will enjoy the others as well.  Wondered about ""Tonkotsu""(pork-bone), not to be confused w/""tonkatsu""(breaded pork cutlet), as the broth didn't convey much pork taste though it could be usual Japanese subtlety at play here.  I got this on WED and I've had one each day since.  I should get another case soon as I know I'll be sharing.  Currently living in a dorm?  Buy the case. Stash it however you're best  able or split the case w/others. It's quick, easy and great value.  Amazon Prime got it here in two-days!!!  The only thing left to say is ""Itadakimasu!""",1345161600,0,0
B0010748DM,5,A Step Up From Science Diet,"My vet had always recommended Science Diet, and I'd been feeding my cat Science Diet Light for years, but he never lost weight.  My cat wasn't obese, but he was between 13-15 lbs when he should have been 11-12.  No amount of cutting down on servings seemed to have an effect, either.<br /><br />I switched to using Royal Canin Light about 3 months ago, and I've already noticed a huge difference.  My cat's weight is down to the target range of 11-12 lbs, but more importantly, he's got a lot more energy.  Where he used to sort of mope around the apartment lethargically, he now runs around like a kitten (which he's not!).  He's had an enormous increase in energy in all day parts and his general temperament seems to have improved.<br /><br />I would highly recommend this product, especially to people struggling to control their pet's weight.",1209168000,4,4
B004BJS1PC,5,With your own topping this makes perfect ramen,"Myojo makes excellent instant ramen.  All you need to add is protein of your choice, vegetables of your choice, soft boiled egg, nori, etc and you will have perfect ramen.  The noodle itself is excellent quality but when you make ramen, you have to eat it right away or noodles will get soft.",1316995200,3,3
B004BJS1PC,4,pretty good,"These are quite tasty--soy sauce flavored but not too salty, which is misleading since it does contain plenty of salt( you probably shouldn't finish all of the soup, for health reasons).  Another problem with these instant ramen is the lack of an expiration date on the package---I ordered Myojo's yakisoba along w/ this and had to throw most of it away.",1317945600,1,1
B004BJS1PC,4,Salt for Today and Till Noon Tomorrow,"I bought these on advice of a few other sites, aka why I would pay $2.60 for a bag of ramen noodles.  Starting with the bad, they contain 130% of daily recommended dose of salt, as well as: MSG, High Fructose Syrup and a ton of other industrial ingredients.  But, then again who eats packaged ramen for its health benefits...  They are really only Noodles, Broth and Oil with a very few little onion flakes, not the big chunks of vegetables or tofu some packs come with.  With all that said, they taste really good.  The broth has a very good flavor and surprisingly isn't supper salty.  The noodles themselves where good but didn't stand out as better then most quality fried noodles.<br />Because of the salt and the cost, I doubt I would buy them again, however I can't complain about trying them as they tasted great.",1293062400,0,0
B002KEJYGA,2,"With this Price ,Are you Kidding??","I was on Amazon looking for a 'Natural Soda', one with a sweetener that wasn't white sugar and no phosphoric acid,when I saw the Mexican Coca Cola. First off if you loved Coke in the 60's & early 70's ,you will LOVE this coke. I know I do. But the REASON I gave it 2 stars is not for the taste of the Product- well that would be the reason for the taste . BUT WHOEVER is BUYNG at this price is seriously getting RIPPED OFF !!! Especially when you can go into your favourite Target store and buy it for $1.19 to $1.25 a bottle. And there are grocery stores here in the San Joaquin & Sacramento Valleys of California that sell it for those prices too. Such as SaveMart, S Mart, Food Maxx, It's not usually in the soda aisle either, all these guys make you look for it too, including Target. But it's worth it in taste. And I personally think that McDonald's burger joints also use this formulation in their taps, because it sure as heck doesn't taste the same as the coke in a Carl's burger place. Egads , now I'm taste testing for burger joint colas??!!!",1343692800,0,0
B003DXGN70,5,"Healthy, Delicious Alternative to Ramen","I made the Zesty Ginger noodles with Chicken for dinner last night. I followed the recipe and directions exactly (though I added some fresh spinach, too), and it was delicious!! My 10 year old daughter and I loved it. You know when you eat a meal that's good for you, and it makes your whole body feel good afterwards? That's exactly how we felt after eating Happy Pho. The portions are very generous (2 dinners + leftovers for lunch today) so along with being tasty and healthy, Happy Pho is also a good value. We tried this as an alternative to grocery store ramen noodles, and we'll never buy ramen again. Happy Pho is our new noodle.",1285113600,4,4
B003DXGN70,4,Not Very Easy,"I want to amend this review a bit by saying that the maker of this product did e-mail me some tips on how to make the most out of the food on limited supplies after I originally posted my review. I appreciate that.<br /><br />I'm constantly looking for easy to cook, healthy meals. For some reason I thought that this would be as easy as cooking Ramen. I suppose it's my fault that I missed the part where it mentioned ""fresh ingredients"" on the product's amazon page. However, I did see where they referred to it as ""easy."" This is basically a starter kit that requires you to have a lot more ingredients (bok choy, spring onion, tofu or chicken, cilantro, broth, etc.) in order to get the full pho experience. If you're willing to put in the effort, I bet it tastes pretty good with all the ingredients that don't come in the box. It's pretty good on its own too.",1286409600,1,2
B002HNS55A,5,Shake well,"My wife got a gallon of Tabasco original a few months ago and I took one look at that big heavy glass jug and thought ""There is no way we are using all of that.""<br /><br />I was wrong, we are about half through it now. If you're looking at this, it's a safe bet you know what Tabasco tastes like and you like it. Its vinegary and peppery and mixes very well into all sorts of things.<br />We pour it into smaller bottles for regular use and you do need to shake it every time you decant some, otherwise what pours off the top is a vinegary, watered down sauce instead of the bright red you are used to. It's size and weight can make it tricky to shake so be careful and use both hands.<br /><br />We use it on eggs, in ketchup, in bean soup, on burgers, we use it on so many things. My son thinks it's wonderful having a whole gallon because he'll use it by the spoonful on rice and ramen.<br /><br />The only person in the family who doesn't eat it is my wife, she says she just wanted the nice glass jug with the Tabasco labels.",1338422400,1,1
B000VS8KSU,5,its' a great deal of flavor at less than one pays for take-out noodles,"Currently as of Fall of 2012, we go to an Asian store and buy these for $0.49 each packet.<br /><br />The BBQ Chicken Mi Goreng flavor packs on the heat...and just right for those who like their food on the intense side. It has lots of packets of flavor including a spicy chili oil and soy sauce and some msg-powdered seasoning and hot chili powder and even dehydrated fried onions as garnish.<br /><br />It is subtly sweet and the spicy-heat just hits you in every bite and the flavors all merge into deliciousness. This is a flavor unlike any asian bistro cooking, and yet, it's so-oooooooooooo so, so good.<br /><br />I must admit that I have often wanted to find other flavors that were just as tasty and spicy and have only found 1 that is nearly as tasty but it's not a similar sweet-n-hot-savory, it's got heat but it's very different. (see my other ramen noodle review)",1350777600,0,0
B003OB2E60,5,Spicy & Delicious!,"We do not eat a lot of Ramen noodles at our house, but we discovered this one at a local Mexican grocery and everyone loves it.  The taste is really delicious, probably the best one I've ever had (out of maybe 6 common ones that I've tried in my life.) If you don't like some good heat, you may want to steer clear.  I actually add extra water to mine, and it's still delicious and quite spicy.  The price here on subscribe and save is off the charts good...12 packages arriving at the door for under $4?  Of course, this is not a healthy meal, so you have to be careful of the sodium and carbs, if you have high blood sugar, or high blood pressure. For us, it's an occasional treat, not something to eat every day.",1349654400,1,1
B003OB2E60,5,The best ramen flavor,"Lime Chili Chicken ramen has a great blend of citrus and fire. Of the 20 or so varieties I've had, this is my favorite. If it goes on sale, by choosing Subscribe & Save you can get a case delivered for under $4, which is an insane deal.",1342224000,0,0
B0006ZN4WU,5,Great product,"I purchased this directly from Honeyville because it was cheaper.  I bought this for making drinks initially but was curious how it will perform in cooking needs.  I am impressed.  I use 2 T lowfat milk instead of water for making 1 egg equivalent and used it for making stir fry dishes.  Wonderful!  Also, used to make scrambled eggs with various vegetables such as asparagus.  Again, wonderful. Made  shirred eggs for ramen - tastes just like fresh eggs.  What a great product to have on hand and now I don't have to waste egg yolks.",1329955200,0,0
B003ZU0SWC,5,I like it,"So at first I was put off by the smell b/c it reminded me of ramen. However, when I boiled my seitan in it, amazing! I am no going to get the other chicke/beef-veggie seasoning. Perfect for vegetarians like me!",1317168000,7,7
B001AY8VV0,5,"Good sized flakes, tastes great.","Yes, my cat loves this stuff. That's besides the point. Really, this is not meant to be cat food. I put this on my rice, my ramen, my tofu, etc. and I eat it. This can also be boiled to make a fish stock, although it doesn't really give a super strong stock unless you use a lot of the flakes. The flakes are very meaty, taste mild and very good. For those of you who don't like fish, this isn't for you. However, you probably have had bonito fish stock if you've had miso soup before. I love this stuff. I set aside a small batch for my cat because he loves it too and it's a great treat for both of us that is not salty, preservative laden, or fatty.<br /><br />tl;dr: Great taste, can be used as a healthy alternative to cat treats, but it's really meant for human consumption.",1302652800,17,17
B000GZWDNG,5,Delicious Spring Onion Soup!,"Absolutely delicious, light, gluten-free, low calorie, inexpensive lunch! I am on a perpetual diet, and nothing has made me happier than this soup. I like ramen soup, but the problem with regular Maruchan ramen is that it has msg and wheat (gluten) and also twice the sodium per packet and its preserved with TBHQ. All of which is bad for me. Also ramen is fried, these rice noodles are steam cooked, not fried. And I like the fact that they put two flavor packets, one is the soup mix and the other is the spicy oil, so if your kids don't like hot spicy, they don't have to add the spicy oil packet. Great, right?<br /><br />The price works out best if you get the box of 72 from Amazon. This package of 12 actually works out to be a little more expensive than the supermarket, but still worth it if your supermarket doesn't carry it.",1346889600,0,0
B000GZWDNG,4,GF alternative to Ramen,"GF alternative to Ramen. Spring onion flavor could be found over seasoned. Benefits from letting the noodles set for a few extra minutes to really absorb the broth. Great for camping. Decent price on Amazon, I try not to pay more than $1 a package (Almost $1.50 at my local store.).",1342310400,0,0
B000GZWDNG,5,delicious!,"These noodle packets are fantastic, much healthier than ramen noodles and lower in fat, and the price was pretty decent! The quality is much higher as well.",1325203200,0,0
B000V17MLS,5,Mouthgasm...,"Seriously the best food product ever made. I buy three of the six-packs at a time, because I am addicted and make this stuff at least once a week. It requires simple ingredients (butter, water, meat product, curry package), minimal attention (put on stove, set timer, wander away), minimal prep (combine things in a pot), and makes the most epic left-overs (I eat mine over drained ramen noodles because I'm lazy and it is so easy/tasty). It is somewhat spicy though, and my sister hated it for that reason. So if you don't like spicy, maybe eat something that isn't curry. But if you DO like spicy, and you DO like curry... try it, and you can't go wrong. Nom nom nom...",1318118400,2,2
B002ANABN6,5,Please understand what it means to go grain free.....,"This product is a good product and really good health wise for your cats. If you are looking at this product you are probably interested in feeding your cats something better. I just wanted to address some of the negative reviews of this food - many of them by people who don't understand that all cat food is not the same. I took the time to switch my 8 year old street rescue Louie to grain-free food (tried many brands before I arrived at BFF), and here are some of my observations.<br /><br />Cost<br />All grain free foods costs more for the same reason that grass-fed antibiotic free, free range chicken costs more per lb than a chicken nugget. It's better for your cat! Anyone who has a cat that's on a farm - ever see it eating some of the corn or wheat that spills off of the truck? Never! That is because cats don't eat grains. In cheap cat foods these grains are used as fillers to round out the portions and are not of any nutritional value to the cat. When I went grain free my cat ate much, much less - thereby negating the price difference. I even tested it a couple of times - my 13 lb cat can eat 2 - 3 ounce cans of Fancy Feast in one sitting - but cannot eat a 3.3 ounce can of BFF in one sitting.<br /><br />Another point on cost. If you are the type to take your cat to the vet and take care of it when it is sick, then you save so much money and trouble with foods like this it is crazy. When you hear people talk about diabetic cats, food allergies and all the other assorted sicknesses our animals are getting - most of them come from food. Diabetic cats - did they continuously raid the cookie jar? All the money you think you will save (but are not actually saving) will go to the health care of your pet in later years. Its the same way McDonalds and Denny's don't have to absorb the cost of all the diabetics they helped create - the taxpayers pay for it through Medicare and higher insurance costs 30 or so years down the line (and sooner with all the young diabetics we are creating).<br /><br />Smell<br />Most grain free cat foods smell. EVO stank up the house horribly and I had to move the cat bowl from the kitchen. Minus all the fillers and grains - you are getting an all natural product that is better for your cat because nutrition of the cat is put first.<br /><br />Taste<br />Cat's are notoriously finicky. Most cat foods that have grains and other filler ingredients have to add heavy syrupy mixes to get the cats to eat them. They take corn, wheat, soy, barley and gods know what else, add some vitamins and then add a extremely strong tasty syrupy mix to get the cat to swallow it all. So cats fed this for a period of time get used to it the same way babies get used to sugars in their formula. Then, when you want to give the baby vegetables with no sugar added guess what? Baby rejects them - they want the sugar! Same happens with cats fed with cheap filler foods.<br /><br />Poop<br />When switching to grain free a cats habits and consistency may change. Their digestive system is learning how to digest what it was actually made for. Same thing happens to humans - look up the ""Whole 30"" and see what I mean.<br /><br />Switching to Grain Free<br />Its a process more involved than opening the can and plopping it down. Took me months. Google can help you do it but don't expect to just give this to your cat and have her dive right in thanking you for it. That may happen, but more likely than not you have to mix old and new foods until they are used to it.<br /><br />BFF, EVO, Taste of the Wild.... they are all good brands that will improve the health of your cat. I settled on BFF as my wet food because he loves it. I used to give him EVO wet food and he would eat it but he hated it. I still feed him EVO dry food because he likes it. I tried many brands and did not give up on grain-free food because I cared about my cat. I understood as a street cat for years he was used to eating whatever he could and it all was the cheapest, unhealthiest stuff available given to him by well meaning people. He has improved in every way (coat, activity level, temperament, litter habits, etc..) and now is a healthy and happy cat.",1340150400,5,5
B0058AMY5G,5,My favorite Kettle Chip,"These are my favorite, but they aren't for everybody. In a way, they sort of taste like Oriental flavor ramen, but with a kick. For me, how can one go wrong with the combination of jalapeno and ginger? They are a bit rich, so they aren't for EveryDayForAMonth snacking. Because this is a case purchase, I recommend trying out a single bag before buying an entire case. The 2oz size seems to be no longer available, which is a shame; I can eat the entire 5oz bag.",1327968000,1,1
B000VDNXVO,5,sea veggies are cool,"i haven't tried all the flavors yet, need to get more, but i loved the sea kelp delight. it didn't last long cuz i used it in soup and ramen. instead of the season packet with salt, i used the sea kelp delight (no salt) and olive oil. it says to use 1tsp, i od'd, and i'd do it again!!",1329868800,4,5
B0083OZUW8,4,"GLUTEN FREE!  So good, I had to review it!","BOTTOM LINE:<br />GLUTEN FREE!  This stuff was sooo good, I really wish I had another bowl right now. The Quantity:Price ratio takes the product down one star.<br /><br />FLAVOR:<br />I thought the flavor was excellent, in that I could really taste the garlic, pepper, and onions.  The broth was a little salty at first, but I added a bit more water to get it to where I wanted.  I also thought it could use a little spiciness, but I feel that way about everything (I left out their oil packet and added a squirt of my own Hot Chili Sesame Oil - <a href=""http://www.amazon.com/gp/product/B0005ZXXWM"">House of Tsang Hot Chili Sesame Oil</a> and it was perfect).  It was really nice in that it had more than just your standard chicken/ msg broth flavor - it had real subtle flavor notes.<br /><br />NOODLES:<br />GLUTEN FREE!  I thought I would note that I really like the noodles in this - they are not your standard Ramen noodle, but are a form of rice noodle, similar to Vietnamese Pho.  These take a little longer to cook, but are definitely a great match for the broth.  I bought them because they are gluten free, but they make a great soup noodle in their own right.<br /><br />QUANTITY vs. PRICE:<br />I wish there was more in the bowl than what was provided.  This is what takes the product from 5 stars down to 4.  For the price, I wish there was more food - or for the amount of food, I wish it was cheaper.  To be fair, I bought this at my supermarket, and not on here, but the price is similar.",1342396800,0,0
B004727SMU,5,GREAT noodle,"These noodles are fantastically chewy, delicious, and very versatile. Use them as stand-alone side dish, in soups, or in recipes (like halushki). Heck, I'd even throw out the Ramen and use THIS product as a REAL meal/snack. Great homemade egg noodle taste!",1309046400,0,0
B000EFFTMU,3,Not very good.,"Got a few of these for quick work lunches. I don't think they are very flavorful, though they are easy. I'd rather have a little flavor. I actually prefer the ramen noodles & the various asian noodle bowels to these.",1344384000,0,0
B0026K6XB2,5,I LOVE THIS PRODUCT!,"I can hardly contain my excitement about this oil! It arrived on time, packaging was fine. The oil is so strong you need only drops at a time(a dropper is included).The glass bottle is a nice size, its food grade so it can be used for chicken dishes, soups,salads(i add to ramens noodles for flavor and toss out MSG packet). I am making a deodorant and bath oil with it and useing it to spritz around my apartment. I have ordered from this seller and will again and again! The seller also gives you a sampler gift and customer appreciation card with every order.",1323475200,1,1
B001AYB892,4,Best Taste Overall (but still strange),"This has a unique, three-part seasonings process. One is shrimp and little dehydrated red pepper (not spicy mind you, but red bell I am pretty sure), then a powdered one that smells like cumin but tastes heavily of garlic and then a liquid one, which I am pretty sure is just plain old sesame oil, great for asian flavor.<br /><br />Now - this comes out tasting like just about the worst item from the worst seafood restaurant or Italian restaurant in town...which, for Ramen, is remarkable.<br /><br />The thing is, it tastes quite - Italian. It has oregano I am pretty sure, or some other green herb in there that lends it a very Italian-oil-pasta-and-herb flavor.<br /><br />Personally, I will buy this again (WM is cheaper than here even, I almost want to say ""by far""...around 75 or 88c per if I recall correctly), but will almost definitely cut back on the dry seasonings packet. It's slightly overpowering in flavor and (are you surprised) saltiness.<br /><br />Excellent effort and uniquely tasty, just needs spice adjustments (downward!)",1289952000,2,2
B001AYB892,4,"A solid, tasty box-o'-noodles","I've enjoyed these on occasion for a few years now. They're flavorful, with adjustable spices and an interesting multi-pack seasoning system that gets very good results. I'd judge these to be on the upper-end of the Ramen-esque noodle spectrum, and I'm thrilled to find them here on Amazon finally.",1272672000,2,2
B001EQ4IJS,5,Alernative use,"I find it convenient to eat Maruchan Ramen noodle soup but I don't like all the flavorings that come with it and I like variety so sometimes I flavor it with a teaspoon or two of Carnation Malted Milk, either plain or chocolate.  I also don't like the water or the long slippery spaghetti so I tap the package with a hammer to break it up into small pieces before opening and I drain off the liquid after cooking and before stirring in the flavoring.  Lots of other flavorings can be used.",1322438400,0,4
B001709GF2,5,To offset the 1 star reviews,"I was looking to see if this pet food was cheaper on Amazon than it is at my local pet store (it is) and I saw the 1-star reviews and was shocked. I understand that people are having issues with the listing versus what they get in the mail but that has nothing to do with the product itself, which is what you should be reviewing here, maybe with a disclaimer in the review of the food about the mix-up. Amazon is where I go for reviews of products and notes on shipping mix-ups hardly ever tell me what I need to know!<br /><br />That being said, I love Merrick Before Grain. When I adopted my little strays they were living in the zoo and surviving off of raw ground meat and fish, so when I brought them home I chose a grain grain free food because I thought it would be the easiest transition on their stomachs from what they were eating. I've also done some pet nutrition research of my own, and while I'll concede that cats can process nutrients from grains in their foods, it just doesn't seem right to me that they many pet foods have most of the protein coming from vegetable sources, so I stayed grain-free even after the initial adoption.<br /><br />Recently, though, my budget has gotten tighter and I'm close to a ramen budget and decided my cats would have to be put on a ramen diet, too. I did the gradual transition to a new food the way you're supposed to, a little at a time, and the cats didn't seem to mind the change at all. As soon as the cheaper food took over, though, one of my cats started having terrible gas and had some minor tummy troubles. That bag is just about through so I'm going to start the transition back to this food.<br /><br />A big bag of this food ended up cost less per-pound than smaller bags of lower-quality foods, anyway, so I decided the additional cost was worth it. There are also several more expensive brands (Wellness, Blue Buffalo) that have grain in their cat food formulas, unless you opt for their grain-free variety which is even more. Merrick offers the grain-free choice without being the most expensive option out there, and is even comparable in price to many brands that have lower-quality ingredients.<br /><br />All-in-all, definitely worth a try! The canned foods are great, too, but my cats have decided they only like wet foods that are in gravies and won't eat the pates Merrick has.",1332460800,12,13
B001SAYXPY,5,Pretty Good Soy Sauce.,This is pretty good soy sauce. Our Meijers recently started carrying this. So I wanted to try it. It is much better than kikkoman soy sauce. I have several recipes that give soy sauce as an alternative ingredient. I must say using this in those recipes made it so much better! I also put a squirt in my ramen or udon noodles. YUM!!!! Sooooo gooood.,1345075200,0,0
B000VQBIPY,5,LOVE THIS STUFF!!!,"I found this gem while living in Australia and thank goodness for Amazon because I wanted some bad when I got back to the States...they are so much better than instant noodles or top ramen, they have several packets of different add-ins that really make this come alive...though it seems that they have changed them somewhat from what I remember in Australia, they are still delicious and I would recommend them to anyone...and at this price, you are not paying that much more (if at all) compared to the other stuff!",1256256000,9,9
B000VQBIPY,5,Thoroughly Awesome Noodles,"This is my second 30-pack of Mi Goreng noodles. The first I bought was BBQ Chicken flavor, and I was seriously impressed with their taste. My roommate and I polished off 30 of them in less than a week, so I just had to grab another case. These (the regular flavor) are quite good, although I do prefer the taste of BBQ Chicken. Each package comes with an adequate amount of noodles and seasoned oil, sweetened soy sauce, chili powder, and sauce mix. The oil and soy sauce packets are horribly designed. Anyone who can open them and squeeze out all of the liquid without getting it all over the place is seriously talented. Very Asia (the company that ships these) is pretty speedy, although these arrived slightly damaged (the sauce packages were busted in a few of the noodles). The BBQ Chicken case I ordered, however, was completely undamaged, so I guess it's hit or miss in that department. Anyway, buy these things. They are delicious and easy, and much better than plain old ramen noodles.",1260921600,7,7
B000VQBIPY,4,"Still Very Good, but Not The Same...","I fell in love with these while going to University in Australia. Eating three packs a day was not a rare event for me to say the least! These were my dietary staple - especially because you could easily add steamed veggies, garlic, shrimp, fish, crab, fried/poached egg, etc...to make it a more substantial meal.<br /><br />What I love about this instant noodle is that it is similar to Ramen in price and preparation but stepped up several levels in taste and complexity. I loved that there were five seasoning packets - a seasoning powder, fried onions, and three liquids which were chili paste, sweet soy sauce, and oil.<br /><br />Unfortunately, it is IMPOSSIBLE to find that five-packet version in the states! When I ordered these here (also ordered from several other specialty sites) they only came with four packets :( No fried onions, and the chili paste was instead a chili powder. While they still taste great, they are not the incredibly addicting noodles I was used to as a poor college student in Australia. I still crave that same taste I got from the version sold in Australia. I wish these were the same so badly, but they are not.<br /><br />I have also noticed a few other reviewers saying it does taste differently than what they remember. I still absolutely recommend these though, because they are still delicious and I always have a case available in the house. Would switch in a heartbeat though if I could find the original five-packet version!",1310169600,2,2
B000VQBIPY,5,My Favorite!!!,"It's one of my favorite instant noodles, I always buy a case of it. It's a bit spicy and sweet taste and it's smell so good for instant noodles. One bag is not enough, have to have @least 2 bag. Just like the picture, can add fried eggs and other ingredient on top of it. It's so Yummy and delicious, you gotta try it. Totally recommended!!!!!!!!!",1260748800,2,2
B000VQBIPY,4,Wow on taste,"I have loved ramen noodles since my college roomate introduced them to me. I have tried all the flavors, and can buy them anywhere for a low price. I saw this and it's reviews on amazon and decided to try it. Anyway it tasts great, and for a decent price too.",1304985600,1,1
B000VQBIPY,3,Mi goreng,"Tastes OK. Heres an idea of what it taste like if you've never had it: You could probably achieve a similar taste with common instant ramen  (maruchan, sapporo ichiban). Cook without seasoning. Drain. Add half seasoning packet, dash of veg oil and a dab sweet soy sauce. The sweet soy sauce is the main difference from other noodles.<br /><br />More importantly the online price @ $20 is double of what you would pay for at an asian grocery (i know not everyone has access to them but still good to know you're being ripped off). Furthermore the street price in indonesia is about 17 cents for each pack ( .17*30= $5.10) whereas this price is 67 per pack",1336348800,2,3
B000VQBIPY,5,Outstanding Instant Noodles,Best Ramen noodles I ever ate - I will be eating plenty of these as they are only 200 calories per package and make for an excellent snack.  I like dropping a jumbo egg (additional 80 calories with good protein) in for a poached egg effect as it gets close to the 3 minute boiling finish.  I will look forward to trying other Indomie flavors and products in the future.,1339718400,0,0
B000VQBIPY,5,My favorite quick meal,"These things are tasty. Flavorful but not too salty, a hint of spicy but not tongue-torching, moist but not oily. Of course they're easy to make, like any instant noodle product. One thing that's different from your run-of-the-mill pack of ramen is that these aren't soup noodles, so you'll need to pull out your colander to drain the noodles after they've cooked.<br /><br />My favorite way to make these into a heartier meal (1 pack probably won't fill up some big tummies) is pan-frying some cubes of tofu and seasoning with garlic and soy sauce. Top your noodles with the tofu and you've got a great lunch or dinner!<br /><br />I was pleased to see that these actually AREN'T terrible for you. A few highlights: (for 1 package/serving)<br />Calories: 210<br />Fat: 8g (12%)<br />Trans fat: 0g<br />Cholesterol: 0mg<br />Sodium: 400mg (17%)<br />Carbs: 30g (4%)<br />Protein: 4g (8%)<br /><br />Go for it! These delicious noodles are great by themselves but are also versatile - use your imagination :)",1327795200,0,0
B000VQBIPY,5,The Best,"This is the best noodles you'll ever get from a package like this. Perfect for a quick meal, easy to make, and easy to eat (one of my least favorite things about ramen was hunting down the last noodles in your bowl, idk call me lazy, but these are perfect for me)<br /><br />These were wayy worth the $17 I paid for 30.",1279584000,0,0
B000VQBIPY,1,Product recall issued in Taiwan,"There is a Chinese article from Taiwan (found in yahoo-Hong Kong) that issued a product recall for all Indomie Noodles.  The test result from Taiwanese authorities shows that the product contained excess amount of preservatives. Although damage to human may not be immediate but prolonged consumption could lead to kidney disease.<br /><br />I, myself, used to love this product but I have reduced the consumption of all Instant Noodles from once a day to once every 3 to 4 months.  Best to stay away from these processed food especially one with a recall.<br /><br />([...])",1286668800,9,17
B004LL983O,4,"Low fat, vegetarian, non-fried alternative to ramen, but a bit bland","There are 3 flavors in the annie chun ""ramen house"" lineup, and I recently tried this one, and the ""soy ginger"" flavor. The ""ramen house"" lineup includes a packet of pre-cooked noodles that are non-fried and low fat. They come soft unlike the hard brick that usually comes with ramen. There is also a liquid soup packet. This particular flavor I found to be somewhat bland. The noodles are cooked perfectly and are a good consistency. The soup is not spicy at all. If you added some tofu, vegetables, scallions, etc you can make a more filling meal out of it. I added some soy sauce and it improved the taste considerably.<br /><br />My recommendation is to go with the MUCH better (but not vegetarian) soy ginger flavor: <a href=""http://www.amazon.com/gp/product/B004LL7C3M"">Annie Chun's Soy Ginger, 4.9-Ounce (Pack of 12)</a> It has a much richer and better taste. However, if you are strictly vegetarian, this is still a decent alternative to regular ramen noodles. Another vegetarian option I find to be tastier then this is the <a href=""http://www.amazon.com/gp/product/B000E123IM"">Annie Chun's Udon Soup Noodle Bowl, 5.3-Ounce Bowls (Pack of 6)</a>. It is also vegetarian, includes a few vegetables, a bowl to cook everything in, and is my favorite.<br /><br />If you aren't vegetarian, id try the other flavors first, but this flavor is still decent, especially when other ingredients are added. A little hot sauce would probably liven it up quite a bit. It also has a very reasonable amount of sodium compared to similar products. Its shelf stable and easy to make with either boiling water or a microwave. I pay about $1.50/ea in my local grocery - the amazon vendors often hike up the price where its not worth buying online.<br /><br />If you are looking for other vegetarian/vegan soup options similar to ramen, another brand to look for is ""Thai Kitchen"" and ""Simply Asia"". They offer some excellent rice noodle bowls and soups that are also gluten free as well: <a href=""http://www.amazon.com/gp/product/B000GZWDR2"">Thai Kitchen Noodle Bowl, Roasted Garlic, 2.4-Ounce Unit (Pack of 6)</a><br /><br />Ingredients:<br /><br />NOODLES: WATER, WHEAT FLOUR, TAPIOCA STARCH, SALT, WHEAT GLUTEN, LACTIC ACID, ACETIC ACID, RIBOFLAVIN (VITAMIN B2), SOUP BASE: ONION (ONION, WATER, CITRIC ACID), ORGANIC MUSHROOM BASE (ORGANIC MUSHROOMS, SALT, ORGANIC CANE SUGAR, ORGANIC MALTODEXTRIN, NATURAL FLAVORS, ORGANIC ONION*, ORGANIC SOYBEAN OIL, ORGANIC GARLIC*), ROASTED CABBAGE POWDER (CHINESE CABBAGE EXTRACT, MALTODEXTRIN, SUGAR, CORN OIL), WATER, CORN STARCH, MIREPOIX (MALTODEXTRIN, ONION, SALT, SUGAR, YEAST EXTRACT, CORN SALAD OIL, CARROT, CELERY, SPICES, RED WINE), GINGER (GINGER, WATER, CITRIC ACID), SALT, YEAST EXTRACT, GARLIC (GARLIC, CITRIC ACID), BLACK PEPPER, NATURAL FLAVORING (NATURAL FLAVORING, MALTODEXTRIN), WHITE PEPPER. *DEHYDRATED<br /><br />PRODUCT MANUFACTURED IN A FACILITY THAT USES, SOY, MILK, PEANUTS, TREE NUTS, EGGS, FISH AND SHELLFISH.  STORE IN A COOL DRY PLACE. AVOID DIRECT SUNLIGHT.<br /><br />PRODUCT OF THE USA<br />Nutrition Facts<br />Servings Per Container About 1<br />Amount Per Serving<br />Calories 230  Calories from Fat 10<br />%Daily Value*<br />Total Fat  1g  2%<br />  Saturated Fat  0g  0%<br />  Trans Fat  0g<br />Cholesterol  0mg  0%<br />Sodium  1000mg  42%<br />Total Carbohydrates  48g  16%<br />  Dietary Fiber  2g  8%<br />  Sugars  2g<br />Protein  8g<br />Vitamin A 2%  Vitamin C 0%<br />Calcium 4%  Iron 4%<br />*Percentage Daily Values based on a 2,000 calorie diet.",1314921600,3,3
B004LL983O,1,10 cent ramen is better than this,"I bought this today as a snack for lunch at the grocery. Usually I am pretty pleased with this brand's soups. However, there is a distinctly playdough smell when you open the package of noodles, and as for the the flavor after cooking, well ... might have cooked real playdough and ate that instead. distinct vinegar taste to added flavor packet. All in all, i would prefer 10 cent top ramen over this.",1344902400,0,0
B004LL983O,5,Nice ans light flavor,"I really enjoyed this ramen soup. Although others have described this flavor as I bland, I found it to be refreshing and light. As the other reviewer suggested one could add tofu and veggies to make it into a meal.",1341532800,0,0
B004LL983O,4,Annie Chun's Spring Vegetable Ramen,"I stopped eating meat and dairy 8 months ago and really missed my ramen noodles. I have always kept the old trusty ""ramen bricks"" on hand for my kids or for just a quick lunch but they all consist of some animal product so i could no longer eat them. Then I discovered these. I was so excited when I saw on the label that they were Vegan. I was not disappointed either. They are really good. I had to add a little salt I will admit but I really expected to have to. I have discovered that anything labeled Vegan for some reason needs salt added. I have no idea why. But I really liked them. I will surely be buying more of these.",1340064000,0,0
B004LL983O,2,"Edible, I guess...","I like plenty of products from Annie Chun. They're usually a nice alternative to instant ramen...<br />I did not enjoy this, ok? It was bland and what wasn't bland was sour in a vinegary unpleasant way.Despite being called spring vegetable flavor, there were no vegetables to re-hydrate.<br />I got this at the grocery store and would not get it again.<br />Stickin to ramen and Nissin Chow mein, although I'm looking into nissin udon and some more authentic yakisoba (NOT maruchan).<br />I really like the annie chun's sticky rice, though. perfect for those days in college when you just need rice.",1316476800,0,0
B004LL983O,2,bland and boring,"I purchased a bag of this soup at my local grocery store and was so disappointed in its flavor; it had none.  Despite emptying a flavor packet into the broth, I might have just as well left the water with nothing added at all.<br /><br />While vegetarian, this product is not worth it. In addition to lacking taste, it is somewhat time consuming because it isn't a one-step process to get to the final product.  The directions tell the user to soak the noodles in hot water, drain the noodles, add room temperature water and then heat the product in the microwave.<br /><br />If you want some flavorful ramen, try <a href=""http://www.amazon.com/gp/product/B000FFLTDM"">Dr. McDougall's Right Foods Vegan Miso Ramen, 1.9-Ounce Cups (Pack of 6)</a>, <a href=""http://www.amazon.com/gp/product/B005FC75X8"">Dr. McDougall's Right Foods Ramen Chicken Soup with Noodles, 1.8-Ounce (Pack of 6)</a> and/or <a href=""http://www.amazon.com/gp/product/B0017U24KG"">Dr. McDougall's Right Foods Vegan Chinese Noodle Soup,Lower Sodium, 1.4-Ounce Cups (Pack of 6)</a>.  Their soups have some flavor and don't require the soaking of noodles and subsequent refilling of water.<br /><br />I'm so glad I did not buy these in bulk - definitely pick one up from the store before purchasing a good number of these.",1331078400,0,1
B004LL983O,5,not the ramen you remember,"Ramen is one of those items I like to keep on hand. After becoming vegan, I was hard pressed to find a ramen I could eat. Then I found this ramen at Whole Foods and decided it was so good, I had to buy it by the case!<br /><br />My favorite way to enjoy this ramen is to prepare as directed, but add miso, seaweed and sesame oil. DEEElicious!<br /><br />Also try Annie Chun's ""ginger soy"" flavor. It's pretty tasty too.",1322006400,0,1
B002O1355U,3,"Not bad, not fab","While at my friendly neighborhood Uwajimaya, I happened upon this freak of nature: the Komforte Chockolates Ramen Noodle bar.<br /><br />After staring in dull incomprehension for some time, with occasional muttered interjections of ""the hell?"" and ""but WHY?"" and so forth, I bought it and took it home. Really, how could you not?<br /><br />When first opened, the bar looked pretty much like your run-of-the-mill fancy-pants chocolate bar; no sign of eight-for-a-dollar pasta in evidence.  Ah, but when I snapped off a piece, the mysterious amendment was revealed! It appeared to be in the same pre-fried but uncooked form that comes straight from the bag, with which starving students everywhere are intimately familiar.<br /><br />There was nothing left to do but try it. *nosh*<br /><br />The ramen noodles in this chocolate are pretty few and far between, offering more texture than taste; the texture itself is something akin to soft nuts or cornflakes. The shape, size and markings on the bar strongly suggest that Komforte is made and/or owned by the same outfit that makes Seattle Chocolates.<br /><br />The quality of the chocolate itself is pretty good. It's good enough that it could stand on its own without playing up the quirk factor (Komforte's other offbeat chocolate bar flavors include French Toast and Tortilla Lime + Salt), but then they probably wouldn't be able to command premium prices for these chocolate bars. I'll probably try the others just to see what they're like, but I suspect the novelty factor wears off pretty quickly -- and then all you have left to market is an overpriced chocolate bar.<br /><br />(This review was originally published in slightly modified form at the author's blog, Confessions of a Laundry Faerie.)",1271203200,5,5
B002O1355U,5,A little nostalgia and a little treat,"I have no idea who had the idea to mix ramen noodles in chocolate, but it was a brilliant one. The chocolate is perfect and the ramen is not overwhelming, just a hint of crunchy running through the bar. I bought these as stocking stuffers for my kids, but wound up adding a few to my own stocking because they were delicious.",1329609600,0,0
B005QFDWZE,5,Unbelievably delicious!!,"I bought two jars; one for me and one for my daughter (the foodie). She texted me a few days ago that I have ruined her for ""regular honey"" as she had just made a simple salad (greens, green onions, walnuts and crumbled good quality bleu cheese)  dressed with this honey and fresh squeezed meyer lemon juice. I have since tried it and it is everything she said and more (I threw in a diced organic pear for an over the top add on). It pays to use top products--the ingredients speak for themselves! We love Monastiri honey here in Sacramento. I can't wait to try it this summer with our luscious tomatoes----give it a try.",1332547200,1,1
B003R0LM2U,4,Economical higher-quality FLUTD food,"I live with three cats, one of which has to be on a relatively pricey canned prescription diet for a urinary tract condition.  The problem is, this very same cat (Fred) loves to gobble down anything he can find, especially leftovers from the other two.  I've started feeding this to my other two cats that don't have the condition, as a preventative measure, and also to feel safe feeding them all at the same time and not having to worry if Fred picks up their scraps.  I adopted him as an adult, and I think the people that had him as a kitten starved him or fed him a lot of ""people food,"" as I've caught him eating the weirdest stuff -- from pizza to sugar cookies to jalapenos.  This also might explain why his system is a little messed up.<br /><br />Frisky's also has a ""Special Diet"", which is cheaper and therefor probably not as good for kitties.  I ordered that, too, just as a back-up if my other two wouldn't eat Proplan.  I would say they all preferred ProPlan over Frisky's Special Diet (except Fred, who would gleefully scarf down hot garbage if he could get his paws on it).  Cats like what they like, and my cats have slightly more expensive taste -- again, except for Fred, who has quite an indiscriminate attitude towards food.<br /><br />I spoke with the vet about possibly switching Fred from his prescription diet to ProPlan and they reassured me that this was a very good food for cats with urinary tract problems, too.  Fred is the least picky cat I know when it comes to food, so I would only switch if cost because an issue.  I love my cats and they have a great life with me, but there are very occasionally some months where I have to eat off-brand ramen so I can pay the bills....so sometimes my cats have to slum it with me.  They are pretty good sports about it.  :)  I am planning to keep feeding this to my other two cats, with extras on hand for Fred if necessary.<br /><br />The delivery option is GREAT to save on trips to the store, and you can ""subscribe"" and save a buck or so.  If you do the math right (I didn't the first time, whoops), you can ensure the new palate arrives just as your little friends are polishing off the last couple cans.  If you have prime, it even ships for free.  Extremely convenient, cost effective, and perfect for the cat owner who would rather spend time at home with their cats than out running errands for them.  I would highly recommend this product, especially with the subscription if you're kind of lazy and a home-body like me :)<br /><br />Only negative thing I have to say:  I just wish they came in bigger cans.  I do recycle, but I feel that one large can would make less waste than two smaller cans.  On the other hand, my fridge isn't full of half-full cans after the cats eat their breakfast....",1332460800,9,9
B005GWXBGW,2,Ugh.,"I'm not vegan or vegetarian, but I don't have an issue eating vegan friendly foods. I picked up the Dr. McDougall's Miso Ramen because it's somewhat low in sodium. I don't know if it's the lack of sodium, or just the product in general, but this really isn't very tasty. Eatable, yes, but I'm not going to order/eat more.",1325721600,1,2
B002HFPW6I,1,Made in China??,"So...they get 60 percent of their raw materials from the United States, they ship them to China for manufacturing, then ship bars back to the United States for sale.<br /><br />That's like living in Sacramento and driving 500 miles to Portland for an ""earth friendly"" meal, and then driving back to Sacramento and bragging to your friends about how eco-minded you are.<br /><br />Why not just eat a local nut bar and pour a gallon of gasoline down the drain every time you finish a box? It would be the same as eating Mrs. Mays bars.<br /><br />This company is destroying the planet just to make an extra buck.<br /><br />We are SUCH a screwed up country...we're IMPORTING food!!",1310428800,2,4
B0012272P6,2,For when you feel like eating Salty Cardboard,"The noodles in this soup are some of the worst I've found.  Texture is bad. Undercook them, over cook them, cook them ""just right"", they taste like cardboard no matter what you do.  I've tried cardboard as a kid, they taste very much like it.  The broth itself isn't bad, but it's not great either.  The ""Flavor Nugget"" is a fun idea and fun to watch dissolve in the water.  If you add stuff to this soup, chicken meat, real noodles, some vegetables, and throw away the noodles it comes with, it is an ""ok"" soup.  Not much chicken flavor to it, it's all salt.  Eat one whole box and you're eating around 2800mg of sodium.  Each box has 4 servings of 700 or so.  Eat two boxes for twice the fun.<br /><br />I gave this product two stars because the broth without the noodles is ok if you add stuff to it.<br /><br />Noodles - cardboard flavored<br />chicken flavor - eh... kind of but mostly it's salt<br />taste - close to ok, if you do not eat the noodles<br />Conclusion - really, there are better out there.  Even Chicken flavored Ramen Noodles are better than this, and they cost about 25 cents or less.<br /><br />Recommended - no.",1262995200,0,4
B001E50UC8,5,"Great taste, cheap, and easy.","These are great. I've tried several different versions of the Compleats, but this one is my favorite. Not only is it the lowest in calories of the ones I like, but it's also the highest in protein and keeps me full the longest. My local Wal-Mart sells them for $2.00 each, which after tax, makes them a little cheaper than Amazon, but with the subscribe and save, it's only a little cheaper and it saves me the hassle of having to go to Wal-Mart, not to mention, they are out of this variety sometimes. I usually have one of these with one package of Ramen noodles. I eat at 11:00 a.m. and it holds me until 6:00 p.m. for dinner. I weigh 180 pounds and am fairly active while at work, walking around, lifting heavy things, etc. so if you're looking for something cheap, with a good source of protein and low calories, give these a shot.",1289260800,1,1
B003OB4DR8,4,Had to try,"Ramen is a quick and easy meal, you can doctor it up to be fancier and more filling.. or eat it plain if in a hurry.<br /><br />It's a great staple to have in the pantry for quick meals, or emergency situations. All you need is hot water.<br /><br />But... with only a couple of flavors available locally, it got boring. I don't even remember exactly how I ended up on the page with all the Ramen soup flavors but I did.. and I'm glad.<br /><br />I ordered four new flavors that day, and found them all to be very good.<br /><br />I was soooo excited to see this flavor, I LOVE mushrooms. Sadly the first taste that hit me wasn't what I expected. I can't really say that it has a mushroom taste.. but it is good. And it does allow me a bit more variety. Ramen is such a handy food to have on hand for those times when you can't cook, be it shortage of time, or an emergency situation.  This will be one that I'll get again.",1300579200,0,1
B003OB4DR8,5,Hard to Find,"Gotta say I love these ramen noodles. For some reason, many of the stores that used to carry this flavor have stopped. Only thing I would advise people to do is expect a long delivery, mine was 4 days past the delivery date I paid for.",1287446400,0,1
B003OB0JP8,5,Pretty GOOD!,"I got these since they were on sale, I love ramen especially nong shim, but I thought I would give Maruchan a try. Surprisingly, I really liked this ramen. It has a creamy taste, mixed with chicken broth. It reminds me of creamy pasta but not overly creamy, I should say just right creamy taste. If you are looking for NONspicy, ""americanized"" ramen, this is it. Give it a try. But, please do NOT add 2 cups of water as it says in the bag, I add 1 cup to 1.25 cup of water instead and it tastes much better.",1302652800,10,10
B003OB0JP8,5,Finally!,"This is my favorite type of ramen, and I was so disappointed when stores stopped carrying it. It's very reasonably priced, and so nice after a couple of years to have it in my pantry again. Way better than regular chicken flavor or *shudder* shrimp.",1300233600,11,12
B003OB0JP8,5,Change is good,"Ramen is a quick and easy meal, you can doctor it up to be fancier and more filling.. or eat it plain if in a hurry.<br /><br />It's a great staple to have in the pantry for quick meals, or emergency situations. All you need is hot water.<br /><br />But... with only a couple of flavors available locally, it got boring. I don't even remember exactly how I ended up on the page with all the Ramen soup flavors but I did.. and I'm glad.<br /><br />I ordered four new flavors that day, and found them all to be very good.<br /><br />I was quite pleased with this flavor. Nicely chicken and it really is in a creamy sauce. One of the better flavors, IMHO. I will order these again.",1300579200,8,9
B003OB0JP8,5,The creamiest ramen,"For a few years I searched stores in my area to obtain the elusive creamy chicken maruchan ramen. Then finally, after deciding that this flavor must cause cancer and that is why stores do not sell it any more, I found it here! Cancer be damned because I am eating this wonderful treat from the friendly people at maruchan. Thank you.",1321488000,7,8
B003OB0JP8,5,Delicious!,"Although I honestly think it tastes like the regular chicken flavor, I'd have to say this maruchan ramen is the best. I eat half a pack per meal (that's the serving size). I'm a ramen lover and if you're one too, this will last you a while and you will enjoy it all the way to the last bag.",1303084800,4,4
B003OB0JP8,5,Quick meal,I find I like these better then the cup of soup style ramen noodles. The noodles cook up plumper and you can control the flavoring (comes in a separate package). The trade off is you now have a pot to clean otherwise pretty simple to prepare.,1319328000,3,3
B003OB0JP8,5,My kids love this creamy chicken flavor,"My kids love ramen noodles, and although I know they are high in salt and fat I buy them as an occasional treat.  For years their favorite has been the regular chicken flavor, but I bought these creamy chicken flavored ramen noodles after reading the reviews here on Amazon.<br /><br />The kids love them even better than the regular chicken ramen flavor.  They are expensive here on Amazon - .35 cents each as opposed to .20 for the regular chicken flavor at the grocery store.  But with a $25 purchase you get free Super Saver shipping. And I've never seen the creamy chicken brand in stores.",1300492800,3,4
B003OB0JP8,5,The best of the ramens,"Simply the best of the ramens.  The creaminess is the dealbreaker, all the flavor with just enough richness to make for a satisfying snack anytime of day.  The price is incredible!!!!",1319155200,2,3
B003OB0JP8,5,OMG,"Doesn't even compare to any other ramen. This flavor thickens to a nice sauce instead of a broth if you put in the right amount of water. It's just like a quicker, easier, much cheaper Pasta-Roni. Toss in a pat of butter, a sprinkle of garlic powder and some parmesan. bam. 3 minute fancy noodles",1350777600,0,0
B003OB0JP8,5,Great flavor,"After seeing so many 5 star reviews on this flavor of Ramen, I was anxious to try it so I ordered a case. It arrived 5 days later. I am a fan of instant Ramen but haven't tried many flavors since ones like these aren't sold in my local store. I cooked some for lunch with some veggies, adding about 1 1/2 cups of water. The flavor was great, it was delicious, rich and creamy. Though the amount of water I added was probably too much, I shouldve only added a cup -1 and 1/4 cups, the broth wouldve been richer, but then again I do have 23 more packs. If you are looking for a rich instant soup, Id recomend this. this is hands down the best chicken flavored Ramen Ive tried. It may even be my new favorit flavor. It seems like it would be great with eggs added to the soup. Try this ramen, you wont be disappointed. Very tasty and delicious. Though if you are looking for authentic asian Ramen, this isn't it, it's a very americanized flavor.",1347062400,0,0
B003OB0JP8,4,"Standard Maruchan, flavor/smell NOT for everyone","I am a college student that has been out of part-time work this term and ran tight on a budget. I feasted on ramen noodle for months, and Maruchan is a familiar brand name. I've eaten them before and they are definitely the most cost-efficient option around. In terms of doing its job,a normal pack of Maruchan ramen gets a 5/5.<br /><br />That being said, there must be a few notes included:<br />-If you are used to eating Asian ramen, these do NOT compare texture wise and taste wise. After eating Maruchan for 50% of my meals for a month, switching back to Asian ramen noodle made me realize how poor Maruchan is. You get what you pay for, but personally I feel just as satisfied eating one pack of Asian ramen vs 2 packs of Maruchan<br />-I have been eating ramen for a while, so when I saw this flavor on Amazon I was intrigued. However, the smell is just weird for me, and I prefer regular chicken flavor over this flavor. It's not for everyone<br /><br />Overall, it does its job. After getting giftcards online for Amazon, I can't complain getting practically free food 12 meals. That said, I would prefer other more standard flavors, and that's why this gets a 4/5, even though it's so standard.",1304553600,3,5
B003OB0JP8,5,Favorite,"This delicious creamy chicken ramen has been my favorite since i was a child. I eat a bowl of this stuff every day and i cannot imagine a better way to spend my time. It's so good, so creamy, it puts the chicken flavor to shame.<br /><br />Thank you Maruchan for never discontinuing this, as long as i'm able to buy this i will stay a loyal supporter of you always.",1331164800,1,2
B003OB0JP8,5,Great alternative to insant-broth-ramen,"This is different than the typical ramen with broth, it's more like pasta with creamy sauce. If you're looking for a variation of instant ramen, this should satisfy! I like to add cayenne pepper powder for a kick.",1330646400,1,2
B003OB0JP8,5,Yummy,"I had never tried the creamy chicken Ramen noodles before and I like them.  I thought 2 cups of water was to much, so next time I will use 1 1/2 cups. It's a nice quick meal when you don't want to cook.",1316304000,1,2
B003OB0JP8,2,little  bit disappointed..,Just typical instant ramen.<br />Too creamy for me. Just typical instant ramen.<br />Too creamy for me. Just typical instant ramen.<br />Too creamy for me.,1327795200,1,12
B0002PSOJW,5,Just want one bottle and don't have time to head to china town,"Perfecto, reasonable price for one bottle (and prime!) and saved me a bundle of time: it is spicy so try it in a small amount before squirting more.  Has a direct 'hot' flavor with little weird after taste.  We add it to spice up a stir fry, in noodles, in ramen, hot dogs, dipping sauce... Anything!  It is pretty good hotness.",1313625600,1,1
B0002PSOJW,5,One of the Greatest Sauces Known to Man,"I won't say it's the absolute best hot sauce, but if you're serious about hot sauces, and you haven't tried Sriracha, you need to add this sauce to your collection now.  What I like most about this sauce is it tastes like my homemade sauce.  I can tell just by the way it tastes and smells that they use the same high quality ingredients that I use when making my sauce.  One whiff takes me back to picking jalape&ntilde;os out of my garden.  It's delicious blend of peppers, garlic, salt, and just the right amount of vinegar.  This sauce is thick.  This is not some red, runny liquid that you add to your food for heat.  This sauce is more like a thin paste.  I add it to ramen noodles, sushi, and just about anything else you would add hot sauce to, but since it's more like a thin paste than a runny liquid, it really sticks to the food.  It's hard to explain just how good this sauce is.  You have to try it for yourself to see what all the fuss is about.",1350518400,0,0
B0002PSOJW,5,A different hot sauce then you normally would expect,"I found the Sriracha Hot Sauce a couple years ago and haven't looked back. As other have stated this sauce is one of the most versatile sauces I have come across.<br /><br />I use it in Ramen Noodles, sandwiches, pizza, and all the other things which hot sauces can be added to. I absolutely love this stuff and it is a staple for me at any meal I can use it. I keep a bottle in my car, at my work and my house.<br /><br />I can go through a bottle 17oz of this about every two weeks if not sooner. I probably have about 31 different hot sauces or so available to me, and this is my sauce for a quick fix.<br /><br />If you haven't tried this yet and you like hot sauces do yourself a favor and add something new and totally different then you have had before to your hot sauce portfolio.",1347667200,0,0
B0002PSOJW,5,Awesome Hot Sauce!,"This is the Tabasco of Oriental hot sauces.  I use it in all my Chinese dishes.  Every kitchen should have this stuff in it.  I even use a little in my Ramen Noodles.  It is also good with chicken/tuna salad, just mix a little in the chicken/tuna mix to give it a little kick.",1284595200,0,0
B0002PSOJW,2,Realy hot sauce,"I put this on everything I eat, I use a 17 oz bottle about every 2 months, it is amazing on Ramen, Pizza, Burritos, chips, it has amazing flavor and just the right amount of burn.",1326931200,3,12
B000AYFAKG,5,Delicious and quick to make,"The only problem with Tender Rounds is that I tend to eat them right out of the can while I am cooking! They are delicious and so easy and quick. I put them in spaghetti sauce, I serve them as sandwiches on toasted rolls, I serve them over noodles in a brown gravy... the list goes on and on. Add them to soups, to Rice A Roni dishes, too, and get a nice protein boost to your meal. A wonderful inexpensive meal in our house consists of dried Chinese noodles (NOT fried Ramen noodles, but unfried noodles that we get at a local Chinese supermarket) cooked with a can of Tender Rounds, including their gravy. A little seasoning, a little hot chili sauce.... mmmm. Tastes great, costs little and opens up congested sinuses to boot!",1226016000,2,2
B0070SGNS8,5,Rooster Sauce...,"As you can probably tell from the other reviews, this stuff is the new ketchup. It's popping up in restaurants and other venues, and for good reason: its tastes amazing! I can take really hot stuff, but this sauce isn't about killing your taste buds (or killing you). Instead, it lets you actually experience the flavor of the chilis front and center, while also complementing it with a strong garlic taste. I love to put this on hot dogs and hamburgers, as well as ramen noodles. Of course, feel free to experiment, I still experiment putting this on anything and everything if I think it might taste good.<br /><br />Believe it or not this sauce is made in America, despite its non-American-looking bottle. Its also as a pretty simple ingredient list that doesn't make you cringe when you look at it. I would recommend buying this (the 28oz bottle) as it is a much better deal than buying the smaller (17oz) one.",1313452800,0,0
B000FFLTDM,4,Great to keep at work,"I keep these soup cups in my desk at work.  They're really easy to make with the hot water from the water cooler.  Be careful because the cup becomes too hot to hold sometimes.<br /><br />This is my favorite flavor from this brand line, though it smells funny to coworkers who aren't used to miso!  I think it tastes great and makes a good snack or goes great with a sandwich or salad to be a lunch.  The noodles are a great addition--regular miso soup is just too watery to be filling.<br /><br />The seasoning comes in a packet so you can use less and get just as flavorful a meal but have less salt in your diet.<br /><br />Note the nutrition info link at Amazon is based on half the package.  I can't imagine anyone saving the rest for later, and 180 calories for the whole thing isn't exactly too much food!  The cups I have purchased locally list it as one 180-cal serving so perhaps packaging has changed.  Meanwhile I've had some cups seep a bit while eating them so it's not a container that's going to hold your soup longer than your mealtime.  Put a napkin under the cup just in case.<br /><br />I give it five stars for flavor and convenience but only four total because of the details/execution (leaks, hot cup, half portion nutrition labeling).  It also seems a little pricey at two+ bucks each in my local grocery, but it's much better than traditional Ramen.",1238630400,26,26
B000FFLTDM,5,Organic Ramen Noodles. YEA!,I have missed having Ramen noodles since becoming Vegan because the ones available at my grocery store are so bad for you.  Thank you Dr. McDougall for making this Organic Miso Ramen Soup available on Amazon.  It is so delicious and good for you too!  Who could ask for anything more?,1330905600,0,0
B000FFLTDM,5,Excellent,"I've been a McDougall customer since 2004, and I've tried almost all of the food cups.  They are excellent for those who want a vegan, mostly-organic alternative, and of course one pays extra for the convenience and vegan/organic ingredients.<br /><br />The Miso-Ramen soup is good.  When one opens the cup and removes the flavor packet, there's a hockey-puck-shaped packet of noodles.  That's the way it's supposed to look; letting them seep in hot water as per directions will expand them normally.  One gets a full cup of noodles as a result.  The taste is good and somewhat true to Miso.  The food is best eaten as is; this isn't a cup that works well poured over pasta, rice, or a baked potato.",1327881600,0,0
B000FFLTDM,2,"Bland, weird ramen","I've tried several of Dr. McDougall's products and typically find them tasty. This miso noodle soup however, is pretty nasty. The noodles are ramen, but not GOOD ramen. They are thin, flat, and have a strange aftertaste and texture. The flavor of the soup itself isn't miso, but a bland approximation of it. It tastes more like a watered down salty broth. There isn't much wakame, and a few more tiny chucks of tasteless tofu. This has been sitting in my cupboard for months and will continue to sit there until I run out of absolutely everything else. I'd give it away, but I don't want the recipient to be mad at me when they taste this stuff.",1318896000,0,0
B000FFLTDM,2,Not Really...,"If you add about a 1/2 teaspoon of miso paste to each cup you'll have something resembling miso soup - but if you have to do that, why bother getting these ramen pks?",1303430400,0,0
B000FFLTDM,5,Love it!,"McDougall's soups rock! The Miso Ramen is my favorite, but every flavor I've tried is really good. Close second: Black Bean with Lime.<br /><br />These soups won't replace my homemade of course, but for the office, on the road, or as a snack they really do hit the spot.",1267920000,0,0
B000FFLTDM,5,Cup of soup for grown ups!,This is a more sophisticated version of ramen cup o soup with much less sodium. This is an ideal quick snack. Its also pretty filling for being less than 200 calories.<br /><br />I agree with other reviewers who say that the noodles are missing something. I chalk it up to the noodles being boiled instead of fried like other noodles of this type. However the noodles are still edible/ enjoyable.,1258588800,0,0
B000FFLTDM,4,"Pleasant mild broth, nice ingredients,  but the noodles lack something","I used to have miso soup all the time, until I developed a seafood allergy (of serious dimensions, as in trips to the ER). Since being diagnosed (twice, yeah, two trips to the ER for separate dining out incidents), I was told strictly to avoid fish/shellfish. So, no more restaurant miso soup for me, as it generally  made with fish stock.<br /><br />This is how I get my miso soup fix. The broth is lovely (if not exactly the flavor of authentic restaurant Japanese miso soup), that mild, gentle flavor, the strips of seaweed also mild. This soup has tiny bits of soy protein (nice addition) and has some mushroom (which is why the broth is so nice, I think) and, of course, green onions.<br /><br />However, one star off for the noodles. I found the serving of noodles generous in ratio to broth, but I didn't find the texture or flavor satisfying.  Usual store-bought ramen, I guess, has a lot more fat than this very low-fat soup, and fat affects texture/flavor. So, if you're used to the cheap supermarket ramen--which, I'll admit, I do like-- this will not be the same.<br /><br />But I'd buy it again for the broth, and leave out the noodles or break the serving down to a smaller portion.<br /><br />For those of you used to vegan/low-fat ramen, this should not be a problem. I just am spoiled with fattier ramen soups.<br /><br />Lots of plusses, though--organic noodles, simple ingredients, lowfat, easy to fix (I pour in boiling water and in a couple of minutes, done), microwaveable (for the brown-bagging contingent).<br /><br />Another useful product from Dr. McD that won't break your caloric bank at 180 cals per container and which offers only 1 gram of fat. Other nutritional facts per container: 680 grams of sodium, 2 grams of fiber, 36 grams of carbs, 8 grams of protein.<br /><br />I hope Dr. McD makes a vegan miso without noodles in the future, simply adding more tofu, green onions, and dehydrated mushrooms to punch it up. I'd prolly give that one 5 stars. :)",1251331200,1,2
B000FFLTD2,2,I did not enjoy this soup.,"I like McDougall's products. A lot. My favorites include: Black Bean and Lime Soup and the variety of oatmeals. The Pad Thai soup is not good. Both, the flavor and texture are disappointing. Even if you leave your knowledge of real Pad Thai behind, this soup just doesn't cut it... especially for the price. (The same goes for their ramens... yuck!)",1296086400,2,2
B000FFLTD2,5,Great for instant!,"I bought this, Miso Ramen, and the Hot and Sour soups from this brand, and this was my favorite of the three. Tastes great for vegan (my first time trying vegan instant food) and has a great seasoning blend. Of all the flavors by this brand, I recommend trying this one first if you're just stepping into vegan territory.",1265932800,2,2
B000FFLTD2,1,photoshop at its finest,"I bought these thinking they would at least be somewhat like the picture and the noodles would be thick (like pad thai noodles...). instead what I got was an over-spiced (not spicy, just an attempt to mask the terrible product by throwing in too many spices), flat noodle soup that not only tasted terrible but was not filling in the least. You'll get better flavor and a more filling meal with the cheapest imitation ramen noodle product.",1328572800,1,1
B000FFLTD2,2,Not quite as bad as the ramen noodles,"Second strike for Dr. McDougall's.  Love the pilaf and tortilla soup, hate the ramen and pad thai.  So mushy, salty and disgusting with a weird chemical taste.  I'm so glad that my Publix carries the nearly complete line of Dr. McDougall's products.  I would kick my own butt for buying this product in bulk.",1313712000,1,1
B000FFLTD2,3,"Liked it, but McDougall makes tastier soups","I ate this soup and would definitely finish all 6 cups, but not order again.  I think the soup has a weird gritty texture, and the noodles are flat and 'slimy', not like the regular firm italian and ramen noodles.  And where is fiber?  To me, that's a misstep in a vegan, supposedly healthy meal.  Taste is very tomato-like and spicy.  And it's definitely nothing like Pad Thai, which I love.<br /><br />My favorite soups:<br /><a href=""http://www.amazon.com/gp/product/B000FFPXF2"">Dr. McDougall's Right Foods Vegan Split Pea Soup with Barley, 2.5-Ounce Cups (Pack of 6)</a>, <a href=""http://www.amazon.com/gp/product/B0017U7TFG"">Dr. McDougall's Right Foods Vegan White Bean & Pasta Soup, Light Sodium, 1.8-Ounce Cups (Pack of 6)</a> & <a href=""http://www.amazon.com/gp/product/B0017U08PO"">Dr. McDougall's Right Foods Vegan Tomato Basil Pasta Soup, Lower Sodium, 1.3-Ounce Cups (Pack of 6)</a>.",1346198400,0,0
B000FFLTD2,4,quite good,"these are very tasty and so quick and easy to prepare. my only gripe with these is that the paper cup has the tendency to leak out of the bottom. if they used a foam cup like the ramen noodle cups, there wouldn't be this problem, and it would be easier to handle too, since the paper cup gets quite hot whereas the styrofoam does not. regardless of these annoyances, i still higly recommend this product. one could easily put this in their own bowl to avoid the leaking and heat issues.",1162684800,2,4
B000FFIEL2,5,Good Veggie Soup!,"finding vegetarian ""ramen-style"" easy-soups ain't easy, so I was happy to find these.  The price is about the same as my local Co-op (which I found them at later) so I probably won't by them on amazon again.<br /><br />Good enough to keep by my desk when I forget my lunch.  Easy to make with boiling water.  I like this flavor best.  Loaded with protein!<br /><br />some people complained that this one was very ""mud like"", but they just didn't stir their boiling water right.  Since the one is a thick soup, just make sure to stir it a few times while making it to ensure you mix it properly.  I've screwed it up once or twice and its kinda gross, but still can be choked down.  If you stirr it well several times, its very yummy!",1340755200,1,1
B000FFIEL2,5,"Incredible soup, like bisque",I love this soup a lot. It is a good portion. Healthy ingredients. Thick and full of flavor. It is just unbelievable that this is hot-water food! I have tried other McDougall's soups and this is by FAR the best (the ramen and noodle type soups are atrocious compared to their Black Bean Soup and their GREAT oatmeals). Highly recommended. Great dorm food for the college kids too.,1296086400,1,1
B000FFIEL2,5,Where Was This When I Was Living In A Dorm!,"Holy cow, that's hella-good!  The spices are just right!  It taste like Panera's low-fat vegetarian black bean soup! It is also so filling!  I make it with boiled water and I love how I can just throw a couple in my bag and no matter where I am I have a healthy meal! Just add fruit and veggies!  Vegans, students, campers, busy folks, lazy cooks, throw away your ramen! This stuff ROCKS!",1332460800,0,0
B000FFIEL2,5,Very good! (follow directions),"First, for this to be a good meal you should follow the directions. Stir well and let it sit after nuking the bowl.<br /><br />Second, this tastes great! Especially supplemented with some tortilla chips.<br /><br />So far I've had the McDougall's chicken ramen and the black bean soup. Black bean soup is better.",1318982400,0,0
B000FFIEL2,4,Tasty And Nutritious,"This is a tasty meal and you get alot of food. Some people would consider it expensive,  but I disagree.  You are basically paying $2-$3 (depending on which store you go to) for a good meal. That's excellent. Some people may want to compare it to the price for something like Ramen noodles which only cost $ 0.70 a cup, but I say ""where's the comparison?""  This is real, nutritious food!  Ramen noodles is just flour, fat and salt modified to look like food.  No comparison.  The fiber content is outrageous too! Half your days' fiber in a cup! That's the main reason I bought it.  I pair this product with a bottled water, yogurt and fruit and I have a filling meal on the go.  My suggestion is to use about a quarter to half of the flavor packet because that's where I figure most of the salt content is.  I did this and the soup still tasted great.",1283040000,0,0
B000VSFNJE,5,Goodness!,"Got it for my boyfriend! He loves Indomie and I couldn't find it anywhere in stores where i live.. I was so glad Amazon had it! Its just like Ramen, but more spicy and still unhealthy in large in take amounts, but its what he wanted so I would do anything to see he's happy. Shipping is a little bit pricey, but like I said I'll do anything to make him happy =]",1347840000,0,1
B0001T2L5M,5,Passion fruit puree.,"I was making a wedding cake and the bride wanted passion fruit mousse between the layers.I said no problem. Then I tried to locate passion fruit puree in my area(Sacramento).Couldn't find it. Thank goodness for The Perfect Puree of Napa Valley. The passion fruit puree came frozen, thawed beautifuly,and tasted fantastic.What a great product!",1126569600,14,14
B005DVUU3I,1,This was really bad.,"I bought a bowl of this last week because the packaging interested me and the flavors were very appealing. I wish I would have stuck to the regular chunky soups.<br /><br />My first problem was that the bowl the soup came in wasnt microwaveable. This was an immediate turnoff as I am a college student and our dorms have microwaves in them but no sinks... We have to go into the communal kitchen to clean our dishes, it's a hassle. If I would have noticed that the bowl wasnt microwaveable in the beggining I wouldn't have bought it.<br /><br />For this I kind of expected the flavor of the regular chunky beef stew, but better... but flavorwise this soup is just really disappointing, the smell of the soup when you open the can isn't very appealing. The broth is very bitter and doesn't really taste of beef very much. The potatoes are a little on the hard side... as if slightly undercooked. The mushrooms were few and far between and didn't really taste like anything so it was kind of like eating rubber. I had my hopes up for the beef because I usually eat that if I don't like anything else, but it was very dry and had a strange flavor to it. Overall a very unpleasant, overpriced bowl of soup. I would have preferred a ramen noodle cup over this any day.",1338508800,1,1
B0028PDEYO,5,"Full of veggies, low-calorie, delicious, easy to prepare","I have been searching for the perfect instant noodle to eat as an easy, low-calorie meal at work, and I think I may have found it!  First of all, I love harusame (bean-thread/glass/crystal) noodles.  In my opinion they are tastier than standard ramen noodles, plus they are SO much healthier!  Now, my personal tastes aside, I am very impressed with this brand of instant noodles because the package of dehydrated ingredients is so large and FULL of good things.  In this ""Vegetable and Eggs"" bowl, after you put the water in, the top of the bowl is literally covered by baby bok choy and eggs.  I really feel like I'm getting a full serving of vegetables when I'm eating this.  And the baby bok choy is bright green and delicious even though it has been dehydrated.  IMPRESSIVE!!!  Some other reviewers have complained about these instant noodles being expensive, but when you think about what you get, this bowl of noodles is totally worth its price.",1299888000,0,0
B000FFPXDO,5,i love love love love this curry,"I have purchased many of Dr. McDougalls microwavable ramen type cups. This has jumped up to my favorite. The texture of this pilaf is lovely. The raisins and nuts add such a wonderful feel with the rice. I add some extra curry to mine but I do not think there is anything wrong with the way it comes. You can not go wrong with only 3 grams of fat for the entired thing. I usually bring some extra veggies or two pieces of fruit with me to make this a more complete meal but you could cook this then put it in a real bowel with tofu(im a vegan) or meat if you choose, bring a salad or it might be enough for you all by itself. I just love the flavor of this. It can get a little messy if you do not watch it in the microwave because all microwaves are not made the same so times will be off. I will be getting this again for sure. I would recommend this to anyone.",1283558400,3,3
B000FFPXDO,4,Surprisingly tasty,"I'm not vegan but I thought I'd try this because it's all-natural, I love curry and I love ramen-style products for snacks. The fruit in it actually goes quite well with the rest of the ingredients, but the rice does tend to need a bit longer than the recommended 8 mins, otherwise it's chewy. Also - make sure you stir well or the you'll get a big ol' glob of salty seasoning. I do agree with another review that the salt could be toned down a bit.",1292025600,0,0
B0083MXY3W,4,"GLUTEN FREE!  So good, I had to review it!","BOTTOM LINE:<br />GLUTEN FREE!  This stuff was sooo good, I really wish I had another bowl right now. The Quantity:Price ratio takes the product down one star.<br /><br />FLAVOR:<br />I thought the flavor was excellent, in that I could really taste the garlic, pepper, and onions.  The broth was a little salty at first, but I added a bit more water to get it to where I wanted.  I also thought it could use a little spiciness, but I feel that way about everything (I left out their oil packet and added a squirt of my own Hot Chili Sesame Oil - <a href=""http://www.amazon.com/gp/product/B0005ZXXWM"">House of Tsang Hot Chili Sesame Oil</a> and it was perfect).  It was really nice in that it had more than just your standard chicken/ msg broth flavor - it had real subtle flavor notes.<br /><br />NOODLES:<br />GLUTEN FREE!  I thought I would note that I really like the noodles in this - they are not your standard Ramen noodle, but are a form of rice noodle, similar to Vietnamese Pho.  These take a little longer to cook, but are definitely a great match for the broth.  I bought them because they are gluten free, but they make a great soup noodle in their own right.<br /><br />QUANTITY vs. PRICE:<br />I wish there was more in the bowl than what was provided.  This is what takes the product from 5 stars down to 4.  For the price, I wish there was more food - or for the amount of food, I wish it was cheaper.  To be fair, I bought this at my supermarket, and not on here, but the price is similar.",1342396800,0,0
B002FDW6H0,5,If you can read this...,"If the people who reviewed it gave it 1 star, its likely because they didn't READ THE BACK OF THE PACKAGE ON HOW TO PREPARE THEM... likely dumped them in a bowl, liquid and all, nuked them, and dug in. The back of the package is written in English for a purpose. Yes, the liquid they are packaged in has a strange/bad odor. Just rinse the noodles, i prefer to parboil them 3 minutes vs. microwave. Just my preference, after that, no stink.<br />As for the product itself, its been featured on the Dr. Oz show, sampled by an audience member, who made no foul face when eating them, Likely because they were PREPARED AS DIRECTED.<br />I buy them myself for a guilt free diet food, and enjoy them as a main course, or side dish. They are a good source of protein, low carb, and go great with pasta sauce, or a little seasoning.<br />The only thing more i would want out of this product would be to be priced at 25 cents a package like their Ramen noodle counterparts. =0)",1294790400,22,22
B000ODH4BG,5,Great survivalist stock item!,"After looking for the classic ramen flavor packets on the web along with a million other folks and finding nothing, I got the bright idea to try these Lipton soups for flavoring rice.  I am here to say they are the absolute best rice flavorings there are, bar none, and that includes the $9 small bottles of flavoring all the way from Japan.  They beat the heck out of ramen flavor packets!  I usually cook approx 1/2 a cup of dry rice at a time for a quickie lunch or a dinner side, that makes two eight ounce servings, and one packet of Lipton Cup-A-Soup is perfect to flavor that amount of rice.  You can literally have a different flavor each day of the week.  If you're up to it, put a tablespoon of olive oil in a skillet and pan brown the noodles before adding to the flavored rice.  Try them all!  I have yet to find one that isn't terrific!",1325116800,1,1
B000ODH4BG,5,"Luscious Soup, Little Guilt","Purchased this one about 2 months ago, and cannot stop raving about it.  Great taste, I use one packet to an 8oz styrofoam cup with a plastic lid, works great.  A quick pick me up in the office, right around when the air conditioning kicks in on high and your nose starts to freeze off - perfect!<br /><br />I just ordered another flavor, spring veggies, to give it a try.  And with 60 calories for the chicken and 45 calories for the veggies, you can't go wrong.<br /><br />About nutritional facts - compare this soup to ramen noodle cups - some with 300 calories and more than 10 grams of fat - this is a great alternative.",1280880000,1,1
B000ODH4BG,1,My worst experience with soup ever!,"Okay, going through the reviews, I anticipated that the soup will be pretty good- at least somewhat decent- despite being ""instant,"" because I've had some good instant soups before.<br />Well, after trying one packet, I was so disappointed! :( I should have NEVER ordered this!! What a waste of money... It tastes like Maruchan ramen noodle soup, but much worse, and it's so salty as well! I had to add like two cups of water, not 3/4 cup as told in the directions. I should have ordered instant Nong Shim noodles instead. The rest of the soup boxes will be donated to somewhere...",1349136000,0,0
B0006LYML6,5,The best of the best instant noodle in the world!,"When I was a kid (growing up in Indonesia), my mom always cooked Indomie for my breakfast.  It was because I loved it and easy to make for my mom :-)<br />Until now, I still eat Indomie for breakfast or even dinner occasionally when I was too lazy to even go out to eat.<br />You won't be disappointed, it is so easy to make and the taste is deliciouuuuuuus!<br />I could have it everyday, but I know I need more nutritious food.  Great instant noodle are hard to find.  Top Ramen sucks!<br />Goreng = Fried or Stir Fry<br />Pedas = Spicy or Hot<br />Mie = Noodle or LoMein :-)",1187568000,4,4
B0006LYML6,5,Best Ramen Ever,"Although, I understand that the Goreng part of the name means noodles without broth, I'll never stop calling this ramen (meaning noodles with broth). The Indomie products that I've tried (original, satay, and pedas) are all delicious. Make no mistake, not all oriental noodles do it for me. When our local Asian market ran out of Indomie, the owner told me to get a different brand that he promised I'd like better. I ended up throwing it out, because the taste was just awful. Indomie (original) however, has a mellow taste, with enough spice to keep you interested.  This Pedas variety in particular increases the heat for the spice-addicted of us, without killing the flavor of classic Indomie noodles. My suggestion? Try it and see if you're not addicted after the first bowl.",1137974400,2,2
B001VU5J6I,5,Very Good and hot! A lot more flavor subtlety that expected...,"This is now one of my favorite ramens ever.  If you're looking to graduate from the stuff you find in the regular American supermarket and your tastebuds are adventurous, you could do a lot worse than this.  It tastes citrus-y, peppery with other notes underneath that round out the flavor so it's not just too 'bright' as some citrus-y foods are or too hot as some peppery foods can be.  It is definitely quite hot, however, so if you're not into hot food, think 3 times before trying this.  That said, you should know that it comes with three separate packets and you don't have to add all of them to the mix.  The main flavor packet is a must, but the pepper packet and the paste could be left out and you'd still have a meal, though not quite as delicious in my opinion.<br /><br />Tastes really good with added dried shitake mushrooms, dried shrimp and dried seaweed, all of which add bulk and absorb the flavors nicely.  This is a creamy ramen -- if you haven't had one of those before, this is definitely the one to start with... again, assuming you like things hot.",1301702400,1,1
B001VU5J6I,5,Almost as good as the real thing!!,"This is my new favourite instant noodle! The Tom Yum soup base is almost as good as the real thing. At 76 cents a packet and under 3 mins of cooking time (you don't even need a pot, just pour boiling water and cover for 3 minutes) this is definitely my go to meal now when I'm short on time.",1320710400,0,0
B002C1WDL4,5,Please understand what it means to go grain free.....,"This product is a good product and really good health wise for your cats. If you are looking at this product you are probably interested in feeding your cats something better. I just wanted to address some of the negative reviews of this food - many of them by people who don't understand that all cat food is not the same. I took the time to switch my 8 year old street rescue Louie to grain-free food (tried many brands before I arrived at BFF), and here are some of my observations.<br /><br />Cost<br />All grain free foods costs more for the same reason that grass-fed antibiotic free, free range chicken costs more per lb than a chicken nugget. It's better for your cat! Anyone who has a cat that's on a farm - ever see it eating some of the corn or wheat that spills off of the truck? Never! That is because cats don't eat grains. In cheap cat foods these grains are used as fillers to round out the portions and are not of any nutritional value to the cat. When I went grain free my cat ate much, much less - thereby negating the price difference. I even tested it a couple of times - my 13 lb cat can eat 2 - 3 ounce cans of Fancy Feast in one sitting - but cannot eat a 3.3 ounce can of BFF in one sitting.<br /><br />Another point on cost. If you are the type to take your cat to the vet and take care of it when it is sick, then you save so much money and trouble with foods like this it is crazy. When you hear people talk about diabetic cats, food allergies and all the other assorted sicknesses our animals are getting - most of them come from food. Diabetic cats - did they continuously raid the cookie jar? All the money you think you will save (but are not actually saving) will go to the health care of your pet in later years. Its the same way McDonalds and Denny's don't have to absorb the cost of all the diabetics they helped create - the taxpayers pay for it through Medicare and higher insurance costs 30 or so years down the line (and sooner with all the young diabetics we are creating).<br /><br />Smell<br />Most grain free cat foods smell. EVO stank up the house horribly and I had to move the cat bowl from the kitchen. Minus all the fillers and grains - you are getting an all natural product that is better for your cat because nutrition of the cat is put first.<br /><br />Taste<br />Cat's are notoriously finicky. Most cat foods that have grains and other filler ingredients have to add heavy syrupy mixes to get the cats to eat them. They take corn, wheat, soy, barley and gods know what else, add some vitamins and then add a extremely strong tasty syrupy mix to get the cat to swallow it all. So cats fed this for a period of time get used to it the same way babies get used to sugars in their formula. Then, when you want to give the baby vegetables with no sugar added guess what? Baby rejects them - they want the sugar! Same happens with cats fed with cheap filler foods.<br /><br />Poop<br />When switching to grain free a cats habits and consistency may change. Their digestive system is learning how to digest what it was actually made for. Same thing happens to humans - look up the ""Whole 30"" and see what I mean.<br /><br />Switching to Grain Free<br />Its a process more involved than opening the can and plopping it down. Took me months. Google can help you do it but don't expect to just give this to your cat and have her dive right in thanking you for it. That may happen, but more likely than not you have to mix old and new foods until they are used to it.<br /><br />BFF, EVO, Taste of the Wild.... they are all good brands that will improve the health of your cat. I settled on BFF as my wet food because he loves it. I used to give him EVO wet food and he would eat it but he hated it. I still feed him EVO dry food because he likes it. I tried many brands and did not give up on grain-free food because I cared about my cat. I understood as a street cat for years he was used to eating whatever he could and it all was the cheapest, unhealthiest stuff available given to him by well meaning people. He has improved in every way (coat, activity level, temperament, litter habits, etc..) and now is a healthy and happy cat.",1340150400,5,5
B003OB0JHG,5,Two of my favorite foods combined.,"I wasn't sure how I would like these. They have ramen noodles & cheese, 2 of my favorite foods ever. I had some last week for the first time & I really like them. Easy to make & eat. So now I've got to get some of them.",1344729600,0,0
B000BF54O6,5,Excellent vegetarian burger,"Don't think of this as tasting like hamburger.  Just think of it as tasting good.  We love this product - and this is really a very good price considering that it ships for free.  One can is approximately the same quantity as 1 lb. of ground beef.<br /><br />Some examples of what we do with this product:<br /><br />hash:<br /><br />saute small cubes of potato & chopped onions, add burger, break up lumps, & brown all together; add a couple of shakes of (optional) Angostura Worcestershire sauce [no anchovies in that brand], & serve with eggs for breakfast or veggies for dinner; even buttermilk ranch dressing is good on this.<br /><br />stir fry:<br /><br />brown burger & set aside, stir-fry onions, celery, carrots, broccoli, cauliflower, snow peas, bean sprouts, mushrooms, radish slices, and/or water chestnuts (or whatever combination of veggies you like) as you would for any stir fry; add burger to reheat & serve with Ramen noodles or other pasta, on bread, or just as is, with soy sauce or Angustura Worcestershire sauce.  Buttermilk ranch dressing is good here, too.<br /><br />burgers:<br /><br />to each can of burger, add 1 finely chopped onion, 1 rib of finely chopped celery, 1/4 C. chopped green pepper (optional), 2 eggs, 1/2 C. cracker crumbs, 1/2 C. oatmeal; form into patties & brown over moderate heat [onions & celery must be done & raw eggs thoroughly cooked]; when crispy on both sides & done inside (about 7 min. per side), serve on buns, rolls, bread, or plate with mayo, ketchup, onions, pickles, tomato, sprouts, or other burger fixin's.<br /><br />casseroles:<br /><br />1 can burger browned with onions & celery, 1 tsp. sage, 1 can mushroom soup, 1/2 soup can milk, 6-8 oz. noodles (cooked),  16 oz. shredded cheddar cheese, 8 oz. Jack cheese; reserve half of the cheddar, mix all other ingredients together & put in greased casserole, top with remaining cheddar, bake covered at 350 F. for 1 hour, remove cover & bake 15 minutes more<br /><br />quick burger:<br /><br />open both ends of the can, push contents out a bit, slice carefully, & brown in skillet until very crispy on both sides (turn carefully) for a quick sandwich filling.  You can sprinkle on a bit of onion and/or garlic powder or other seasoning before turning the slices.<br /><br />Bon appetite!",1211241600,33,34
B005GRAJ26,2,Ugh.,"I'm not vegan or vegetarian, but I don't have an issue eating vegan friendly foods. I picked up the Dr. McDougall's Miso Ramen because it's somewhat low in sodium. I don't know if it's the lack of sodium, or just the product in general, but this really isn't very tasty. Eatable, yes, but I'm not going to order/eat more.",1325721600,1,2
B003QNLV3I,5,YUMMY!!,"I have never been a big coffee shop kind of girl - I was never all that impressed with Starbucks or any of the others until I was in Vegas on a business trip and happened to get a mocha cappaccino at the Coffee Bean and Tea Leaf that was located in the hotel. FANTASTIC!! Made Starbucks taste like the coffee machines you get coffee from in the hospital. I got home and looked for a CBTL locally in Sacramento but the nearest shop was in San Francisco! :( Found this product on line, as well as their cappaccino beans. Suprisingly it tasted just as good as what I got in the shop (after adding the Ghiradelli carmel sauce it was even better!). Highly recommended!!",1314230400,0,1
B001II480G,1,Zero Stars,"I bought this product so that I could make a split pea soup with bacon flavoring, but without the meat.  I was wrong to think that a bunch seasoning could imitate the flavor of bacon.  It tastes like ramen seasoning or really salty bacon bits.  The only flavor that was even edible was the Bacon Salt Natural.  Don't waste your money on this product.",1265068800,6,14
B00068K7UE,2,Kitty couldn't care less,"My cat isn't too picky with treats, but she won't eat these. The metal container is cute and the treats are brown and smell like top ramen :) She played with one across the kitchen floor, but never once ate a piece.",1295395200,0,0
B000LQORES,4,Greta tasting. Lots of noodles.,"Lots of noodles here.  I like the Nongshim brand, it is not like those instant noodles that are mostly packed with air.  Once cooked, you will find the noodles brimming to the top.<br /><br />I just open the lid halfway, pour three-quarters of the seasoning packet, pour some boiling water and then let it stand for 5 minutes.  The next time I open it, I give it a little stir and I stare on it  for another good 5 minutes.<br /><br />Try to include some real pieces of chicken or pork meat, some Thai brocolli, and some hard boiled eggs.  That's the meal.",1278547200,2,2
B000LQORES,5,A yummy quick lunch,"Nong Shim noodle bowls are a definite step up in quality from the typical cup noodles.  They are simple to prepare: just add boiling water and let sit for about 3 minutes (I prefer my noodles a bit softer and let them sit at least 5 minutes).  The bowls provide a generous amount of noodles to make a filling lunch.  The Spicy Chicken variety is my favorite so far (better than the Beef & Ginger).  The broth is fairly spicy but not too much for the average palate.  Along with the noodles, there are pieces of dehydrated vegetables as well as chicken pieces.  The chicken pieces taste ok but are spongy and look kind of disgusting; I have thought about picking them out before adding the water but haven't bothered.  As other reviewers have noted, the bowls are high in sodium; however, you can use less of the seasoning packet if that is a concern.  For the price, these noodle bowls are a real winner, and they have become a frequent work-time lunch for me.<br /><br />I should note that when I ordered then from here, the case was slightly crushed and about 1/3 of the bowls were somewhat smashed.  Fortunately, the bowls were not broken and did not leak; however, because they were uneven in depth, not all the noodles were submerged in water, so they cooked unevenly.  I'm sure Amazon would have allowed me to return the bowls, but it seemed like too much hassle.",1302825600,1,1
B000LQORES,4,A Spicy Meal Alternative... But Pricy...,"I actually purchased a pack of NongShim Spicy Chicken bowls (pk of 12) from a local warehouse in my area. Ever since college I've been a fan of these ""cup of noodles"" style meals during late Autumn and Winter. Makes for quick alternative meal that warms you up. How does Nongshim's spicy chicken version stand up against other brands I've had?<br /><br />Pretty good actually! Each bowl contains a fairly large amount of noodles, compared to the cup variety. The noodles are your typical standard dried Ramen noodle. I am not a big fan of microwaving these products so I make mine by boiling water. Just put some water up to boil, open the package and add the ""flavor pouch"" or Soup Base, add boiling water to the fill line and wait 3 minutes. Instant hot soup with noodles. While the noodles are standard , the broth is really good. It has a lot of flavor to it and a good spicy kick to it. Put the two of them together and you get a very satisfying meal that will fill you up, and wake you up.<br /><br />Despite having a good spicy broth and making for a filling meal... This product does have some CONS I am wary of. For one the product contains almost 1800mg of sodium for a single bowl. This is insane! Most of these cup/bowl of noodles are overloaded with sodium to begin with, but it still needs to be pointed out. The fat content is a bit high also, at 14g for an entire bowl. Another problem I have is that most of the products I've tried usually come in a sturdy container for your product. Nongshim's Spicy Chicken Bowls come in a flimsy plastic bowl. It works fine but once prepared I would definitely suggest carrying with two hands, as it has a very cheap feel to the bowl. The price per bowl is also a bit expensive. At the warehouse I purchased this, I paid $9 for 12 bowls. I could of paid $6.50 for 24 cup of noodle varieties. Compared to the cup variety, you are paying a premium for these; And while the bowl produced better quality broth, I don't see it being worth the price increase. (12 bowls = 24 servings.. $9 for 24 servings. the cups were $6.50 for 24 servings.. so basically $2.50 more for bowls vs cups)<br /><br />OVERALL I would give this product 4 stars. Despite having a flimsy bowl, and incredibly high amount of sodium the product makes up for it in the overall quality of its taste and sheer volume of noodles. You get a big meal here that will both fill you, and warm you up. It has a really nice spicy kick to the broth that lingers without becoming annoying(see NOTE). I've always enjoyed spicy foods so having a few of these laying around the house helps if I just want a quick meal. I would not recommend eating these everyday, in fact maybe I tend to aim for one a week. Products like this are not exactly the healthiest alternative meal for you, but if you need a quick emergency meal these are a good alternative.<br /><br />NOTE: The product contains chicken but I really wouldn't call it chicken. You might find a few tiny little bits of re-hydrated chicken<br />NOTE: I do not use the entire flavor/soup base packet. The amount of sodium it contains is ridiculous! I use no more than 3/4 of the packet. I tried using the entire packet once and it made the broth start to taste far too salty, as well as making the spice in the broth overpower rather than compliment. Don't be afraid to use less of the packet...",1315872000,0,0
B002GULA38,5,Vegan Organic Choice,"Vegan. Organic. Fat Free. Semi-mashed style refried beans, contains some bean pieces and chunks. Great for burritos, for making black bean soup, as a bean base for other hearty soups or chilis, and for dips. Make a quick and easy organic chunky black bean veggie dip by adding one can of these organic refried black beans, one can of drained organic sweet corn kernals, and a half a can (or to taste) of your favorite organic salsa. Serve with blue, yellow, or white organic corn tortilla chips (or even all three!) Labeled 'vegan' right on the can. 385 calories, 24g protein, 0g fat per can. Made with water, organic black beans, and sea salt. Great value, especially for quality organic beans. Highly recommended. I have been very pleased with all the Natural Value products and continue to try more of their varieties, as I can. It is so great that these high quality organic products are available nationwide [thanks Amazon!] at affordable prices. Really a bonus when combined with an Amazon Prime two-day shipping subscription, especially to small towns and rural areas that may lack good alternatives. Every person no matter where they live or how wealthy they are should have access to affordable, 'clean,' & nutritious food. Natural Value is a 'family business' based in Sacramento, CA. No big hype, just great products and prices. Also really like <a href=""http://www.amazon.com/gp/product/B000LKXH5E"">Natural Value Organic Beans, Pinto, 15-Ounce Cans (Pack of 12)</a> and <a href=""http://www.amazon.com/gp/product/B001HTMSZI"">Natural Value Organic Beans Red Kidney, 15 Ounce Cans (Pack of 12)</a>. When we buy vegan products (especially products labeled vegan) from any company, we help the vegan part of their business grow. Few grocery stores (and not Amazon Grocery either) sells exclusively vegan products. Buying from companies that label products 'vegan' or have a vegan 'department' will help these compassionate places grow for everyone for whom this makes a difference and for all living beings. When one's heart is focused on helping goodness everywhere, it becomes filled with beauty. Happiness arises from supporting what one finds to be good. This review is out there for those for whom this makes a difference. See all of my reviews and the vegancompassion Profile for more great choices. Check out ""Vegan Grocery Favorites"" and ""Vegan Grocery Top Ten"" & all the other helpful ""Vegan Grocery"" Listmania. Your input counts and will be greatly appreciated to benefit the search of others. Thank you.",1265500800,3,3
B002PALD4K,5,Sooo good,"This stuff is so difficult to find but if you're low on funds, I strongly suggest you get a bottle of this and some ramen noodles...boil the noodles without the seasoning. when they're done cooking drain all of the water and add just enough of this to turn the noodles brown. DELICIOUS",1332633600,0,0
B0006MWNPW,5,My cat loves this catfood! It is his favorite :),"I highly suggest a regular ""wellness"" diet supplemented with wet cat food. My cat's fur has never been softer, his temperament so easy going, and energy-level so high! Highly recommend.",1319932800,0,0
B004SB1O0M,5,Limburger Cheese,This cheese for some reason is hard to find in my area (Chico to Sacramento) and found this online and ordered four cubes. Great fast shipping and really good tasting cheese.,1339977600,1,1
B003S9C79C,5,Please understand what it means to go grain free.....,"This product is a good product and really good health wise for your cats. If you are looking at this product you are probably interested in feeding your cats something better. I just wanted to address some of the negative reviews of this food - many of them by people who don't understand that all cat food is not the same. I took the time to switch my 8 year old street rescue Louie to grain-free food (tried many brands before I arrived at BFF), and here are some of my observations.<br /><br />Cost<br />All grain free foods costs more for the same reason that grass-fed antibiotic free, free range chicken costs more per lb than a chicken nugget. It's better for your cat! Anyone who has a cat that's on a farm - ever see it eating some of the corn or wheat that spills off of the truck? Never! That is because cats don't eat grains. In cheap cat foods these grains are used as fillers to round out the portions and are not of any nutritional value to the cat. When I went grain free my cat ate much, much less - thereby negating the price difference. I even tested it a couple of times - my 13 lb cat can eat 2 - 3 ounce cans of Fancy Feast in one sitting - but cannot eat a 3.3 ounce can of BFF in one sitting.<br /><br />Another point on cost. If you are the type to take your cat to the vet and take care of it when it is sick, then you save so much money and trouble with foods like this it is crazy. When you hear people talk about diabetic cats, food allergies and all the other assorted sicknesses our animals are getting - most of them come from food. Diabetic cats - did they continuously raid the cookie jar? All the money you think you will save (but are not actually saving) will go to the health care of your pet in later years. Its the same way McDonalds and Denny's don't have to absorb the cost of all the diabetics they helped create - the taxpayers pay for it through Medicare and higher insurance costs 30 or so years down the line (and sooner with all the young diabetics we are creating).<br /><br />Smell<br />Most grain free cat foods smell. EVO stank up the house horribly and I had to move the cat bowl from the kitchen. Minus all the fillers and grains - you are getting an all natural product that is better for your cat because nutrition of the cat is put first.<br /><br />Taste<br />Cat's are notoriously finicky. Most cat foods that have grains and other filler ingredients have to add heavy syrupy mixes to get the cats to eat them. They take corn, wheat, soy, barley and gods know what else, add some vitamins and then add a extremely strong tasty syrupy mix to get the cat to swallow it all. So cats fed this for a period of time get used to it the same way babies get used to sugars in their formula. Then, when you want to give the baby vegetables with no sugar added guess what? Baby rejects them - they want the sugar! Same happens with cats fed with cheap filler foods.<br /><br />Poop<br />When switching to grain free a cats habits and consistency may change. Their digestive system is learning how to digest what it was actually made for. Same thing happens to humans - look up the ""Whole 30"" and see what I mean.<br /><br />Switching to Grain Free<br />Its a process more involved than opening the can and plopping it down. Took me months. Google can help you do it but don't expect to just give this to your cat and have her dive right in thanking you for it. That may happen, but more likely than not you have to mix old and new foods until they are used to it.<br /><br />BFF, EVO, Taste of the Wild.... they are all good brands that will improve the health of your cat. I settled on BFF as my wet food because he loves it. I used to give him EVO wet food and he would eat it but he hated it. I still feed him EVO dry food because he likes it. I tried many brands and did not give up on grain-free food because I cared about my cat. I understood as a street cat for years he was used to eating whatever he could and it all was the cheapest, unhealthiest stuff available given to him by well meaning people. He has improved in every way (coat, activity level, temperament, litter habits, etc..) and now is a healthy and happy cat.",1340150400,5,5
B005XPKYUI,5,My niece says the water tastes smart!,"Not everyone can appreciate that quality of water makes a difference. But pure mountain spring water is clearly preferred over tap water. I compare these two kinds of water by the amount of LIFE FORCE still remaining in the water. Since I am way too busy to travel to clean remote places to get high life force water, I have found that I feel better overall, when I can drink a regular  supply of Trivedi water to keep my busy pace of life at maximum speed forward. I have noticed that I have been having a preference for  Trivedi water, at least one bottle a day, sometimes more. My energy is steady, and my temperament is pretty even. I put myself in stressful situations and I can handle them with focused determination and faith that all will work itself out with grace. There just might be some energetic magic in these bottles of Trivedi water, if you can believe and receive. If its a placebo, and life gets better as a result, it could be worth it!<br /><br />My little 7 yr. old niece put it simply, by saying that this water tastes ""smart"". She could taste the difference between filtered tap water and this energy infused Trivedi water. It became a preference for her to drink it above regular water. I also noticed how she behaved more calm the rest of the day, after she drank it. She seemed more focused after having had experienced the Trivedi effect while she was witnessing the process of infusing the water. I'll be interested in any other significant changes with her well-being in the future. It could be just a coincidence whether she becomes more confident and centered, when before she seemed more insecure, even unsure of herself.<br /><br /> I am so grateful that I discovered this gift that Mr. Trivedi offers seekers of a higher vibration, healthier option in life. He is a renegade, and will definitely shake up a bunch of naysayers, but that's ok with me. Those that remain on this journey, who I meet along the way  have been awesome!!!!!  I love to hear their stories of transformation.  It's just fun to me!<br /><br />Those who can tell the difference between tap water and Trivedi water are pretty evolved human beings in my humble opinion! I think you can observe the health and temperament of those who are sensitive to the difference vs those who can't tell. Who's healthier in general?  I look forward to more products Mr. Trivedi will introduce!  I just heard he's launching energy infused wine. That could be a blast!",1320969600,19,20
B0061JWQOW,5,Definitely worth a try,"I'm a ramyun addict and I have always loved ramyun since I was little.  It is the first thing I crave when I'm hungry and it's the only thing I can keep down when I'm hung-over. Ramyun has been and will always be my comfort food although I consider them very unhealthy. When I first spotted the Black Shin Ramyun on Amazon, I thought it was too expensive and didn't want to buy an entire box especially while I've been trying so hard to stay away from ramyun products to reduce my sodium and other toxic intakes. After many fruitless searches at nearby Asian markets to try a few packets, I ended up getting a case from Amazon after several months of hesitation; what can I say...I have to try all ramyun that I notice. Upon trying, I must say that I'm not disappointed at all and this is my new favorite ramen for the moment. The broth is thicker (from the beef bone extract powder) and has a bit of miso flavor very similar to the restaurant quality Japanese (non-instant) miso ramyun. It is definitely not as spicy as the regular Shin ramyun, but it has much more complex flavor and tastes more home-made with bigger chunks of mushrooms, hot peppers, etc. It is unbelievable that the product is MSG free with its play on all my taste buds, and I was very impressed that the product didn't make me feel as tired as most ramyun usually do after consumption. I'm very happy that I still have many packets left, and I'll savor them for all they're worth, which is actually much cheaper than comparable restaurant ramyun and home-made noodle soups.",1344556800,1,1
B0061JWQOW,5,"Delicoius Ramen, Yes Plz!","I have loved the regular Shin Ramen as well as the Sutah Ramen...but when I tried this Black Shin Ramen, I was in heaven. There is an extra flavoring packet included and the other difference was meat flakes/bits included in the veggie packet mix. Add an egg, and Viola! A nice quick hot spicy meal for you home alone on a cold windy/rainy night. :) Too bad it costs about $1.50-$3.00 at places in CA...haven't seen it being sold at all yet in AZ.",1336262400,0,0
B000QFOXTS,5,My favorite instant noodles brand & flavor for over 20 years,"When I run out of these, I don't buy whatever more conveniently available brand happens to be a 5-minute drive away.  No other instant noodles product compares to this, & I'll wait however long it takes to stock up again with this specific product, & regardless of how relatively inconvenient the access is for me to obtain this from the vendor who has stocked this product for the entire time I've been purchasing it, & enjoying it.<br /><br />With that being said, I have a definite affinity for the Pork flavor of this product, as well -- but when I stock up, I purchase both, & it doesn't end up being a 50-50 split.<br /><br />The taste of this product is unique, & the 'spice factor' is such that there is definitely a 'kick' (when I was a kid, I used to wonder how a close relative of mine could 'stand' spicy foods, especially when it made him sweat & sniffle -- well, now I 'get' it ;) ).<br /><br />It's worth noting that if one wishes to manipulate the spice intensity, making a more dilute soup will result in relatively less 'kick' -- however, one can pretty much count on experiencing 'something', spice-wise, with this, even if only in a ~cumulative sense (for me, as I work my way through a serving of this, there is less & less time between any given spoonful's ingestion & its spice-based 'impact' -- & I don't make it through an entire serving without having my nose start to run [a consequence/'side effect' I am willing to endure, given that it 'goes with the territory' of doing a tango with the spices that contribute to this flavor's amazing taste]).<br /><br />In addition to the taste of this being so interesting (& practically crave-inducing at times, if I haven't eaten it in a while), it makes for one of the only liquid-based anything -type of food item for which I ever use cauliflower -- the cauliflower ends up being infused with the spice-&-flavored liquid base, which results in it not only 'looking pretty', but also having a taste that meshes well with its having-been-cooked-with-the-noodles softened texture (I made this [& simply called it 'Thai noodles with cauliflower'] for a few relatives, who were hesitant when it came to instant noodles, but they loved it, & they loved how flavorful the cauliflower was).<br /><br />For years, the Mama brand of noodles, & the wonderful spice packets associated with the Tom Yum & Pork flavors, have provided me with the 'base' for a filling meal that includes a decent amount of specific vegetables being placed in with the noodles while they cook (often, I'll make 2 noodle packets at a time) -- & importantly, on many such occasions, involves vegetables that I simply do not make or eat at any other time (such as baby kohlrabi) -- the flavor of the Tom Yum & Pork varieties ends up making such meals a kind of 'vegetable & noodle party in a bowl', & infuses certain vegetables with the relevant Mama flavor in a way that ought to have both of the individual 'participants' high-fiving one another (that is, if vegetables & noodles could high-five anything :) ).<br /><br />I don't have a wide range of vegetables that I 'go to' for inclusion with the Mama Tom Yum & Pork flavor instant noodles -- it's basically restricted to the following (with one of more added on any given Mama-noodles-as-a-meal occasion) -- sliced baby carrots (the most frequent vegetable 'guest' [I usually halve or quarter the baby carrots (a size/thickness that allows for their cooking sufficiently during the relevant timeframe [I tend to place the carrots in first, to cook in the liquid until the water comes to a boil (the carrots then finish cooking during the brief time associated with the noodles cooking)])])... thin slices of celery (another vegetable that can readily absorb the Mama flavoring liquid base)... pieces of torn lettuce (not something I would have thought of on my own -- a Thai friend included lettuce when preparing some Mama noodles years ago, & I've done so on many occasions since -- the lettuce absorbs the flavor, & adds an interesting texture to each biteful of noodles [it's also an easy way to take in a 'small salad', so to speak (honestly, overall, this is one of my favorite ways to ingest vegetables -- via 'Mama transport' :) )])... Chinese Napa cabbage (this is stiffer than lettuce, has a pretty look to it, & is also something which I only eat when cooked with Mama noodles)... cauliflower (with Tom Yum flavor only, & cauliflower being cooked in the water before ultimately adding the noodles)... baby kohlrabi (sliced & then at times cut further / the dark green of this vegetable [as well as the light green of Napa cabbage], when combined with the orange of the sliced baby carrots, ends up making for a very colorful, & 'pretty' dish)... frozen sweet peas (added to the water before bringing it to a boil / is also a colorful component, & makes for a 'pretty' look to the resulting meal)... & at times, I've added uncooked spinach leaves (to the water before adding the noodles / this is also an easy way to take in a decent amount of spinach).<br /><br />The Mama Tom Yum spices can have your tongue begging for mercy at times, & have your sinuses thinking they've just had a sauna installed, but all in all, 'it's all good'... :)<br /><br />I love the Mama Tom Yum noodles, have been eating them for over 20 years now, & can honestly say I've never tasted anything like it.  The flavor is fantastic, interesting, & as I've found, if you go long enough without eating it, you'll end up missing it, & find yourself on the mop-side of the Swiffer commercials, with 'Baby Come Back' being played as the theme song... :)",1335916800,1,1
B000QFOXTS,1,Disappointing...,"Contents consist of 3 flavor packets and somewhat stingy serving of ramen noodles. Flavor of broth dominated by taste of stale, fermented shrimp paste and an outrageous amount of salt; kinda boring otherwise. (29 packets to go, sigh...)",1350000000,0,0
B000QFOXTS,5,Yummy Yum Yum to the last Noodle!,"MMM, just finishing up a bowl right now. I'm a fan of instant noodles and these noodles pack a punch to be instant, so much flavor. They def out rank Ramen Noodles and Cup of Noodles.",1248134400,1,2
B000G6O2QG,5,My favorite Kettle Chip,"These are my favorite, but they aren't for everybody. In a way, they sort of taste like Oriental flavor ramen, but with a kick. For me, how can one go wrong with the combination of jalapeno and ginger? They are a bit rich, so they aren't for EveryDayForAMonth snacking. Because this is a case purchase, I recommend trying out a single bag before buying an entire case. The 2oz size seems to be no longer available, which is a shame; I can eat the entire 5oz bag.",1327968000,1,1
B001IZICTC,5,I love these and couldn't find locally,"These are simply freeze-dried veggies.  Plain and simple and great to snack on.  If you like <a href=""http://www.amazon.com/gp/product/B000H23ZE4"">Ramen</a> or <a href=""http://www.amazon.com/gp/product/B000LQNK5A"">Bowl Noodle</a> it's great to toss in a handful of the mixed dried veggies to get a little more milage out of your soup.<br /><br />When I lived in Texas for a while, I could get these from one of the bigger chain-stores.  Unfortunately, I can't find them locally anymore.  Thanks to Amazon, I can get them again.",1287273600,3,3
B003VWMR0K,5,Can't go wrong with Demae Ichou Ramen,"You can never go wrong with the Nissin Demae Ichou brand ramen. I lived in Kyushu for many years and this reminded me of Hakata ramen. I'm glad I got this but I wasn't happy with the batch I got thats going to be expired in one month. It will take me a while to finish the whole box (I don't eat ramen everyday)! If you plan on buying instant food online, you should definitely contact the seller about the expiration date.",1339372800,2,2
B003VWMR0K,5,Addictive,"While I was in Japan I had the chance to taste real Tonkotsu ramen, I must say it's the most delicious soup I have ever had, I live in Peru so I am used to good cuisine, but none can get close to Tonkostsu. I am not able to find a Ramen House here here so I decided to try this, it is really good, they have made it very similar to the real one, I purchased several packed pork ramen and this is one of the best I could find. You got to try this, I am not kidding, it's very good, specially if you add some Nanani Togarashi to it, uhmmm, I will make one right now !!!!",1308528000,2,2
B000AQFQC6,5,They're noodles...and tofu!,"I first tried these tofu noodles on a whim.  They looked interesting, low-calorie, and fun to eat.  I am so happy I found these noodles!<br /><br />The noodles come in a pouch with water, and it is plenty for two people.  I drain out the water, add some fresh water, and microwave it in a bowl for 2 minutes.  They have a cool texture (like slippery ramen), and they have a very mild flavor.  I typically eat these noodles after adding some type of sauce and veggies.  Yummy!<br /><br />A warning:  when you first open the noodles, they smell strange.  VERY strange.  Almost so strange that you may not want to eat them!  Apparently this is normal (they are made with yam flour), and the package says to just boil them for 2 minutes to remove the smell.  After 2 minutes in the microwave, the smell really does go away!<br /><br />Overall, I love these noodles.  It is a low-cal, low-carb alternative to ramen noodles, and it has a lot of protein.  They are mild enough to mix with anything, and they are really easy to make.  Try it out and enjoy!",1130716800,274,282
B000AQFQC6,4,"Fast, Tasty, but Not Cheap","As a Manhattanite, a vegetarian, and someone who takes food VERY seriously and is always on the lookout for quick, tasty, healthful meals, Asian cuisine of all stripes comprises a substantial percentage of my diet. I happened upon Amazon reviews of this product quite by accident, so sought it out when I was near a Gristedes, where I was directed to the produce section. Having read the reviews as well as being familiar with various Asian pastas, e.g., rice noodles, mung bean noodles, egg noodles, etc., I was neither put off nor surprised by descriptions of this product's texture/smell. I bought one each of this (which, surprisingly, I preferred) and the ramen-type and have tried both with Annie Chun's Thai Peanut Sauce (and now wish I'd had some chopped peanuts to add for texture).<br />Actually, the oft-cited aroma didn't hit me until the 2.5 minute parboiling recommended on the package and yes, it was rather peculiar. But it disappeared quickly and the noodles had no aroma or particular flavor afterward. I suggest draining them very well and blotting them with a paper towel so that they're more receptive to absorbing the sauce of your choice. I don't think they're a good choice as a vehicle for Western-type sauces--their texture is very Asian and is complemented by Asian sauces. But hey, that's just me; other people who've reviewed them enjoy them with Western dressings. They pick up the flavor of sauces quite well, have a negligible calorie count (40 for the whole package), are low in carbs, and actually contain a bit of protein. I have no reason to think they wouldn't work equally well in stir-fries and soups. My only complaint is that at two bucks a pop for an appetizer-sized portion, they're expensive--discovering that the nutritional analysis was based on a two-serving package earned a derisive snort from yours truly. I checked Koreatown (same price) and found them in Chinatown for $1.45--still not cheap, but definitely easier to justify at 25+% cheaper than two bucks.<br />Not for everyone, but really yummy for those who like Asian food or are receptive to trying something new. I think these are directed more towards the Japanese and Korean communities, but I gave them enough of a rave that the Chinese vendors who sold them to me seem inclined to give them a try themselves.",1168560000,11,11
B000AQFQC6,5,"This is not pasta, it's more like undigestable ramen and it's good!","Quick rinse and eat like ramen.  I personally cooked it up for 10 mins in flavored broth, added my veggies and meats and it is exactly like ramen.  The only difference is, you don't digest it, it just comes out looking exactly the same as it looked coming in meaning, no digestion! Chaching!  Weight loss! The other brands are more rubbery, this one really has the exact texture of ramen, just don't let other bad reviews mess with your head, it's really not bad at all.",1340236800,3,3
B000AQFQC6,4,Best used in Asian foods,"I buy these at Whole Foods, where a pack retails for $1.49. I prefer the ""spaghetti-style"" over the fettucine variety, since it's more like ramen.<br /><br />If you're used to Asian noodles, then you'll probably have no issue with the flavor. The texture is a little chewier than traditional noodles, and it's simply not the same as egg-based pasta. If you rinse these first and then put them into a skilllet and lightly fry/steam them for a few minutes until they get hot it both improves the texture and removes the residual flavor.<br /><br />I eat tofu shirataki primarily as a ramen replacement. I have had a ramen habit since college but let's face it, they're empty calories. I have half a bag virtually every workday with instant miso soup doctored up with green onions and some garlic-chili sauce. It's a filling, healthy and guilt-free lunch or afternoon snack that's around a buck a serving that's 55 calories. With a couple ounces of chicken, it's around 100 calories.<br /><br />1 serving of these noodles has 20 calories/2 grams of fiber. Regular ramen has 280 calories per serving (half a package) and no fiber. So, just by substituting these noodles, I've probably cut 1000+ calories a week from my diet.<br /><br />We sometimes add the fettucine variety to stir-fries and Thai-style or Indian-style curries with good results since they just take on whatever flavor you put them in. It's a great fridge staple.<br /><br />But again -- I'd really only use it for Asian dishes. I would not recommend them for use in standard western preparations, such as tomato sauce or alfredo. There are other GF options out there for egg-based noodles that I think work better.<br /><br />I prefer these to the ""Miracle Noodles"" -- the tofu added into these noodles definitely makes the texture and flavor better. You can find these at Whole Foods and at some Safeway and Trader Joe's stores (they're usually in the refrigerated section near tofu.) The shipping is kind of high because they're packed in water, which is heavy.",1279756800,3,3
B000AQFQC6,5,Did we all eat the same thing???,"I just bought this at the store to try it out. I rinsed them for about 3 minutes to get the slight funk off, stir fried them with a little teriyaki and soy sauce (low sodium both) and veggies.<br />It was extremely tasty and very filling! Texture is like a cross between a Ramen noodle and a glass noodle. I'm stuffed and I ate about 100 calories for the whole thing.<br />I have bypassed pasta for years just due to the calorie and carb count, and I am delighted with this product. I can't wait to buy more and try out new recipes.",1347667200,0,0
B001AYB9FU,5,Wonderful Ramen,"This is the best Ramen I've ever had.  The chicken flavor is much better than your standard American ramen and the little sesame seed oil packet gives it a nice added touch of flavor.  It's a bit more expensive than your standard Ramen because it comes from Asia, but it is well worth the money.  You'll have a hard time going back to the cheap ramen after you've had this.",1310947200,2,2
B006GCMIE2,5,I'm a believer.,"I really need to cut down on my sodium intake because I have very high blood pressure - I've been a salt fanatic for MANY years (I put salt on almost everything), so I'm a very harsh critic when it comes to salt substitutes. I recently ordered and received a similar no salt substitute ""blend"" from another website, and it has absolutely *NO* salt taste. I've tried a few others as well that also tasted nothing like salt...so I really didn't have high hopes for table tasty.  I figured I'd order it anyway based on the positive reviews (and it was shipped very fast).<br /><br />I can honestly say I was pleasantly surprised when I tasted this product.  I thought for sure it would only taste like a sodium-free spice blend like all the rest, but it actually has a salty taste when you try it right out of the bottle.  The taste and smell actually reminds me a lot of those flavor packets that come with Ramen noodles, or the ""Cup-a-soup"" packets in a box, which are both LOADED with sodium!<br /><br />It's hard to believe - I have no idea how they've achieved this since there's NO sodium at all in the product.  All I know is I will now be ordering a large bag!",1347408000,1,1
B000ET1OJI,4,Delicious and extremely hot noodles!,"These Mama brand Namtok noodles are delicious! This description says Namtok Nur, which is beef, but I was sent Namtok Moo, which is pork. Yes, Moo is pork. Nur is beef. Anyways, that doesn't bother me any, I love namtok moo, too! These come with 3 packets inside. One seasoning packet, one hot pepper packet and one with, I think it was lemony seasoning. Wow, this is very, very HOT! I've never had such a flavorful broth either. I drank some thai tea with it, it helped calm down the heat, slightly. Very good, I recommend this to instant noodle fans.",1200441600,3,3
B0040WG0QM,5,Surprisingly good!,"I've had mixed luck with Dr. McDougall's line, generally like only about half of what I have tried, but lately things have been looking up.  When I tried these, my expectations weren't great, but I was surprised.  These were really very tasty and quite easy to prepare.  The noodles had an excellent consistency and body.  The sauce was good and spicy, but not too spicy.  I could have eaten about twice as much (big guy talking here), but I found there was just enough to satisfy me for a quick lunch when I added a fruit side dish.<br /><br />The neat thing is that this is good enough that I will be looking forward to having it again.  That's pretty good for an instant noodle cup type product.  If you do the ""subscribe and save"" the price is competitive.  I don't give 5 stars lightly, but I think this one deserves it.  Not as good as local, but excellent for an instant product.",1299024000,6,6
B0040WG0QM,5,Vegan Cup of Noodles,"There are times when I want a cup of noodles.  They are quick, easy and normally inexpensive.  However, when I became a vegetarian over 20 years ago and made the gradual progression to veganism is became harder to get inexpensive quick fixes for lunches.  Then to top it all off we moved to an area where meat and cheese seem to dominate the menus of area resturants.  Now, our local HEB has finally started carrying two varieties of these soups.  One is the spicy szech and the other is the pad thai.  Now, I can buy some of these and leave them in the locker at work for a quick lunch/dinner.  They are more than the traditional ramen but they are vegan and somewhat healthier.  The portion is small but that is a portion.  If it was larger I might eat more and I am trying to loose some weight so I couple it with some toasted seaweed snacks.  For a vegan alternative to ramen noodles they are very good.  If you are comparing it to a descent szech resturant then it probably won't be as good.  It is good for what it is which is an instant noodle.  The subscribe/save makes it an even better value since it is an item I would use regularily.",1330819200,0,0
B0040WG0QM,4,Good for a packaged convenience food,"Make no mistake... this is a pre-packaged, instant convenience food. That said, it's quite good for what it is. Also easy to make: add water, microwave one minute on high, stir, microwave 4 minutes on low. I prefer that method to the microwave 2 minutes, let stand 10 minutes directions of many other Dr McDougall's soups. Unfortunately, my microwave doesn't have a high or low setting so it was just a little dry by the end of the last 4 minutes. I'd probably do 2 or 3 minutes for the second microwaving and see how that goes next time.<br /><br />I also think the packaging is a little misleading. It looks similar to the packaging of products like Annie Chun's Udon Soup Noodle Bowl in which you have more of a bowl or meal tray that contains noodles and flavor or sauce packets. It is in fact a soup cup to which you add water and flavor powder. I assumed the higher price (vs regular Dr McDougall's soup cups) and the description of 'Entree' meant it would be more like the former, with actual noodles and sauce. The noodles are much more like ramen noodles.<br /><br />That aside, the flavor is good, though I much prefer the <a href=""http://www.amazon.com/gp/product/B0040WCQKQ"">Dr. McDougall's Right Foods Asian Entree, Spicy Kung Pao Noodle</a> flavor, as it's a bit spicier (though still fairly mild for someone who likes things very spicy).<br /><br />Not bad but I probably won't be reordering.",1311724800,0,0
B004XUGOWQ,5,Lower salt.......yehhhhhh!,"I love Ramen chicken noodle soup but it was always way too salty to eat more than once a week.  With the decreased salt content in this packaged soup, I can eat it more often.  It really does not taste lower in salt but the label says it is.  I wish more soups lowered their salt content.  I buy Amy's soups because they are truly low salt but they are also rather expensive.  And, like I said, I love Ramen chicken noodle soup so I do recommend this soup but it's still a little too high when compared to Amy's or other more healthful soups. With us consumers requiring lower salt in our foods with our purse strings, maybe the big companies will get the hint.  This soup is quite delicious but read the label before you buy it!",1343174400,1,1
B004XUGOWQ,2,Why not just reduce the sodium of regular flavors?,"I've tried this low-sodium variety and it had a surprisingly ""peppery"" taste that I did not care for. Also, you can reduce the sodium content of other flavors by only using half or two-thirds of the seasoning packet. You will get more flavor, but end up consuming as much sodium - sometimes even less, depending on the variety - than you would if you ate this low-sodium kind  with its entire seasoning packet.<br /><br />Ramen has an unfair bad reputation. Use less of the seasoning, add some leftover frozen vegetables, maybe toss in pieces of leftover chicken or cooked bacon, and you've gotten a decent small meal. I'm not saying that you should live off of Ramen only, but Ramen recipes have gotten my husband and I through some financially-tough months in the past.",1347580800,0,0
B0012E0R1U,5,nutratment drink,"<a href=""http://www.amazon.com/gp/product/B0012E0R1U"">NUTRAMENT VANILLA 12OZ. / 12PK</a><br /><br />this is the key for me. I have to lost some p[ound and this drink allows my that, i drink it cuase i have too but most importantly it taste good . My only problem with it! the fact that it diffacult to find especially caramel flavor. you need to stock up on more of this drink especially flavor other than vannilla like caramel flavor.<br /><br />hector p",1212105600,1,3
B001ATZQ68,5,Easy and simple,"Not only it's cheaper than buying the ready-to-eat kind, it also taste a lot better. You can put in whatever you want in it and can be cooked in a microwave. Excellent for people who can't cook as my can't-make-ramen boyfriend can make curry now.",1266451200,0,0
B000AQJRWG,5,amazing surprise,"I was actually anxiously waiting to try these since the reviews were mixed but I am soooooo glad I did try them bec now i am hooked!!!! Yes, they are a bit expensive when compared to pasta but i think of it as paying some extra bucks to remove some pounds off! I make sure I rinse them really well in cold water right before I boil them for around 5 minutes which removes all the bad smell! I just add some marinara sauce and it is a done deal! I found the texture to be actually good , like a firmer version of the ramen noodles! I think these make an excellent snack or meal!",1153008000,11,11
B000AQJRWG,5,THE REAL SCOOP ON SHIRATAKI NOODLES!!,"Okay, so I heard about the amazing Shirataki noodle and decided to give it a try.  After MUCH research and deliberation I decided to try both the ""miracle noodle"" (zero calorie, glucomannan, no tofu) and the House Foods (40 calorie per bag, tofu and yam flour) varities.  BOTH arrived today, so I decided to try both and give an unbiased review.<br />#1 - Anyone who says these noodles have a repulsive odor, has never eaten fish before.<br />#2 - anyone who says these noodles have a repulsive texture, has never eaten ramen, or udon noodles before.<br /><br />I put a small pot of boiling water on the stove, brought to a boil.  Opened the bag, put noodles into a strainer, and rinsed 10-15 seconds under cold water.  Then I put the noodles in pot of boiling water.<br /><br />I purposely sniffed the bag.. and yes.. it has a medium to mild ""fishy"" odor, nothing worse than salmon.  If you don't like this, then don't sniff the bag.  The ""miracle noodle"" had slightly less of this odor.<br /><br />I purposely sniffed the boiling water after about 1 minute, and yes, it had an odor, not so much fishy anymore, as almost plastic-y.. kind of hard to describe... again, don't sniff the steam if this bothers you.<br /><br />After 3 minutes of boiling (for the House foods brand), and 2 mintues (for the miracle noodle brand), I poured into the strainer again, and rinsed with HOT water for 10 seconds.  I then drained, and put back into the small pot, and added half a flavor packet from a pack of ramen noodles (chicken flavor).<br /><br />IT TASTED JUST LIKE RAMEN!  I was very excited.  The noodles (as other reviews state) have no flavor on their own, but take on asian flavors nicely.  As for being a ""spaghetti substitute,"" these would probably do the same as if you put ramen noodles under some spaghetti sauce.. not quite right.. but not the fault of the noodles, just not the intent of an asian noodle.<br /><br />As for the texture, these noodles actually get FIRMER as you cook them, instead of softer (like regular noodles).  If your're a fan of ""al dente"" pasta, then this is for you.  YES &lt; they are a bit firm, but not hard like rubber bands (like other reviews have said).  And not slimy in the slightest, I don't get why people have said this (again, felt just like ramen noodles in my mouth).  I love al dente pasta myself, and found the texture preferable to normal ramen noodles.  The ""miracle noodle"" is slightly firmer, and more transluscent (like more tradition ramen noodles).<br /><br />I ate one bag of each, and loved every bite of both.  This was also about 4 hours ago, and I felt full this whole time (not uncomfortably full, just not hungry).<br /><br />I'm VERY glad I took a chance on this.  Perhaps if you have a picky pallet, this isn't for you.  But if you like Ramen noodles, then I'm telling you give these a try.  One bag (of either) is about the same volume as one packet of Ramen noodles, but at a fraction of the calories (or zero in the case of miracle noodles).  I plan on experimenting with other spices, such as bullion, and asian ""flavor packets"" found at the grocery store.<br /><br />Hope this helps!!",1334793600,2,2
B000AQJRWG,3,Not Worth The Money,"The noodles were more like ramen noodles than pasta.  Probably good in soup but I was hoping for more pasta like consistancy.  The noodles took a very long time to ship, they have gone up in price since I ordered them.  I did not think the value for my money was worth it.  And most importantly, the noodles made me extremely gassy for the entire day after I ate them.  I will not be ordering these again.",1140998400,2,2
B000AQJRWG,4,Noodle review,"Since I'm a pasta junkie, I was really hoping that these noodles would satisfy my cravings.  They don't.  The noodles are a the type you find in Ramen type soups or other Asian dishes etc....yummy, but they just don't cut it as spaghetti bolognese!  I will continue to order them...I enjoyed them as a low cal dish w/sauce and grated cheese...but they really should never be compared to good old spaghetti",1140393600,0,0
B000AQJRWG,3,"Not for everyone, but good for some.","Part of the reason noodles are a comfort food is because you can slurp them down and don't really need to chew.  The problem I found with these noodles is you really need to chew chew chew or you will choke.  Much like if you were eating meat.<br /><br />I bought these to be a low calorie replacement to Ramen noodles, and they are.  I threw away the noodle cake that came with Ramen and used the flavor pack on the equivilent amount of shirataki noodles.<br /><br />I couldn't eat them.  Way too firm for me.  Like tiny compressed lines of squid, or edible rubber.  My mother could eat them though, and was happy for all the food without the calories.<br /><br />I would really like to see them meld these noodles with wheat noodles so that they're softer, but still save on some of the calories.  I won't be able to eat these as is.  (But my mother did).",1141344000,3,5
B000E1695A,5,The Best Instant Noodle Meals You Can Buy!,"Why?  Because the noodles come SOFT, sealed in plastic!  If you are tired of noodles that ""crunch"" or that have to be reconstituted out of the original cardboard, you are in for a treat!  Available in something like a dozen different varieties, try them all and then subscribe to your favorites in order to get the lowest price.<br /><br />Note: The seasoning comes in a sealed pouch so if you tend to prefer yours less salty or less strong in taste, don't use it all to start.  You can always add more in later.<br /><br />Note: Since the bowl is made partially from cornstarch, it will biodegrade completely so toss it in the trash when you're done without feeling guilty.  (For this reason you should NOT attempt to reuse this bowl like you may have done with other brand instant noodle meals that came in plastic bowls.)<br /><br />Note: Of them all this is my favorite flavor, great tasting, medium hot, best hot and sour soup I've ever had from instant!",1329523200,0,0
B003OB0IXQ,5,Yum...,"Been eating these things since I was a little kid and never gets old. Beef is definitely my favorite flavor. Very quick to make and make you feel better when your not feeling all that good. A really cheap food to make also when you don't feel like spending small fortune. I make it sorta what the package suggests but add more water, not too much to dilute the flavor, but enough because i like the broth. I don't add all that other kind of things that other people tend to add like an egg or hot sauce, I like it all by itself. Life is better with Beef Ramen... of course every college kid would say that  :)",1320105600,1,1
B0018KLPFK,5,"The ""tastier"" fruit and nut bar","Obviously a lot of people like this bar, myself included, so I thought I'd review it a bit differently.  When I was searching for a healthier between meal afternoon snack I read a lot of reviews for a lot of products.  I wanted something with few ingredients, not ""fortified"" and with some nuts in it.  I settled on these Larabar Fruit & Nut Cherry Pie bars and the <a href=""http://www.amazon.com/gp/product/B000P504ZG"">Pure Bar Organic Wild Blueberry Living Food Bar</a>.  I love cherries and I love blueberries so they seemed like good choices.<br /><br />The stats of the bars are very similar, weight (both 1.7oz, not 1.8), calories, fat, sugars, etc.  The PURE has more protein at 6g vs 4g.  The Larabar has no sodium while the PURE has just a bit at 5mg.  The Larabar is thicker, the PURE bar is wider.  Visually the Larabar appears to have more nuts in it, which doesn't seem to jive with the protein stats.  The PURE bar has a grittier texture while chewing so maybe more of the nuts are finely ground.<br /><br />1st ingredient is dates for both followed by almonds and then cherries for the Larabar and followed by blueberries and various nuts, organic agave nectar, rice protein and lemon juice for the PURE bar.  One would think with the extra ingredients in the PURE bar they were added to tweak the flavor or give it a fresher taste, but the flavor of the Larabar is better than the PURE by a pretty good margin.  It has a much fresher and lively taste.  I have to say the PURE bar is a bit cardboardy tasting to me and has a drier mouth feel.  It is not bad, in fact my 2 youngest kids eat them readily, just not nearly as good as the Larabar.  I think the tartness of the cherries in the Larabar kick up the flavor vs the milder blueberry flavor of the PURE (maybe the lemon juice add as an attempt to kick up the PURE bar flavor and tartness?).  In fairness I should probably review the PURE Cherry Cashew bar but I much prefer almonds over cashews so don't plan on ordering any from Amazon.  If I stumble on the PURE cherry in a regular store I will give one a try thugh.  I still get both auto shipped from Amazon for variety sake, but am looking for a better tasting blueberry bar w/ basic ingredients including nuts.<br /><br />For grins here is a comparison of the Larabar, PURE, Snickers, Hershey's and Maruchan Chicken Ramen noodles in a few categories.  Stats are listed in the order I listed them in the previous sentence.<br /><br />Calories:  190, 190, 280, 210, 380<br />Total Fat:  8g, 9, 14, 13, 14  Saturated Fat:  0.5g, 1, 5, 8, 7<br />Sugars:  21g, 20, 30, 24, 0<br />Protein:  4g, 6, 4, 3, 10<br />Sodium:  0mg, 5, 140, 35, 1540 !!!",1249776000,2,2
B0005ZX38Q,5,Totally Yum!,"I'm a college student and I found this product in the campus store. At first I wasn't sure about eating cheesy-ramen but decided to give it a try. The first impression wasn't that great. then later I got a craving for it. It is now one of my favorite instant lunches. Great for the busy college life and the tight budget. I had tried a few of the other cheesy-ramen brands, but was very dissapointed. If you want Ramen and cannot get old fashioned japanese ramen, then I recommend MaruChan.",1136073600,3,4
B000VK6ML0,5,Absolutely worth every penny.,"I tried this Ramen on a whim.  I normally steer clear of Ramen noodles because they have a high fat content and the broth pretty much tastes like briny water no matter what flavor you are eating. These noodles are truly delicious. First of all they are organic, which is a draw for me.  Second they are baked, which makes them healthier for those of us who need to be conscious about fat content.  I can't say enough about how tasty these noodles are.  Mixing in the flavor packet, I could actually SEE the lemongrass and ginger.  Super flavorful and very unique.  I love these noodles.  Highly recommended.",1295481600,5,5
B000VK6ML0,5,Better for you Ramen!,"This ramen is a delicious and low fat snack! A grown-up, health conscious version of the ramen you lived on in college. I wouldn't expect it to fill you up like a meal or restaurant quality ramen but it is an amazing quick snack/lunch on the go. You could always add fresh veggies and shrimp or chicken to make it a more filling meal. It only has 193 calories so it is very diet friendly too! I keep some on hand for days when there's no time to stop and make a meal. I LOVE that there is NO MSG (whooo hoo!) and that they use organic heirloom wheat, which is better for the environment, I order cases of these soup packs here on Amazon.",1294099200,3,3
B000VK6ML0,5,Low fat ramen that really tastes good.,"Regular ramen has got to be one of the worst possible things to eat from a nutritional basis -- fried noodles and chemical flavorings.  This low fat ramen really tastes great, and without all the extra fat of the ""regular"" ramen products.  The seasoning packet is high in sodium, which is typical, but it has a good flavor and you can definitely taste the ginger and lemongrass.<br /><br />One tip -- don't overcook the noodles!  They can get pretty mushy if you cook them for the recommended time on the package.  I generally cook them a minute or so less than recommended, and add in steamed broccoli, peas, or other veggies and some shrimp or chicken to make a quick nutritious meal.",1335139200,1,1
B000VK6ML0,2,"Poor quality noodles, good broth","These have better than average broth, but less than average noodles. The decent powdered soup mix is not enough to make me want to buy such plain, tasteless noodles. The ramen seems like plain flour with water, poor texture and pasty, bland flavor.<br /><br />Dr. McDougall's Right Foods Vegan Miso Ramen, in Cups (on Amazon) has a better ramen noodle. I have found nothing as tasty (and vegetarian) since Westbrae stopped making delicious brown rice ramen, buckwheat ramen, etc..<br /><br />(Anyone know another good, vegetarian ramen?)",1346803200,0,0
B000VK6ML0,4,"Good Noodles, Ok Flavor",This brand is my favorite Vegetarian ramen but I prefer the Asian Vegetable flavor over the lemon grass ginger.  I guess it is a matter of taste though.,1277337600,0,1
B000VK6ML0,1,Disappointed,"This was not even close to real ramen I am accustomed to having in a ramen shop.  This is nothing but typical instant ramen.  Origin of the product should be shown.  I knew this is made in China, I would have never ordered it.",1293667200,1,6
B000HDOPGA,4,An element of my typical work day lunch,"I was recently diagnosed with high blood pressure, so I've had to cut a lot of the food I liked for lunch, like Ramen bowls. While not a Ramen bowl, this is nearly as convenient, *much* lower in sodium, & pretty tasty.",1300492800,2,2
B001BOTDP2,5,My cat loves this catfood! It is his favorite :),"I highly suggest a regular ""wellness"" diet supplemented with wet cat food. My cat's fur has never been softer, his temperament so easy going, and energy-level so high! Highly recommend.",1319932800,0,0
B0026LJRW8,2,Taste like Ramen,"I buy sunflower seeds by the case on Amazon, but only after trying them first to make sure I like a given flavor.<br /><br />Yesterday I picked up single bags of various flavors and brands of seeds, including BIGS Sizzlin' Bacon. Out of the three taste testers (myself included), we all agreed they taste like they took regular sunflower seeds and roasted them with ramen noodle seasoning (I'd say somewhere between beef and oriental, so not too bad). While they do not taste horrible, they are still too salty and taste nothing like the front says they should. They don't even have a smokey flavor to them, just the saltiness of ramen.<br /><br />If you like ramen noodle seasoning, you'll enjoy these. If you want your bacon seeds to taste like bacon, look elsewhere.",1327276800,0,1
B001SAX0EE,5,Best Mushroom Boullion,"As a vegetarian, it's sometimes hard to build complex flavors in soup.  Meat is very flavorful.  But these little cubes solve the problem for me.  The flavor is rich and authentic, and the intensity of flavor is just right - not salty, not to weak, not too strong.  I use these in barley soup, asian soup, ""meat"" loaf, ""meat"" balls, anything that needs a rich flavor.  They make a great and easy home-made ramen noodle bowl, as well.  These are better than any vegetable boullion I have found in any brand.  I wish they weren't so hard to find!<br /><br />One thing to note is that these do list MSG in the ingredients.  If you're sensitive to MSG, these are not for you.",1284249600,2,2
B0000GHNWM,4,Top Sauces Out There,"I've tried many different sauces.  Tapatio stands at the top of the pack.  It's not as spicy as Tobasco, but spicy enough without the vinegar taste.  You can use it with lemon on Doritos Chips, and Ramen Noodles.",1303516800,0,0
B001HTJ99Q,4,Tastes Great!,"Only remotely organic ramen I could find. Only noodles are organic, hopefully the herbs were grown without pesticides and poison, who knows though. At least there is no MSG or artificial ingredients. Flavor was great too, not to spicy but a nice zesty flavor. Price is high. Was $15 a few days ago, now its $20 for a dozen. you can order these from iherb.com for $1.07 a piece, cheaper overall.",1321315200,2,2
B001HTJ99Q,4,"Pretty awesome, but could be better","Overall, I'd give the noodles themself 5 stars. Super easy and quick to make, and healthier than that cheap junk. This ramen says ""I'm not a starving college student anymore, and dammit I still love instant ramen"". Or something like that. Anyway... I am withholding one star due to the seasoning packet, that quite frankly,  isn't that great, and very bland. I find that a healthy amount of black pepper, red chili flake, and a few drops of your favorite hot sauce and you're in business.",1347494400,0,0
B004HVARLA,5,One of my favorite styles of Japanese ramen,"For the longest time, I've found it difficult to justify blowing $3 on a bowl of instant ramen. Sure, the stuff's imported and most of what you're paying for is the cost of shipping from Japan. You can also get pretty decent domestic bowl ramen for around $1 a bowl. But since most of the ramen bowls coming from SoCal are Korean made (i.e., spicy), it's difficult to find a decent mild flavored Japanese ramen bowl. Menraku Shoyu is mildly flavored (just soy sauce) and not painfully salty like Nongshim, so I don't have to throw out half the flavor packet. The texture of the noodles has a nice bit to it. I don't get these very often since they're relatively expensive, but you get what you paid for. Highly recommended if you want a real Japanese style ramen and want a subtle flavor that isn't spicy.",1339459200,0,0
B0006LZ2QU,4,"Good Ramen, but Can't Beat Original","Although, I understand that the Goreng part of the name means noodles without broth, I'll never stop calling this ramen (meaning noodles with broth). The Indomie products that I've tried (original, satay, and pedas) are all delicious. Make no mistake, not all oriental noodles do it for me. When our local Asian market ran out of Indomie, the owner told me to get a different brand that he promised I'd like better. I ended up throwing it out, because the taste was just awful. Indomie original, has a mellow taste, with enough spice to keep you interested.<br /><br />This Satay version maintains the classic flavor, adding a strong nutty notes along with a crunchy fried onion packet for more texture and flavor. This is by far the most acquired taste of the 3 varieties that I've tried so far. While it's still a good choice to mix things up, I could not eat Satay every night.",1153180800,2,2
B0006LZ2QU,3,"Pretty good, but","Rather messy this time. The packets seemed difficult to use for some reason. Anyway, the real reason I gave 3 stars: The bar was set<br /> very high from the previous fried noodle I've eaten. That is including the Mi Goreng regular flavor and the Pedas. Don't get me wrong,<br />this is still a good product. That is, compared to the crummy ramen us Americans buy in supermarkets. If this was the only fried<br />noodle I ordered, then I could have given it 4 stars.",1304985600,0,0
B005GTV3FQ,5,Yum!,"This soup cooks up quickly and is very yummy! I really like the flavor of the seasoning packet and the way the noodles cook up, nice texture. It is very satisfying to me. I'm a single gal who doesn't really cook & am often in a hurry for my next meal, and I find that this soup really hits the spot. Although it does tend to be more of a mid-afternoon snack/light lunch item for me. It will tide you over for a while until your next big meal, but i have to agree with the other reviewer that if you try to have just one of these for dinner you can expect to be hungry in a few hours.<br /><br />Personally I LOOOVE this soup that much more because I had to give up the ramen cup o' noodle and some other brands i had been eating because I developed an allergy to shellfish and mollusks.  It seems that often these instant noodle packets/bowls either have some type of seafood in the sauce or they are manufactured on equipment that also processes shellfish. This one does not contain any type of seafood like many of the other instant noodles do. Another plus for me is that it's not spicy. I'm kind of a wimp with spicy foods, plus i have GERD/reflux, so believe me if i can eat it is NOT spicy. Just tasty :)<br /><br />One thing that bugs me a little is that i feel guilty about the packaging since the plastic bowl is not recyclable (in my town they only take 1's and 2's which of course these microwave safe bowls are never made out of.) Oh well, can't have it all....",1349136000,0,0
B000VQD4Z6,5,Best Ramen,"As a college student who lives in the dormitory, I often get bored of the food that school provides. They always have same menus and it does not taste good. Also, as a Korean student, hamburgers, pasta, and bread are too greasy and cheesy for me. Thus, when I do not feel like going down to the school cafeteria or want to eat Korean food, I cook Shin ramen. It is not cheesy or greasy like burgers, and eating Shin ramen makes me feel I am home.<br />On the front wrap of the ramen, it has picture of cooked Shin ramen with Red coloring which indicates it is hot and spicy. On the back of the wrap, it has recipe, ingredients, expiration date, and etc. By just looking at the wrap, my mouth gets watery and I get hungry. I can imagine the taste and its spiciness while I am writing this review.<br />For those people who are not good at cooking foods, you do not have to worry. Cooking this ramen is very simple and it can be cooked in less than five minutes. Basic way to cook this ramen is to follow the direction on the back of the wrapper. First, boil the water and put noodle and two packs of seasonings. Anybody can cook this. If this direction is still hard for you, you can get Shin ramen cup-noodle. You just need to pour boiling water in to the cup.<br />Other than simple recipe, there are many different ways to cook this ramen. The spiciness of the ramen can be controlled by putting how much seasoning is put. Also, adding different ingredients, such as mushrooms, hot peppers, meats, or eggs can make the soup taste much better. My recommendation is putting all the seasoning and adding Kimchi to make the ramen spicier. For those people who are not so good at eating spicy food, I recommend putting raw egg to make the soup less spicy.<br />Also, I recommend try eating Shin ramen raw. Crack the noodles before you open the wrapper. Open up the wrapper, do not put the vegetable seasoning, but put spicy seasoning. After, you shake them up together and make spicy ramen chip. Instead of eating as a meal, you can enjoy it as a snack while you watch movie or TV.<br /> As a ramen lover, I have tried many different ramen from different countries. After I have tasted most of the ramen, I made a conclusion that Shin ramen shows superior quantity and quality from the other types of ramen. Compared to the most common ramen in the United States, the Maruchan ramen, Shin ramen has more filling and spicy. Other than its better quantity, its quality is also superior. Shin ramen has two seasonings, which includes dried vegetable seasonings and spicy seasonings. However, Maruchan ramen do not have vegetable seasoning.<br />Although it shows superior quantity and quality from Maruchan ramen, it is quite expensive compared to Maruchan ramen. It is fifteen dollars per pack of 20 ramen, when Maruchan ramen is fifteen dollars per pack of thirty six ramen. Although the price is higher than Maruchan, I strongly recommend Shin ramen for those who want spicy hot soup with better filling.",1329955200,10,10
B000VQD4Z6,5,It's Hot Super Hot,"The sauce that comes in the bag makes the cooked ramen ""pretty"" spicy. However, if you don't like extra hot, then you can add veggies, such as, onions, green onions, egg, and even beef/other meats, and it will become pretty mild. There are a lot of Korean noodles, but Shin Ramyun is one of my favorites! If you don't enjoy spicy food (or msg - some mentioned it), then don't bother.",1201564800,7,8
B000VQD4Z6,5,The only ramen I'll eat,"The Malaysian postdoc in my lab introduced me to these. I've never been a huge fan of ramen, but I love spicy food and I needed some cheap meals, so I tried them. She suggested that I start with half the spice packet which wasn't nearly hot enough for me (she was impressed by this, actually), so I added the whole packet. I would suggest half the packet to anyone who hasn't tried them before, though...I have a very high heat tolerance. I think they actually taste pretty beefy, too, though I'm a little frightened by what is lending it the beefy flavor. At any rate, I'm sending the box of 20 to my brother-in-law who is on deployment. He's in the Navy, loves ramen and spicy food, and finds the meal choices on the ship a *bit* limited. He has the ability to make ramen or cup-o-noodles on the ship, and since they're not perishable, they're perfect to send to someone who's going to be trapped on a ship for 6 or 7 months.",1258848000,2,2
B000VQD4Z6,5,Wow...excellent.,"This stuff is great not just for ramen.  I eat fiery hot stuff almost every day and this ramen is really really really hot.  It's got a lot going for it: 1)Base/soup tastes really good, 2)Freeze dried vegetables aren't overwhelming, 3)Noodles have the best consistency I've experienced even in the microwave, 4)Whole lot of noodles, 5)Fairly cheap, 6)Available at chain grocery stores, 7)It's made in California for the US.<br /><br />There are drawbacks: 1)The preparation requires a measuring cup for the water added and the cooking time is a little long in the microwave, 2)If you have heartburn this will make it much worse, 3)Would be nice to have in a smaller portion size/other flavors (but might be related to limited retail supplies), 4)Loaded with sodium 5)Noodle block won't fit in a regular sized bowl for microwaving.<br /><br />Altogether it's good stuff.",1316044800,1,1
B000VQD4Z6,5,"great product, great seller",A friend from work got me hooked on these noodles. They are way better than the Ramen in most stores. Very Asia is also great to deal with.<br />  borglyn,1315094400,1,1
B004HV7TG6,3,"Good noodle, but average soup paste","I have try their Menraku Tonkotsu Ramen, which was suprise good, very good value for $1.50 in the local asian grocery store, it was the cheapest tonkotsu japanese made ramen i can find, so i try a different flavor, the miso paste taste close to those cheap miso soup paste pacakge, is not something i would order again, the noodle was good.",1349913600,0,0
B0002IZD1G,5,Absolutely try this!,"My first exposure to Bulldog was when first meeting my future husband's family in NH. Went for dinner to the local Japanese restaurant & everyone raved that I had to try the Bulldog. Not being a sauce fan, I hesitated, but finally put some on my rice. It was very subtle & not overpowering. Didn't take long to become a fan!<br /><br />Every visit we make to his family, we have to buy more Bulldog (sometimes 3 & 4 bottles, not knowing when we'd get to visit again..would be horrible to run out). For whatever reason, we can't find it in our local stores.<br /><br />It's really good as a marinade - I've used it with chicken, beef & pork. It works when cooking on the grill, on the stove, or in the crockpot.  It's my ""secret ingredient"" in beef stew, and it's really good on plain ramen noodles too. I'll have to try putting it on mashed potatoes, as another reviewer mentioned. Sounds good!<br /><br />I'm so happy I can buy Bulldog at Amazon...Huge savings over what it costs at the restaurant, and it's delivered to my door...gotta love it.<br /><br />I'd seriously be surprised if someone were to try this & not like it.",1261785600,3,3
B000LKVD5U,5,My favorite Kettle Chip,"These are my favorite, but they aren't for everybody. In a way, they sort of taste like Oriental flavor ramen, but with a kick. For me, how can one go wrong with the combination of jalapeno and ginger? They are a bit rich, so they aren't for EveryDayForAMonth snacking. Because this is a case purchase, I recommend trying out a single bag before buying an entire case. The 2oz size seems to be no longer available, which is a shame; I can eat the entire 5oz bag.",1327968000,1,1
B0040WCQKQ,5,love the 2 spicy ones,"cheap ramen smell disgusting and aren't vegan. this one is and it tastes delicious. the price does suck but really that's what convenience foods like this should cost. it should always be cheaper to make your own food. so for the few times when i do not have time to cook, it is worth the $2 (or 1.50 on sale sometimes in supermarket)",1301443200,8,8
B0040WCQKQ,4,Delicious for a packaged convenience food,"Make no mistake... this is a pre-packaged, instant convenience food.  That said, it's quite good for what it is.  Also easy to make: add water, microwave one minute on high, stir, microwave 4 minutes on low.  I prefer that method to the microwave 2 minutes, let stand 10 minutes directions of many other Dr McDougall's soups.  Unfortunately, my microwave doesn't have a high or low setting so it was just a little dry by the end of the last 4 minutes.  I'd probably do 2 or 3 minutes for the second microwaving and see how that goes next time.<br /><br />I also think the packaging is a little misleading.  It looks similar to the packaging of products like <a href=""http://www.amazon.com/gp/product/B000E123IM"">Annie Chun's Udon Soup Noodle Bowl</a> in which you have more of a bowl or meal tray that contains noodles and flavor or sauce packets.  It is in fact a soup cup to which you add water and flavor powder.  I assumed the higher price (vs regular Dr McDougall's soup cups) and the description of 'Entree' meant it would be more like the former, with actual noodles and sauce.  The noodles are much more like ramen noodles.<br /><br />That aside, the flavor is good and I'll continue to eat them now and then, when I'm too tired or busy to cook something, but will probably not reorder.",1311724800,6,6
B0040WCQKQ,3,Quick and Decent Flavor,"I ordered these because of the fairly high reviews.  Honestly, I expected more.  Do they taste good?  Sure, for instant noodles they are passable.  I do like spicy food and don't find these to be hot at all.  They are a touch better than the generic noodles in a cup, but I don't think these warrant the price.  I didn't have the ""ah, these are actually kind of tasty"" feeling when I finished the first cup I tried.  With that said, I will finish the five cups I have left, but I doubt I will ever order these again.",1332979200,1,1
B000LQLV3S,5,One of the Tastiest,"This is one of the tastiest brands of ramen ever.  There quick and easy to make, no prep work needed, just boiling water.  The noodles are thicker then those card board cup o noodle and so much more tastier.  The sauce is spicy so it'll get you sweating on a cold night.  I recommend eating these while watching your favorite TV show or if you need a quick noodle fix.",1235088000,18,22
B000LQLV3S,5,This is GOOD noodle soup!,"I ate a lot of ramen noodle soups in my college dorm days (didn't we all?) but this one is SO much better!  The noodles are the Udon style which means they are thicker and heartier than the Nissan or Maruchan.  Also, this soup contains not only a soup base packet but also a veggie packet, which the other soups don't.  Even better!<br /><br />In the veggie packet is a lot of dried seaweed, which, when added to the boiling water, rehydrates into recognizable, pleasantly chewy chunks of seaweed!  The flavor base contains mussels and cuttlefish, so, between the seaweed and those sea creatures, there is a nice seafood flavor to the broth.  And, to be honest, with Nissan and Maruchan, I really can't tell the difference between ""oriental"" ""chicken"" ""beef"" or ""pork"" flavors... they all just taste pretty much like ""broth"".  With this soup, the broth actually tastes good and the seafood flavor comes through!  And, while it is nicely spicy, in the future, I may add some Sriracha since I like it even spicier!  I might also add some dried mushrooms and a few green onions, and, once in a while, Sichuan peppercorns for some tingly, floral flavor since I love them in my Asian soups!<br /><br />Also, I have never been to any Asian countries (only Europe) but Hubby has spent a lot of time with the military in Japan and Korea, so I asked him how this packaged soup compared to noodle vendors on the streets... and he said that they usually included some sort of protein (squid, octopus, pork or beef mostly) with the soup, but the noodles and broth were VERY similar to the flavor and spiciness of this soup.  He also enjoys it!<br /><br />As some reviewers recommended, I also added an egg at the end of cooking to add to the protein.  I love to cook, but there are days when I'm just too tired and 2 packages of this soup makes a nice, filling (and quick and easy!) meal for under a dollar each for Hubby and me.  I actually purchased this soup at a HUGE Asian market about 30 miles from me... for $1.09, so amazon beats their price if you spend $25 to get free shipping... and you don't have to spend the gas!  I see they now also have a subscription service which lowers the price even further.<br /><br />Compared to Nissan and Maruchan (and especially that dreck in the ""cup o' noodles"" which has NO flavor!), this Nong Shim soup rates 5 stars from me!",1268611200,13,16
B000LQLV3S,5,As good as a bagged chunk of noodles and mysterious powder can be,"I've been eating Nong Shim Neoguri for about 20 years... I was introduced to it in high school by a Korean student, and I've been slurping them ever since.  Back in those days, a case of 20 at the local Korean market was $7.  Now, they're $20+ on Amazon.  Still worth it though.<br /><br />There are really three things going on in the package:<br /><br />- The noodles: The heavy buckwheat Udon-style noodles have superior flavor and texture compared to ramen and other instant noodles.<br /><br />- The soup base: Very salty, very (red) peppery.  Not too complex, but tasty, and if you want complex from a bag of instant noodles, you might need to adjust your expectations.<br /><br />- The seaweed: I don't like seaweed, but I like this.  I don't know why that is.<br /><br />Because I like spicy, I typically use much less water than called for (I use about 1-2 cups depending on how brave I'm feeling) to produce almost more of a sauce that coats the noodles than a soup.  In my opinion, these noodles are at their best if you can eat them with a fork and still have minimal broth left over when you're done.  You may want to bring Tums to that party though.<br /><br />These are, in my opinion, as good as it gets in the instant noodle market.  I.e. they are five-star instant noodles, not five-star food.<br /><br />Downsides: The sodium and saturated fat are really high, if I still ate these like I did when I was 18, I'd be dead by now (37).  Also, merely reading the list of chemicals involved out loud may cause an allergic reaction in organic eaters.  I harbor a dim suspicion that ingesting enough would varnish one's insides in a way that may be of interest to anyone interested in bringing mummification back into fashion.",1322438400,7,8
B000LQLV3S,4,tasty but not for people on a diet,"I like the Nong Shim seafood noodles better than their regular spicy noodles and a lot better than Japanese-style instant ramen.  I'll buy another box when the price gets near $10 for a box of 20 again.  I usually boil for only 3 minutes to get a more al dente taste.<br /><br />Like all instant noodles, these are kind of high in fat and calories.  The nutrition information is for less than half a package.  If you're on a diet, you should eat more veggies instead of these noodles.",1240099200,9,11
B000LQLV3S,5,Tasty Spicy Seafood Udon by NongShim,"NongShim Neoguri Spicy Seafood Udon Type Noodle is my third Nongshim noodle that I've tried and love (I have tried <a href=""http://www.amazon.com/gp/product/B000LQORDE"">Nong Shim Shin Noodle Ramyun, Gourmet Spicy Picante, 4.2-Ounce Packages (Pack of 20)</a>, and <a href=""http://www.amazon.com/gp/product/B000LQJT5K"">Nong Shim Kimchi Noodle Ramyun, 4.2-Ounce Packages (Pack of 20)</a>).<br /><br />The taste of this noodle is spicy and seafood-y, and I personally like the dried vegetables that are included with this noodle; I think there are dried seaweed and kelp, and also some chopped green onions. At first, I was a little bit disappointed due to the 'fishy' smell of the soup base (just like one of the reviewers here mentioned, the smell did remind me of fish food); however, after the noodle was done cooking, I was happy to find that the smell was significantly reduced. Also, because this is supposed to be an udon noodle, the texture, which I like, is thick and chewy.<br /><br />Although this noodle is tasty, there is a downside. I found that all the instant ramen noodles that I have eaten so far are guilty for their notoriously high sodium content, including this one. The whole package of soup base powder cost us 86% of our daily sodium intake allowance, which is worrying to me (note that on the package, it says that the sodium content is 43% of the daily allowance; but it's only for half serving).<br /><br />What I do to deal with this: I use only half of the soup base powder and use less water so that the soup won't be too bland (I can always adjust the amount of water later on). I also add a splash of sesame oil before turning off the heat, and maybe some chopped fresh green onions when I'm not too lazy to do the chopping. Sometimes I also add imitation crab meat or eggs. Doing these really make the noodles more flavorful without having to use all of the soup base powder. If you're still worried about the sodium, do what I sometimes do: eat the solids only, and maybe several sips of the soup and dump the rest of it.<br /><br />All in all, this noodle is tasty and can potentially be healthier if we avoid using all of the soup base powder. I give this product 5 out of 5 stars.",1322179200,5,6
B000LQLV3S,5,Delicious!,"One of the best instant noodle soups I've ever eaten.  But it is even better if you add a packet of Kikkoman's instant Wakame Soup (Amazon sells this too), and a few cloves of fresh garlic sliced about a minute before you take it off the burner.  The Kikkoman's Wakame Soup is loaded with thinly sliced very tender and savory seaweed and spices that mix perfectly with this soup. The combination is scrumptious! I will be ordering both soups again.",1281052800,5,6
B000LQLV3S,5,My favorite ramen ever. Spicy seafood flavor...thick noodle...yum!,"This is the only instant noodle that everyone I know who tried it absolutely loves! It's spicy (to make it less spicy, put the packet in only at the end, and put in less powder.), and the noodles are nice and thick. I like to cook mine a bit longer so the noodles get thicker. Note: The closer to the expiration date, the longer you'd have to cook it to get the same texture. The noodle bag comes with 2 packets, one with veggies and seaweed and one with flavor powder.<br /><br />From what I can tell, this is the exact same product as Nong Shim's ""Seafood"" noodle. It just has the non-English name, ""Neoguri""...<br /><br />The difference between this and Shin Ramyun (another one of my favorites) is it has seaweed instead of mushrooms in the veggie packet.",1245542400,7,9
B000LQLV3S,5,The most delicious noodle soup around.,"I am a noodle fan.  I can enjoy almost any kind of noodle.  Spaghetti, ramen, Pho, Pad thai, you name it.  But this Nongshim Neoguri reign supreme.  I will gladly eat this any day any time any occasion. This thing is that good.",1330560000,1,1
B000LQLV3S,5,"Cheap, addictive meal","I love this ramen. It's so cheap and easy to make. What I do is I boil about 20 oz of water (a little more than recommended since I like the broth), put the noodles in. Around 3 minutes I put in a beaten egg, then stir and chop to make the eggs into little pieces. At the 4 minute mark I put in the spice and veggie packet. Around 6 minutes I turn off the heat. Stir occasionally throughout. Comes out perfectly and much better than microwaving!",1253836800,5,7
B000LQLV3S,5,My favorite ramen.,"This is simply my favorite ramen.  I love everything about it -- the noodles, the broth, and the spices.  Everyone I know who has tried this has converted from that maruchan garbage.<br /><br />I've always made this by bowling, sometimes throwing in an egg or vegetables for some added flavor.<br /><br />I'm pretty spoiled by online shopping, China/Koreatown is a little further than I care to drive, and this price is identical to the instore price for  case (as far as I can recall), so this is a solid deal.<br /><br />ALthough I admit, I would be a little disturbed by someone who would put this on Subscribe & Save.",1244332800,5,7
B000LQLV3S,5,This is my favorite instant noodle!,"I LOVE these noodles! I cook them up in a pot because I feel like if I boil the noodles a bit longer than directed, the noodles are soft and chewy. I throw in some frozen shrimp and scallops too and boil it all up together and it turns out great! I don't add the veggie pack though cause I think they're too dry and they don't have any flavor either (in my opinion). This has become my absolute favorite instant noodles!",1275350400,2,3
B000LQLV3S,4,"Very delicious, easy to make, quick shipping",I've been keeping a case of these in the house for a long time now and it's a good addition when you don't want to cook a big dinner or just don't want to eat much for lunch or something. It's different than regular ramen noodles since those are extremely instant; this kind you have to let it cook for a little longer to make sure it's getting softer and wider and edible. It's not that spicy if you take it easy with the spice packets. I always receive it quite fast after I place the order so I like that too.,1346630400,0,0
B000LQLV3S,5,Delicious,"I'm currently deployed on a USN Destroyer. I ordered this and Nong Shim Shin Noodle Ramyun. They both came pretty quickly considering military mail and they microwave well. I use a pyrex dish and it's perfect (I hate how plastic smells like ramen forever). It tastes good and it's freaking spicy! Awesome! Everyone is wondering what I'm eating around here. It's really not that fishy and I know another review said it smells like an aquarium... Nope. It doesn't. It's seaweed that has a smell, but it's not bad. Effing delicious and spicy. Buy NOW!<br /><br />I also strongly recommend the Shin Noodle Ramyun if you just wanna steer clear of the seafood.",1344297600,0,0
B000LQLV3S,5,Mmmm...,"I love these deluxe ramen noodles.  I typically add an egg and/or some fresh vegetables in addition to what's in the pack (broccoli, onion, mushroom, etc.).",1338249600,0,0
B000LQLV3S,5,Best Ramen Ever,"We have been buying this Ramen for years whenever we can find it at the local grocery. It was so great to get it in bulk from Amazon. This has thicker noodles so they have some substance. It comes with two packets. One is seaweed and little chunks of mystery seafood, if you like seaweed you will want to use this packet. I love it because there is more then one kind one seaweed in it. The other packet is the soup/spice mix. It is hot and delicious. When I make this as just noodles I only use half the package, for soup you can chance the whole thing. Especially if you have a cold and want to clear out our sinuses. In fact, this is right up there with chicken soup as a great comfort food when you are sick and just want to sit on the couch with a hot bowl of soup and watch cartoons.",1314144000,3,5
B000LQLV3S,5,"Spicy with a hint of ""seafood""","This ramen noodle soup is much better than plain old Top Ramen or Cup Noodles. In the package is three things: the noodle block, the broth packet, and the vegetable packet. The Udon-style noodles are pressed together in a circle shape. They're thicker than regular ramen, and have a very slight chewiness to them when cooked. The red broth powder is in the foil packet. You can smell the spiciness when you open it. The broth is quite spicy, but only has a hint of a seafood flavor. Most of the ""seafood"" comes from the veggie packet, which contains a bunch of seaweed, green onion flakes, carrot bits, and shiitake mushroom pieces. You could say it's a Spicy Seaweed flavor instead of Spicy Seafood. Overall, it's some of the best ramen I've had.<br /><br />Oh, and Nong Shim gives both stovetop and microwave cooking directions on the package. Nice if you only have a stove or microwave available.",1294012800,3,5
B000LQLV3S,5,"A bit of fire, but not too much.","I like these noodles much better than the box of Spicy Picante I got before. There is some spice to them, but not like the Picante, which I found too spicy and not very tasty. These have a great flavor to them!<br /><br />The noodles in this (Udon style) are also better; they have a nice fat shape to them and a good 'bite'. The veggie packet contains bits that smell like something you'd put in a fishtank, but taste amazing.<br /><br />I really didn't see any big deal with nong shim ramen until I tried these. I'll be getting another box.",1282953600,3,5
B000LQLV3S,5,Best Packaged Noodles (Ramen),"I have been eating this specific type of packaged noodles for over a decade... well before Nong Shim products became prolific in so many U.S. supermarkets.<br /><br />This is my favorite flavor from Nong Shim. Here are some tips to turn this from a quick snack into a great, hearty meal:<br /><br />Use your favorite brand of chicken broth mixed with water. Add some or all of the contents of the seasoning into the chicken broth / water mixture. Wait for it to boil. Cook the noodles for about 8-10 minutes. Roughly 4 minutes after you put the ramen into the pot, add your favorite meat product if you're not a vegetarian. I personally prefer pre-cooked, seasoned ground pork or ground beef. Finally, put in an egg or two into the pot. The eggs will sink to the bottom so turn down the heat if you're adding the eggs to the soup.<br /><br />Be careful not to add too much of the red spice packet. People who love extremely spicy food add half the packet or more, but I recommend most people not to do this. Not only does the soup become undrinkable, but the spice packet is what includes the MSG. I usually sprinkle a thin layer of the red spice once before the soup boils and another time after I put the ramen into the soup.",1290643200,2,4
B000LQLV3S,5,the noodles are Udon style!,"Stay away if you don't like spicy foods.  I just had my first bowl yesterday, it was great.  I can probably fool somebody that doesn't visit real ramen places with this.  Adding clams or imitation crab meat would be perfect!<br /><br />I am happy with my purchase<br /><br />***high sodium-don't drink all the soup",1280361600,2,4
B000LQLV3S,5,Even better than the original NONG SHIM Noodle,"I've been a long time fan of the Nong Shim picante original noodles, they are of superior texture and the soup is actually spicy enough to kick the spot. I ran out of stock of them recently so I decided to order from Amazon, and try a different flavor. Amazon sells the 20 packs box about 4 dollars cheaper than my local Korean market, free shipping, and the noodles arrived within 2 days. Compared to the original flavor, I like Neoguri even more because of its thicker noodle and the soup base is more flavorful, thanks to the added seaweed, without reducing spiciness. The thicker noodle means you can cook it longer without worrying the noodles turn soft, a problem I frequently had with the original flavor (not to mention any other brand of instant noodles). Give them a try if you can tolerate spiciness!",1279065600,2,4
B000LQLV3S,5,Awesome Noodles,Hands down the best Ramen Noodles I have ever had.  If you don't like spicy food don't buy these because these are spicy and good.  Will def buy them again.,1264809600,3,6
B000LQLV3S,5,yum.. yum..,im a fan of korean food but i have never tried korean ramen until my friend recommended it to me. he introduce the saefiid flavor to me.. and wow the spicy is really kickin and the thick noodle is just so fulfilling. it may look weird but you cant judge a book by its cover right?!,1255564800,3,6
B000LQLV3S,5,Don't buy these if you want to keep getting ramen from the grocery store for 10 for $1...,"This is the best ramen noodles that I have ever had. The soup is very flavorful and fairly spicy. They are way better than the kind you get from most normal grocery stores and I don't have any asian markets nearby. I really like having the little vegetable packet too, it adds a great textural element. My only complaint about this is that the soup is very strong and very salty so I usually don't eat the soup that is left over after the noodles are gone, but I really don't need the salt anyway so I am still giving it 5 stars.",1276300800,2,5
B000LQLV3S,3,"Whoa, I Think Our Kids Have Been Deprived","I don't have a lot against these fast cook noodles, except that they never were intended as a quality product - and I think it's a little too late to start now.  I eat these - I always have some around and Yes, I bought these very ones right here on Amazon.  I keep them around mostly for a quick lunch ramen fix when I'm in the mood - and sometimes I use them as the noodle base for a quick stir fry - I'll admit, they're good for 100s of things, none of which are as good as when I make them the right way.<br /><br />I just have two thoughts right now -no, that's a lie, I've got lots more than two - but I try to limit myself - OK, thought #1: whenever I do have these 'ramen' type noodles (these are not udon noodles, these are ramen), my fridge always has lots of leftovers that would blow these out of the water - I'm simply in the mood, and besides, whenever I eat these, I add lots of other goodies, such as veggies and meats, and other 'helpers' - I don't ever remember eating this plain like it comes out of the pack - I can't imagine that that'd be good at all - this stuff needs some help!<br /><br />Thought #2: I can't help thinking that we've raised a generation of kids that have been cheated, when it comes to the introduction of ethnic food tastes - I think far too many moms who may have been well intentioned, simply marveled at how quickly their kids took to this 'foreign' food back in 80s and 90s - and since it was like, 10 or 15 cents a bag back then, hey, why go any further?<br /><br />This stuff was invented to be fast and cheap - and I'm sure its success far surpassed the expectations of its creator - but then, I'm sure he knew what real ramen tasted like, and this was never going to challenge that stuff!  And I wonder what will happen when the kids who grew up on Top Ramen get their first real taste of  real fresh ramen?  Kinda like an epiphany, I think.<br /><br />What we have here at best is an improved version of Top Ramen - it may be better than Top Ramen, but when I eat it, I still think of how much better the real stuff is than this.",1328227200,1,5
B000PDN3MO,5,These are great!,"I ordered these as a Lightning Deal. Never tried it but it was like 50% off. I love spicy food and can never find anything I consider ""spicy"" anymore. Cooked these expecting ""spicy"" to be ""tangy"" as usual. WRONG!<br /><br />I drained 95% of the water out like I do with Ramen Noodles. Put the flavor packet on, and WOW it was SPICY. But I love it - great flavor. I had to cool my mouth down with chocolate milk. This from a guy who always orders the spiciest level at any ethnic eatery I go to.<br /><br />I'm sure if you don't drain all the water out before eating like I do, it will be fine. I plan on draining about 75% out next time. Finally, a food labeled ""spicy"" that actually is!",1235174400,4,4
B000PDN3MO,5,Nong Shim Rocks,"Nong Shim makes the best instant noodles on the market, and of them, the Spicy Picante is my hands down favorite.  The noodles have a great testure and the broth is wonderfully spicy.  And a bowl actually satisifes as a meal, which is not something I can say about say, Oodles of Noodles.",1211500800,2,3
B000PDN3MO,4,Great Spicy Ramen but Not Microwaveable,"I really am enjoying these spicy noodles and love the spicy flavor. However, I am very disappointed that you cannot microwave these (yes, I have tried and the foam almost buckled). Anyways, if you enjoy ramen that is hot you will like these. Two in a sitting is perfect.",1209513600,1,4
B000P504ZG,4,"Flavor okay, not great","I struggled with rating this bar a 3 or a 4.  Taste is only about a 3, but quality of ingredients in providing a healthy and edible alternative to a candy bar rates it a solid 4. Below is the gist a a review I wrote for <a href=""http://www.amazon.com/gp/product/B000ENWSBW"">Larabar Fruit & Nut Food Bar, Cherry Pie</a> comparing it with the PURE Wild Blueberry Bar.<br /><br />When I was searching for a healthier between meal afternoon snack I read a lot of reviews for a lot of products.  I wanted something with few ingredients, not ""fortified"" and with some nuts in it.  I settled on the Larabar Fruit & Nut Cherry Pie bars and the PURE Bar Organic Wild Blueberry Living Food Bar.  I love cherries and I love blueberries so they seemed like good choices.<br /><br />The stats of the bars are very similar, weight (both 1.7oz, not 1.8), calories, fat, sugars, etc.  The PURE has more protein at 6g vs 4g.  The Larabar has no sodium while the PURE has just a bit at 5mg.  The Larabar is thicker, the PURE bar is wider.  Visually the Larabar appears to have more nuts in it, which doesn't seem to jive with the protein stats.  The PURE bar has a grittier texture while chewing so maybe more of the nuts are finely ground.<br /><br />1st ingredient is dates for both followed by almonds and then cherries for the Larabar and followed by blueberries and various nuts, organic agave nectar, rice protein and lemon juice for the PURE bar.  One would think with the extra ingredients in the PURE bar they were added to tweak the flavor or give it a fresher taste, but the flavor of the Larabar is better than the PURE by a pretty good margin.  It has a much fresher and lively taste.  I have to say the PURE bar is a bit cardboardy tasting to me and has a drier mouth feel.  It is not bad, in fact my 2 youngest kids eat them readily, just not nearly as good as the Larabar.  I think the tartness of the cherries in the Larabar kick up the flavor vs the milder blueberry flavor of the PURE (maybe the lemon juice add as an attempt to kick up the PURE bar flavor and tartness?).  In fairness I should probably review the PURE Cherry Cashew bar but I much prefer almonds over cashews so don't plan on ordering any from Amazon.  If I stumble on the PURE cherry in a regular store I will give one a try though.  I still get both auto shipped from Amazon for variety sake, but am looking for a better tasting blueberry bar w/ basic ingredients including nuts.<br /><br />For grins here is a comparison of the Larabar, PURE, Snickers, Hershey's and Maruchan Chicken Ramen noodles in a few categories.  Stats are listed in the order I listed them in the previous sentence.<br /><br />Calories:  190, 190, 280, 210, 380<br />Total Fat:  8g, 9, 14, 13, 14  Saturated Fat:  0.5g, 1, 5, 8, 7<br />Sugars:  21g, 20, 30, 24, 0<br />Protein:  4g, 6, 4, 3, 10<br />Sodium:  0mg, 5, 140, 35, 1540 !!!<br /><br />UPDATE Nov 11, 2009  PURE has changed this bar.<br /><br />I got my regular shipment and noticed the bars came in a newly shaped box and new packaging.  Total fat went from 9g to 8g and they eliminated all sodium.  Total carbs edged up to 26g from 25g.  Protein remains 6g and calories at 190.<br /><br />The BIG CHANGE is that ""Organic Wild Blueberries"" drops from the 2nd item listed on the ingredients list to the 5th!  Blueberries are now after not only dates but walnuts, cashews and rice proein concentrate.  Bumping up the nut content would not be a bad thing, but since the total fat actually decreased and carbs increased, I think the nut quantity actually decreased along with the blueberries, but the date quantity increased.  This seems to basically be a date bar w/ nuts now and some minor blueberry content.  I'd love to see the actually quantity of blueberries in this bar.  Ironically, I can actually see blueberries scattered in the new bar, whereas the old bar was more of a dense blended mush.  The bar is noticeably lighter in color now (and density)...more tan than blue.  The new packaging implies a longer slimmer bar shape, but oddly the actual bar is shorter, wider and a tad thicker...package marketing?  The total weight is unchanged at 1.7oz.  I'm still looking for an alternative blueberry bar...I imagine cost is a big factor in blueberry content.  My 2 kids will still eat these but they noticed the change right away and are not impressed.",1249776000,97,105
B005F03WMS,5,The Best Seasoning,This seasoning is so tasty. Just pour about a tablespoon over Ramen noodles. It has the perfect blend of spice and sesame. Once you try it you will be hooked. Excellent!!,1333929600,0,0
B003V3CWC2,5,"Quick, Easy, Convenient & Delicious","I've been looking for a prepared Japanese curry product that had the same taste as the beef curry they used to serve at my favorite Ramen shop, before they stopped selling it (I guess I was the only one who would order it).  This is about as close as I've found to it, and it's incredibly easy to make.  Makes a great quick lunch out of the microwave with some rice, or you can add in some cooked meat (great use of leftovers!) and make a full meal of it.  They also say that you can put it over spaghetti or some other cooked pasta, but that's just a little too strange for me to try.<br /><br />This also works extremely well for camping since it's boil-in-bag and hermetically sealed, or could just be something to keep in the pantry for the long term.  It says ""HOT"" but if you've ever tried other types of Japanese-style curry, the scale of mild to hot is incredibly weak, with mild flavors coming closer to a sort of gravy and hot flavors not even reaching the level of the blandest Indian curry.  House Hot curry is very heavy on the apple and is rather sweet, but there's certainly enough spice to make it tastier than the milder flavors and there are a surprisingly large number of veggies for such a small pouch.  I'll definitely be ordering another batch once I've gone through the current one.",1320796800,2,2
B001EO6064,5,Dried Lotus Root,"I bought this to put into korean ramen noodles for some texture. I looked around and it really is hard to find this product for a reasonable price. Even the price on amazon seems high. The picture does not do much justice for how much you actually get. One packet lasted me atleast 3-4 months.<br />Lotus Root stops diarrhea, clears Heat and improves appetite. Lotus roots contains iron, vitamins B & C. The rich fibre content of lotus roots stimulates peristalsis and relieves constipation.",1285891200,4,4
B0000CNU59,5,Spice your ramen!,"Whether you eat Ramen noodle, mashed potatoes, couscous, mac-n-cheese or plain chicken breast, rooster sauce will warm it in a delightful manner. I consider it an essential staple and always have some available - be it at home or on deployment.",1325721600,0,0
B001IQ1ITM,5,great noodles,"i was scarred at first  of the taste..c'mon  a good see through noodle with no  calories,yeah right...BUT GUESS WHAT,,..A GOOD SEE THROUGH NOODLE WITH NO CALORIE..IS RIGHT.. I PREPARED IT AS THE PACKAGE SAYS, THEN ADDED FRESH GARLIC, PARSLEY,SALT PEPPER AND CHICKEN BREAST AND A LITTLE COCONUT OIL AND WATER...WOW GUILT FREE HIGH QUALITY RAMEN NOODLES..ITS GREAT....",1290470400,3,3
B000FFRTVI,4,Good Veggie Soup!,"finding vegetarian ""ramen-style"" easy-soups ain't easy, so I was happy to find these.  The price is about the same as my local Co-op (which I found them at later) so I probably won't by them on amazon again.<br /><br />Good enough to keep by my desk when I forget my lunch.  Easy to make with boiling water.  This flavor is allright, tho kinda watery for me.  I prefer the Black Bean one better.",1340755200,0,0
B000FFRTVI,1,Disgusting and Soggy Tortillas,"Simple directions, similar to ramen noodles to go. I thought this would be good for lunch. Very bland flavor, soggy tortillas and insulting as a meal. Vegan food should not be less than any other food. One positive, it has a good aroma. I missed my return deadline so I have 4 left. I tried one & couldn't get past 2 spoonfuls. I had someone else try one with the same results, and he eats almost everything.",1329523200,0,0
B000FFRTVI,5,Tasty Tortilla Soup,"These soups in general are good (albeit somewhat small) work lunches, and are surprisingly good quality for the price.  I've tried tons of these cheap noodle bowls - Ramen, Trader Joe's soups (spring onion), Annie Chun's, packages of miso, Simply Asia, etc.  What surprised me is that these are a lot better than Ramen, but still a lot cheaper than the Annie Chun/ Simply Asia varieties.  I think that Trader Joe's is still the freshest tasting (and my favorite), but I like how these soups have a variety of ingredients in them.  The tortilla has some corn, tortilla pieces, and some other mixed veg.  It's not too spicy, but you could add chili.  Sodium-wise I think it's a little high as with a lot of these packaged soups, but you can always leave out some of the seasoning and substitute with chili or the like to cut down on salt.",1305158400,0,0
B000FFRTVI,1,Gritty,"I've tried and liked other McDougall's soups, but this one was awful. The beans and vegetables were still way too hard after letting set for double the suggested time. Also, it was extremely gritty, like there was dirt in it! I threw it out after two bites because I thought I might break my teeth out on the grit. I recommend the Miso soup and Vegetarian Chicken Ramen... maybe they just haven't worked out issues with the dehydrated beans?",1223424000,5,8
B000VKA68A,5,Tasty.,"If you enjoy a bowl of ramen noodle soup, but are looking for something healthier, this is for you.<br />I just whipped up some of this with tofu and veggies yeterday. Just make sure not to overcook it, because it'll be less tasty.",1274745600,2,2
B000VKA68A,5,No MSG Ramen The Best,"This Ramen is fantastic. I can buy one 2 ounce pack for 99cents at my local store though. Can't understand why this costs so much more, plus you're stuck w/ S&H.",1249689600,2,2
B000VKA68A,4,"Good, but kinda bland","I like that this is vegan but it really is rather bland. But no worries. I add some mushrooms, some chopped peppers, and my fave hot sauce and it is wonderfully delicious. There is much you can do with this as your base. Nothing is as comforting as a bowl of hot ramen soup. I have tried the miso one too and it is also pretty awesome.",1277251200,3,4
B000VKA68A,5,Healthiest Ramen I've found,"We're vegans and eat very healthy, but occasionally crave some ramen too - most ramen out there contains too much sodium and all sorts of tasty but unhealthy ingredients in the spice packet.  Not this one - though yes, the taste is pleasantly mild, it's not as strong as you may be used to from generic brands - it's also organic and much better for you.  And if you like to work with what you've got at home to add some flavor, you can easily add a veggie or your own seaweed while it's cooking to take things up a notch.  We even put some garlicky kale in last night and it was delicious.",1266364800,2,3
B000VKA68A,5,I really love this flavor in particular,"This ramen is delicious but I especially love the seaweed variety as I've also tried the mushroom and lemongrass. I added a few drops of lemon after it was done cooking and it was soooooo good. The little pieces of real seaweed made it all the more irresistible. It's hard to find so I was considering purchasing it here, but I thought it was going to be cheaper. Now that I think about it, this might come in a larger size than what I got.",1339200000,0,0
B0029JZMA8,5,"Haven't order online yet, but this is abolutely the BEST!","The person with the negative view must have received pepperoni that had accidentally been punctured at some point. Something is definitely wrong. I have been eating this pepperoni for over 30 years and it is fantastic! Thirty years ago, my brother convinced me to put some slices of the pepperoni in my spaghetti sauce; it was outrageously good. I have used it ever since--me and my entire family.<br /><br />I even eat it ""raw"" (can't be raw or it wouldn't keep). It's one of my primary snacks on the Atkins (and I've lost 25 lbs). I hope the nay-sayers try it one more time--they are missing out.<br /><br />The super Wal-Marts sell it and they are always running out. And by the way, I live in Sacramento and I'm an instructor at a college; don't work for Bridgeford! I'm only online because Wal-Mart runs out so fast (just came from there) and I would like to buy a large supply I can count on. Actually, I have two, inch and ahalf pieces that I've hid from my husband in the fridge. I guess I'm addicted!",1307404800,2,2
B000H27N6U,5,This ramen is freakin' awesome.,"Yes, you can buy the 10 cents/pack super cheap ramen, but this is more for a reason;  it's really good!  Sapporo Ichiban has been my favorite ramen for many years.  It has probably shortened my life by a decade (God only knows how they make something so cheap so good), but what a way to go!",1195603200,10,11
B000H27N6U,4,Better ramen,"This ramen is better than the cheaper stuff you can get in your local grocery store. You get more noodles basically, which is nice. I wish someone would come out with an instant ramen noodles that had no MSG though.<br /><br />I wouldn't pay to have these shipped, but if you can add them to an existing order to get free shipping or if you have Amazon Prime, it's probably worth a try.",1221696000,4,5
B000H27N6U,5,"Pricey, but oh so good.",I love Sapporo Ichiban. Preparation is quick & easy. Flavor is very good. Chicken is my favorite followed by beef. I'm not a fan of the other flavors but you might be. Quality is much higher than dime ramen. I can get this brand at my local Asian market for 59 cents a packet which is $14.16 a box otherwise I would buy it online.,1320278400,1,1
B000H27N6U,5,Sapporo Ichiban is Number 1!,"I've been eating ramen since I was a little girl living in Japan.  If you can't get it fresh from a ramen stand, these packaged instant noodles are the best alternative.  The noodles are light and slurpy and the soup base is tasty, but a wee bit on the salty side.  Sapporo Ichiban costs a bit more than other ramen noddles, but it's worth it!  My brother and I both buy this brand when buying ramen in the store.",1318723200,0,0
B000H27N6U,5,My favorite ramen noodles,"I love this brand of ramen noodles!  It's very hard to find at the regular grocery store, so I'm very glad Amazon carries it.  I order a case of each flavor and they last me about a year!  Please don't stop carrying Sapporo Ichiban!!<br /><br />Noorah",1304294400,0,0
B000H27N6U,5,Great Ramen Noodles,"I'm Asian-American, particularly Thai-American, and I've eaten Sapporo Ichiban ramen noodles for as long as I can remember, ever since I was a little girl. Yes, my family has been loyal to this brand for that long. I've tried many brands of ramen noodles in my lifetime, but the taste of the other ramen noodle brands is bland compared to Sapporo Ichiban. I'm very glad that Amazon sells Sapporo Ichiban products. It beats my family having to drive to an international food store, like we have always done, to get this product. Yes, this product is made in the U.S., but they're Japanese-styled. (By the way, my thoughts and prayers are with the Japanese people who are currently dealing with the earthquake and tsunami disaster mess in their nation.) I've read all the reviews on this page, and some people have complained about the taste. Each person is different, and personally for me, I think that Sapporo Ichiban tastes better than the other instant ramen brands out there. Plus, what can you really demand when it's instant ramen noodles, the keyword being ""instant""? If you truly want an excellent noodle experience, go to Japan and Thailand and order noodle soup dishes at their noodle shops. I've traveled to quite a few Asian countries in my lifetime, and nothing beats eating noodles in Thailand and Japan and listening to customers slurp away and enjoying their noodle experience. But since we can't fly away to Thailand and Japan each time we want to, we really can't demand or expect that much from ""instant"" ramen noodles. My family eats the chicken and beef-flavored Sapporo Ichiban. We have also tried the shrimp-flavored and original style as well. My favorite is the chicken-flavored. But if you don't like the chicken-flavored, there are the other flavors mentioned. Plus, I like the fact that these Sapporo Ichiban ramen noodles only consist of noodles and a soup flavored base. There are no additional toppings. So, my family and I can add our own ingredients such as vegetables, meat, eggs, cheese, etc. Another good thing about the Sapporo Ichiban brand is that you get a lot of noodles for the amount you pay. One individual package fills up a big bowl. You get more noodles from Sapporo Ichiban compared to a lot of other brands. I think that Amazon is offering a reasonable price for this 24 pack of Sapporo Ichiban ramen noodles.",1301184000,0,0
B000H27N6U,5,My kids' favorite,"It's not only my kids' favorite, the entire family loves it.  We much prefer the Sapporo Ichiban brand ramen to the less expensive kinds.  The kids love the chicken flavor, while the other half prefers the original.  Just a really good quality, good tasting ramen.",1298764800,0,0
B000H27N6U,3,Stick with Original Flavor.,"I went on a limb and tried the Beef and Chicken flavors, boy what a mistake. I was introduced to the original flavor by my Korean GF and was amazed at how much better the quality was over any other ramen I had prior.<br />The discount at Amazon was such I decided to purchase the other two flavors above. The noodles are still great quality but the flavoring is horrid. I've since given the entire boxes to a friend that will eat anything. Even he commented the flavor wasn't great.<br />Stick with the original and you'll be much better off. At least that is my opinion.",1228521600,4,7
B000H27N6U,3,Even Steven with Top Ramen but larger portion,"Well, we all know this one is not a healthy thing to eat, but we love it cause it is easy and tastes good. My sons like top ramen as their favorite, but this one, according to them, tastes the same, but has more noodles. I personally think this is even saltier.Not sure if it is good enough for the price though.",1178928000,1,4
B000HQL1B4,5,It's noodles!,As someone milk allergic it's insanely difficult to find ramen that has no milk-based ingredients and that is not made on equipment shared with dairy. Tradition's products are not made to cater to the allergic but being Kosher parve means they're suitable. Since they're parve they should also be fine for vegans although I haven't looked into it.<br /><br />They have a taste almost identical to your standard beef cup noodle. The vegetables rehydrate nicely and the noodles don't swell up hideously if you let it sit for longer than directed. I was quite pleased since these were the first ramen I've been able to eat in about three years.,1263513600,0,0
B0028PDER6,5,Spicy Goodness,"Mmm..  This type of noodle and flavor reminds me of the Picante flavored Nong Shim instant noodle bowls.  The noodles are clear, and I presume it's not deep fried.  You can see the nutritional information by clicking ""Nutrition Facts"" near the top.  I want to say that most of the fat actually comes from the sesame paste..  I call that the ""oil packet.""  You don't have to put that in if you want to lessen the amount of fat you're eating.  It's about medium spicy, and really good.  It comes with two pieces of dehydrated bok choy, which adds some fiber to the meal/snack.  It's not for people who are afraid of sodium or MSG though...  It's got plenty of sodium (1,610mg aka 67% DV).  If you eat it, try to not drink all of the broth, it'll help.  This bowl is more meant for someone with hot water on hand (you could always microwave some water in a bowl and pour it in).  It says it's not microwaveable, presumably because the plastic labeling around the bowl stays on.  I have a hot water dispenser, so this isn't a problem.  I just open the flavor packet, put it over the noodles, add hot water, wait a few minutes, and stir.  Then it's ready to eat and real yummy!",1263772800,4,4
B0028PDER6,5,Noodle Haiku,"The spice is just right<br />With healthy bean noodle<br />Better than ramen.<br /><br />Once you've tried this, you will wonder how you've been living with the 10 packs of ramen. This is by far the best instant soup I've ever had.",1330819200,0,0
B0028PDER6,4,LOVE THIS,"This is the best kind of instant noodles that I have ever tasted. The only problem I found were the little pieces of dehydrated little balls of something, tofu maybe? I can't quite fathom. They taste fine, this is just a preference issue. The vegetables tasted almost fresh and it IS spicy. And I eat Sriracha like ketchup. A definite must-have in your cupboard.",1297900800,0,0
B0028PDER6,5,terrific spicy noodle soup,"I got hooked on the spicy sesame Crystal Noodle soups when my grocery used to carry them, but now the soup can't be found anywhere in town so I have to order online.  And boy, is it worth it.  This soup is made up of thin, almost clear crystal noodles that comes with a block of dehydrated bok choy and paste, plus a little envelope of sesame paste. You put the block of bok choy and paste on top of the noodles, pour boiling water until it reaches the fill line, then put the lid on and let it sit just a couple of minutes.  Then you add the sesame paste, which tastes a little like peanut butter and pairs with the spiciness of the broth wonderfully.  The paste is a little difficult to get out sometimes, requiring some finesse with a butter knife, but it's worth it.<br /><br />The noodles are filling and taste better than the kind you get in the usual ramen soups.  The broth is a medium spice that builds, and the bok choy rehydrates well with good flavor.  The calories are quite good, only 280, but the sodium is high as you would expect.  I pair a bowl of this with an egg roll or two and am full for hours.",1300579200,1,2
B001AYB8KQ,4,Tasty and satisfying 5 minute Chow Mein,"Ever since I was a young one, I've had a pack of ramen here and there. Simple small snack even with the high sodium.I am normally content with instant ramen which requires 20 minutes to prepare(boiling the water and etc) 2 Months ago my brother handed me a pack of Nissin Chow Mein, at first i thought what the heck is this? this can't be better than 25cent ramen.Decided to try it out, figured what could i lose besides 1 cup of water.I rip the contain open, and see the liquid sauce/seasoning and the premium which is dried vegetables and bits of beef. First i added the vegetables and beef and poured water up to the line inside the container.Place it in the microwave and slam the door and put it on 5 minutes exactly.After 5 minutes, i take the contain out and examine the noodles and vegetables/beef. These noodles are pretty stable and thick, the kind you would find from any take out place on the corner.The place you've been to a million times but they don't recognize your face or name even if you order the same thing. Anyways the pieces of beef and vegetables are brought to life and have a hint of flavor, after seeing that i added the sauce and stirred the noodles until they were all coated evenly and equally. I stuck my fork in and twirled a good amount of noodles and I have to say, these noodles are pretty good quality consider they sell for $1 a pack.<br /><br />Last Week, i checked up on these noodles on amazon and found 8 packs for 7.92, that is a steal, $1.83 is the price at my local supermarket.Anyways i place a order using my amazon prime account and they arrive 2 days later. I really enjoy 2 day shipping!<br />I opened the box from amazon to see the 8 pack of noodles, in the bulk type packaging. The type of packaging the supermarket gets before they are opened and placed on display for people to buy.Hopefully these can last a month, I can't imagine them lasting longer.<br /><br />If your a busy person or your on a budget like myself, these are a great way to satisfy your hunger while on the go. Pretty easy to prepare and they will leave you feeling full. Here's a tip of mine, add your own meat/vegetables.It's fun to customize your meal up.<br />If your expecting restaurant quality noodles with big pieces of beef and lush vegetables stick to your local ""spot"" we all got them.",1325376000,1,1
B000H1217M,5,Little doggie attention magnets!,"I am a trainer at a local no-kill shelter.  I work with all different types and temperaments of dog, and the only common denominator is that I need their undivided attention and a reward they'll do almost anything for.  Plus, being a wide population, I needed something with a simple ingredient list (so as to avoid digestive issues).  THIS IS THE TREAT!  I am a huge fan of Zuke's already, but was dubious as to whether or not one type of treat would suit the tastes of so many different dogs.  The chicken flavor has yet to fail me.<br /><br />Low-calorie, a universally appealing flavor and the perfect training size.  Bonus for trainers: they don't smell half bad!  However, their scent is still strong enough to work as a puzzle toy filler, a Kong filling, for tracking or scent games or to just grab focus from an enticing squirrel. ;)<br /><br />Even previously feral and non-treat-motivated dogs seem quite happy that I bring these.  Highly recommend.",1328140800,0,0
B0033TYF2E,4,"Flavor okay, not great","I struggled with rating this bar a 3 or a 4.  Taste is only about a 3, but quality of ingredients in providing a healthy and edible alternative to a candy bar rates it a solid 4. Below is the gist a a review I wrote for <a href=""http://www.amazon.com/gp/product/B000ENWSBW"">Larabar Fruit & Nut Food Bar, Cherry Pie</a> comparing it with the PURE Wild Blueberry Bar.<br /><br />When I was searching for a healthier between meal afternoon snack I read a lot of reviews for a lot of products.  I wanted something with few ingredients, not ""fortified"" and with some nuts in it.  I settled on the Larabar Fruit & Nut Cherry Pie bars and the PURE Bar Organic Wild Blueberry Living Food Bar.  I love cherries and I love blueberries so they seemed like good choices.<br /><br />The stats of the bars are very similar, weight (both 1.7oz, not 1.8), calories, fat, sugars, etc.  The PURE has more protein at 6g vs 4g.  The Larabar has no sodium while the PURE has just a bit at 5mg.  The Larabar is thicker, the PURE bar is wider.  Visually the Larabar appears to have more nuts in it, which doesn't seem to jive with the protein stats.  The PURE bar has a grittier texture while chewing so maybe more of the nuts are finely ground.<br /><br />1st ingredient is dates for both followed by almonds and then cherries for the Larabar and followed by blueberries and various nuts, organic agave nectar, rice protein and lemon juice for the PURE bar.  One would think with the extra ingredients in the PURE bar they were added to tweak the flavor or give it a fresher taste, but the flavor of the Larabar is better than the PURE by a pretty good margin.  It has a much fresher and lively taste.  I have to say the PURE bar is a bit cardboardy tasting to me and has a drier mouth feel.  It is not bad, in fact my 2 youngest kids eat them readily, just not nearly as good as the Larabar.  I think the tartness of the cherries in the Larabar kick up the flavor vs the milder blueberry flavor of the PURE (maybe the lemon juice add as an attempt to kick up the PURE bar flavor and tartness?).  In fairness I should probably review the PURE Cherry Cashew bar but I much prefer almonds over cashews so don't plan on ordering any from Amazon.  If I stumble on the PURE cherry in a regular store I will give one a try though.  I still get both auto shipped from Amazon for variety sake, but am looking for a better tasting blueberry bar w/ basic ingredients including nuts.<br /><br />For grins here is a comparison of the Larabar, PURE, Snickers, Hershey's and Maruchan Chicken Ramen noodles in a few categories.  Stats are listed in the order I listed them in the previous sentence.<br /><br />Calories:  190, 190, 280, 210, 380<br />Total Fat:  8g, 9, 14, 13, 14  Saturated Fat:  0.5g, 1, 5, 8, 7<br />Sugars:  21g, 20, 30, 24, 0<br />Protein:  4g, 6, 4, 3, 10<br />Sodium:  0mg, 5, 140, 35, 1540 !!!<br /><br />UPDATE Nov 11, 2009  PURE has changed this bar.<br /><br />I got my regular shipment and noticed the bars came in a newly shaped box and new packaging.  Total fat went from 9g to 8g and they eliminated all sodium.  Total carbs edged up to 26g from 25g.  Protein remains 6g and calories at 190.<br /><br />The BIG CHANGE is that ""Organic Wild Blueberries"" drops from the 2nd item listed on the ingredients list to the 5th!  Blueberries are now after not only dates but walnuts, cashews and rice proein concentrate.  Bumping up the nut content would not be a bad thing, but since the total fat actually decreased and carbs increased, I think the nut quantity actually decreased along with the blueberries, but the date quantity increased.  This seems to basically be a date bar w/ nuts now and some minor blueberry content.  I'd love to see the actually quantity of blueberries in this bar.  Ironically, I can actually see blueberries scattered in the new bar, whereas the old bar was more of a dense blended mush.  The bar is noticeably lighter in color now (and density)...more tan than blue.  The new packaging implies a longer slimmer bar shape, but oddly the actual bar is shorter, wider and a tad thicker...package marketing?  The total weight is unchanged at 1.7oz.  I'm still looking for an alternative blueberry bar...I imagine cost is a big factor in blueberry content.  My 2 kids will still eat these but they noticed the change right away and are not impressed.",1249776000,97,105
B0018CICX6,5,AMAZING Dog Food at a reasonable price.,"We have a mixed breed dog; likely a Walker Coonhound/Great Dane mix. He's a 85-90lb lanky, goofy, lovable example of a canine, but he has a digestive system that is more temperamental than my own weak stomach. As a pup, we had continued him on the original shelter's choice of food for the sake of consistency: Purina Pro Plan, but that food is a misleading, expensive upgrade to a standard grocery store food, which I wanted to get him off of as quickly as possible. From research, and experience, I've found that you either pay for your dog's health through your dog food bill, or through the vet bills that you'll inevitably get from feeding them junk food. We chose the former. We had tried other high quality foods like Wolf King, Solid Gold, and some samples of Wellness.<br /><br />Nature's Variety Prairie, although not their highest level kibble (Instinct), is an affordable and healthy alternative to the low grade grocery store brands. I was unbelievably happy to find this on Amazon now, after feeding this to our dog, Toby, for the past 6 months - and at anywhere from $10 to $5 cheaper than the few pet supply stores near us that sell this brand.<br /><br />I'm not quite as scientific about our choice of food for him as some other reviewers/owners out there, but I did want to keep his diet free of low quality grains/wheat, and disgusting, bottom-of-the-barrel, meat and protein sources. With this food, I know the meat and protein is a primary ingredient (as it should be) and is complimented with healthy fruits, vegetables, minerals, and oils that would theoretically be found in the wild. I would love to begin rotating the food at some point soon to explore his interest in the other meats, specifically lamb.<br /><br />To be blunt for a moment, his stool is now dense, dark, and smaller in quantity than it was with the low grade food he was started on, since the majority of the food is healthy and absorbed through digestion. When he goes, it's not the gamble that it once was when his stomach was being bothered by the junk food full of fillers and unnatural ingredients. His coat is shiny, his energy level is high (maybe too high, haha), and he continues to be the happy, healthy dog that he should be. I owe a lot of this to Nature's Variety, and I'll continue to purchase their food (now through Amazon Prime with two day shipping) as well as their treats, which I bought for the first time yesterday.<br /><br />This food is worth every penny, and it's still cheaper than many of the other high quality holistic foods out there.",1293840000,15,15
B000GZSI5I,4,"good soup, but rip-off price","This is my favorite of the Thai Kitchen soups.  The broth has a tangy taste, and since the noodles are not fried they are lower in calories and better for you than the ubiquitous instant ramen noodles.  I like to add some frozen veggies and/or precooked meat to the soup to turn it into more of a meal.<br /><br />But....  Amazon's price is something of a rip-off.  I can get these for $.79/packet at a local natural foods store and I'd expect to pay less than that when buying them in bulk.  I'm sticking with shopping locally for this item for now.",1322352000,1,2
B001EQ5FTU,5,Maggi Noodle Masala in cubes,"Oh, what can I say about this... I added some of these in chicken soup I was making and everyone loved the soup. These vegetable Bouillon cubes made it taste great. Also great to give Ramen noodles a nice flavor when you are bored with the usual spice they come with. It makes them taste like maggi noodles from India. Even If have Maggi Masala noodles and you want to make the noodles spicier, you can add some of these cubes to the broth.",1334188800,0,0
B000KOUKMY,5,Luzianne Tea,"This tea is so smooth, better than Lipton or any other iced tea product.  In fact the people I work with have tasted the tea and have asked where they can get it. Shame you can't find it in Sacramento, California.",1350604800,0,0
B001GVIQY4,5,Great smoothie juice...,"sold at Java City outlets in Sacramento, CA blended with ice, this juice makes a wonderful smoothie.  If you like the acai berry flavor, you will love this juice blend!",1247270400,1,1
B0083OITYY,4,"GLUTEN FREE!  So good, I had to review it!","BOTTOM LINE:<br />GLUTEN FREE!  This stuff was sooo good, I really wish I had another bowl right now. The Quantity:Price ratio takes the product down one star.<br /><br />FLAVOR:<br />I thought the flavor was excellent, in that I could really taste the garlic, pepper, and onions.  The broth was a little salty at first, but I added a bit more water to get it to where I wanted.  I also thought it could use a little spiciness, but I feel that way about everything (I left out their oil packet and added a squirt of my own Hot Chili Sesame Oil - <a href=""http://www.amazon.com/gp/product/B0005ZXXWM"">House of Tsang Hot Chili Sesame Oil</a> and it was perfect).  It was really nice in that it had more than just your standard chicken/ msg broth flavor - it had real subtle flavor notes.<br /><br />NOODLES:<br />GLUTEN FREE!  I thought I would note that I really like the noodles in this - they are not your standard Ramen noodle, but are a form of rice noodle, similar to Vietnamese Pho.  These take a little longer to cook, but are definitely a great match for the broth.  I bought them because they are gluten free, but they make a great soup noodle in their own right.<br /><br />QUANTITY vs. PRICE:<br />I wish there was more in the bowl than what was provided.  This is what takes the product from 5 stars down to 4.  For the price, I wish there was more food - or for the amount of food, I wish it was cheaper.  To be fair, I bought this at my supermarket, and not on here, but the price is similar.",1342396800,0,0
B004XUGORG,4,surprisingly good,"I have been eating this brand of instant Yakisoba for awhile now, but had never heard of the Beef Taco flavor.  Based on the unbeatable price (subscribed at under $6 per 8 pack), I was intrigued, but also afraid it may have been priced so low because it was unpopular.  I gave it a shot and I had to write a review on it.  While not my favorite Yakisoba flavor (spicy chicken), it's a real nice flavor. It is possibly a tad salty, even by ramen/instant noodle standards, but the difference between this and your usual 'fake umami' flavor that most of these go for is enjoyable for a change.",1345075200,0,0
B004XUGORG,1,Tasted like salt,"I'm usually okay about salt content, since I grew up eating instant noodles (and continued throughout college), but this Beef Taco flavor tasted way too salty. There is definitely a hint of ""beef taco"" flavor, but I couldn't tell from all the salt.<br /><br />In addition, be careful about reading package labels, since there are TWO servings per box, which accounts for 76% of your daily sodium intake. Yikes.",1344988800,0,0
B004XUGORG,3,"Meh, not really spicy...just noodles with taco meat flavoring","I didn't actually find these too spicy at all...probably not spicy enough.  The problem was they taste like pretty decent ramen noodles...with a packet of taco meat flavoring mixed in.  I guess my expectations would be too high to expect something ""complex""...but something more than meat flavoring would be nice.<br /><br />Next time, I'll try a half packet (and a few shots of hot sauce)...and save the other half for taco meat.  Adding some meat and vegetables to the dish would definitely round out the ""meal"".",1342656000,0,1
B001F2GDQ2,1,Not With Corn Gluten Meal in It - NO THANKS!,"Crude Oil is natural, too, but I'm not going to feed it to my dog. Corn is bad for dogs and any vet will tell you that. At least whole corn is human-edible. Corn gluten meal's other use is as an herbicide (shudder). No thank you. Do the research, this also has 'animal fat', which has been listed as a very unhealthy ingredient as well. Purina can try dressing up this stuff as much as they like, it's still bad for dogs and it's filler.<br /><br />If you have enough money to buy yourself snack foods, if you're not eating ramen noodles for the last two weeks of every month and if you can drive through a fast-food joint, then feed your dog food that will extend his life.",1340150400,2,2
B000FFIEMQ,5,Edible Ramen,Let me start by saying that until now the only use I had for ramen noodles was possibly using them as packing material.  I truly did not consider them food until now.  I came into my kitchen following the smell of some really good oriental food cooking.  When I entered the kitchen looking for the source of the delicious aroma I found my college age son munching on what appeared to be a instant noodle cup.  Upon further investigation I found that the really good oriental flavor and aroma were coming out of that cup.  I'm hooked.,1340755200,0,0
B000FFIEMQ,3,Not quite what I was expecting,"This has a fair amount of elbow macaroni in it, not quite what I was expecting for a ""pilaf"".  Taste is okay, but I find the Chicken Flavor Ramen variety to be more congruous.",1284940800,0,0
B000FFIEMQ,1,Makes want to give up eating healthy food,"I was looking for an easy snack that was an alternative to ramen and such. However, this was a very big disappointment. The flavor was awful, not only bland, but it had some sort of off putting stench. Some sort of plastic trying to be meat smell. Second is the portion. There is a reason that this thing only has a small number of calories, it's because there are only like 4 bites of food in here. I'm much happier with a head of raw cauliflower. Now I don't know what to do with the rest of the box.",1293062400,0,1
B005Z3E5WG,4,Chicket noodle(=ramen) ?,"Yeah, this is way expensive here in amazon.<br />(It's not yet imported by any of Korean mart - at least, in Chicago - but if so, price will go down.)<br /><br />I'd like to describe the ""what this is""<br />- This is developed by a Korean comedian (Kyung-Kyu Lee) in a comedy show<br />  (the show hosted Korean Ramen competition and he won 2nd prize)<br />- It's spicy + chicken stock ramen. it not ""red spicy"" but jalapeno spicy.<br /><br />I'm sorry to kko-kko myun, but you could make it with chicken bouillon, ramen-noodle, the white of egg and jalapeno (optional chicken breast) :-)<br /><br />enjoy!",1324598400,3,3
B005Z3E5WG,4,From a Korean-American,"Kko Kko myeon is almost a myth in S. Korea as many people have searched for it and have failed to find this ramen in their grocery stores.  After much anticipation, I have put my hands on this treasure that I have longed for.<br /><br />Noodle quality wise, I'd have to give this ramen a 5 star, simply because of the smooth texture and the chewiness of the ramen noodle was absolutely wonderful.<br /><br />Soup quality wise, I'd give it 4 stars as I am a Korean-American, I do prefer spicy ramen over not so spicy ones.<br /><br />Overall, it is a very good ramen.  However, I do realize that this ramen made its mark due to a Korean TV show and much of the ""myth"" was an over-hyped up propaganda.  Good ramen but I heard from many Korean folks that Nagasaki Udon is a much better ramen than Kko-Kko Myun, gonna try that next~",1333756800,1,1
B005Z3E5WG,3,Only for some people who don't have H-Mart around.,"This is way expensive.<br />there are only 10 pc in a box.<br />I prefer Saeng Saeng Woodon.<br /><br />Actually, H-mart will soon import this ramen so plz be patient little more.",1322611200,2,3
B005Z3E5WG,5,Have you checked if your local H-Mart has it?,"Others keep mentioning how expensive this item is, but if like me, it's not found on your local Asian store then it's not overly priced. For right now it's a rare item, shipped directly from Korea, and from my first experience much better in taste than others in the market.<br /><br />If you think that adding chicken and bouillon will get you this taste, then you must have been using some fantastic brand i have yet to try. I'm used to using bouillon on my ramen, because i the usual ramen i use either have too much heat, and not enough flavor; or they amount is too little to really give much flavor with one packet. I have used both Maggi and Knorr. Also, there is always some grainy bits at the bottom of the pot or bowl, from the flavor packet. Something you do not have to worry with this brand.<br /><br />On top of all that, i don't feel there is as much MSG if at all in the flavor packets. Normally i know just how much there is based on the fat/grease left after i eat the ramen, because i have been fooled by not noticing any on the liquid before it cools. There was little to no grease at at all with this brand, which is a major plus for me.<br /><br />The best part? The ""heat"" level. It doesn't contain pepper flakes, which i hate, or the excessiveness Nong Shim tends to use. I always have to end up using only about half the amount from Nong Shim, and i love spicy food. This brand is spicy, but without heat, which makes the chicken flavor stand out.<br /><br />There is a second packet that brings dried veggies, including green/red peppers and chicken. It's a small amount, so you don't feel like the whole soup if filled with it. It makes it easier to avoid, if you don't want them, but still want the flavor they provide. Or if like me, you want sporadic pieces with every ramen slurp, or broth drink.<br /><br />Honestly, i wasn't expecting much because it's ramen noodles, and the idea comes from a comedian. Whom as much as i like, is a man who doesn't normally cook. But this was better than many i have tried. Should also mention i'm not a big fan of the chicken flavor ramen. I usually prefer seafood or kimchi, but it's not heavily flavored, just savory?",1325894400,0,0
B0002ML19A,5,Great for the cost-concious consumer,"This is really a great way to save money on an actual Thanksgiving Day Dinner.  Since I spend it alone, I don't have to worry about angry guests.  Not to mention, I can share the meal with any of my cats (I have 15, but the number fluctuates as they have territorial fights to the death).  I highly recommend this - it's maybe not as cheap as Ramen, but my desire to eat afterwards seems to drop more substantially with this.",1327190400,0,0
B003P5S6IA,4,"My ""House Yeast"" for Home Brewing","A couple years ago, I decided to simplify my home brewing operation and focus on really ""nailing"" a few recipes (instead of always brewing something different).  And part of that process was choosing a single yeast to harvest, store and re-use.  2308 has a reputation for being excellent but temperamental.  I have found it amazingly versatile.<br /><br />As you might expect, I use this for all my European lagers, but I also use it for my porters and stouts, fermenting at higher temperatures--think of ""steam"" beer.  And, in fact, my IPAs are just that--steam beer (which many beer experts have said resemble IPAs more than anything else).<br /><br />So even if you don't decide to choose a single yeast as I did, with a little planning, you could do a series of beers from a single packet of 2308, save yourself a few bucks--and end up with some very nice beer.",1341187200,0,0
B000E671X4,5,best bargain in the best tea going,"I have been a regular of Celestial Seasonings for many years, and had no idea there was such a great value on Amazon, it is simply phenomenal, I can drink the tea I love the most to my hearts content, and feel good that I was able to get it at a fraction of the normal retail price in the store, good for you Amazon for having such a great offering to your customers.  Raleigh Adams, Sacramento CA",1263686400,0,0
B000QC406C,5,Makes you look forward to winter,"We love this stuff, especially in cold weather; however, compare prices before you buy, it should be under $5/jar. I sometimes make Asian-inspired soups from scratch, but this offers a perfect balance of flavors and is of course much easier. This is Thai H&S, which tastes different from Chinese. I usually add some sriracha or chile-garlic paste for extra heat, and some Better Than Buillon soup base (another excellent product) for deeper flavor, but it's fine as is. Just keep adding some a teaspoon at a time until you get the flavor you want, then throw in meat, seafood, eggs, tofu, vegies, Asian (or Italian) pasta, rice--whatever you have on hand--and voila! A very delicious, nutritious, and satisfying meal in under 30 minutes. It's no more difficult than instant ramen, but much cheaper and tastier.",1349308800,1,1
B0028667PG,5,"Quick, Fresh 'n Tasty!","Love the little bits of veggies in it,especially the sweet corn, and the easy convenience of adding hot water to a cup makes it possible to have it just about anywhere, without having to worry about bringing along a separate container. I just heat water in the microwave and pour it in.<br />And the flavor is really great. Always tastes fresh, unlike Ramen which has a stale taste, plus requiring a pan to cook and bowl to serve..<br />If I go to that much trouble I would much rather have the very best which is Nong Shim Shin Noodle Ramyun, Gourmet Spicy Picante, 4.2-OuncePackages (Pack of 30)Yum. Which I have on standing order <a href=""http://www.amazon.com/gp/product/B000LQORDE"">Nong Shim Shin Noodle Ramyun, Gourmet Spicy Picante, 4.2-Ounce Packages (Pack of 20)</a><br />Our local Walmart does not have this, and very much appreciate the convenience of having it delivered for free to the door under Prime.  I would like it even more if it had more veggies in it! I dont suppose you could consider a biodegradable bowl?",1339718400,2,2
B0028667PG,1,this noodle sucks,"I just burned my finger while i was trying to hold this failed cup noodle. There was a hole on the side, so the hot water leak out and burn my finger. i would never buy or eat any nissin cup noodle. i mean how fail can the company be in order to make a cup noodle with tiny hole on the side, so your customer can burn their hand. FAILED",1318464000,3,106
B001EO5SE4,4,Good whole-wheat Italian pasta,"Any adult will prefer a rigatoni, especially slant-cut penne rigate and a shell conchiglie rigate, over spaghetti, fettuccine and other shapes of pasta, especially if its made in Italy. Italians demand that the extrusion dies have the grooves in them; compared to American dies which leave smooth surfaces. The ridges make sure that the sauce sticks and coats the bland, high carb macaroni, since it is the sauce that gives the dish flavor.<br /><br />While I've heard that the Italians actually buy Canadian and US wheat, process it into pasta and then ship it back to the States, only the Gia Russa brand claim to use Italian wheat grown near Napoli, in southern Italy. After cooking, however, it is still fairly bland tasting. Their packaging copy claims ""flavor produced is a rich nutty quality--reminiscent of whole grain bread."" Not here by me...but the raw pasta has a nice medium brown color.<br /><br />That said and considering American adults increasingly sedentary workstyles and desires to eat healthy with whole grains, my prior experience with American whole-wheat pasta (esp Hodgson Mill, Ronzoni Healthy Harvest, Creamettes 3-color rotini spiral-shaped) is that they don't have the technique and experience in making great pasta (it cooks quicker, but falls apart more easily, not a wide-band al dente stage). Consequently I only shop Italian-made whole-wheat pasta; having come across this Gia Russa and Racconto brands while buying it in a Wisconsin-based supermarket, not finding it at the Minnesota-based megabox incumbents.<br /><br />I still fondly remember my couple years shopping the Philadelphia metro Italian markets, where aisles and aisles where dedicated to at least 3 competing Italian brand's full pasta lines along with aisles of olive oil by the gallon tins. But it was impossible to find whole-wheat back then.<br /><br />For the last half decade, I've bought de Cecco whole-wheat spaghetti, the only whole grain pasta stocked by a St Paul, Minn Italian run liquor store with a smaller Italian meat, deli, and pasta-oil-spices section. I bought it even if it was more than triple the price of regular white pasta.<br /><br />In developing ways to make more tasty pasta so you don't have to eat as much to feel satisfied, I have turned to making a chicken, beef or pork bone and onion, ginger and chili stock to boil the pasta in, adding a couple minutes extra cooking time due to the grease slowing down the hydration process to the al dente stage. Toss in a few whole garlic too near the end before using a pair of tongs (or chopsticks) to fish the pasta out of the soup (could use a double boiler if not adept in fishing). I may add some sliced eggplant or broccoli spears to round out a one-pot meal. Add some fresh-grated parmesan or reggiano to top it off and your dish is up.<br /><br />Another variation on this theme is to add soup to a bowl of pasta or noodles to make a Ramen-like snack, tasty without the MSG and at a fraction of the cost of the packaged artificial soup and pre-fried alimentary paste. For a variation in healthy noodles, there are the Korean wheat styles made with added buckwheat, or acorn, or barley. One of the tricks with high-buckwheat noodles turning into a gooey tasteless mess is rapid firming-up in an ice-water bath in the sink. Surprisingly it works. then serve at room temp or quickly dashed with hot soup.<br /><br />I'm still looking for a Canadian Rizopia Wild Rice spaghetti to be sold in Minnesota's traditional tribal monopoly ""Injun"" country!",1195430400,2,3
B001EPPBQS,5,Fantastic and GREAT with Miracle Noodles,"This really does taste like ribs!  It is very good and makes an excellent low calorie, high fiber snack when used with <a href=""http://www.amazon.com/gp/product/B002CENRLG"">Shirataki Noodles (Pack of 5)</a>  The noodles absorb this flavor and are a healthy alternative to Top Ramen types of snacks.",1292976000,1,1
B001L73DPK,5,Yum!,"Best flavored soda water on the market! Love the unique flavors. Unique and delicious! I discovered this brand while vacationing in Sacramento, California. Currently, it is only sold at organic stores, like Whole Foods, New Earth, etc. I like this water so much, that I've requested that my local grocery stores begin to carry this product!",1338681600,0,0
B006WYSFZK,5,My favorite Kettle Chip,"These are my favorite, but they aren't for everybody. In a way, they sort of taste like Oriental flavor ramen, but with a kick. For me, how can one go wrong with the combination of jalapeno and ginger? They are a bit rich, so they aren't for EveryDayForAMonth snacking. Because this is a case purchase, I recommend trying out a single bag before buying an entire case. The 2oz size seems to be no longer available, which is a shame; I can eat the entire 5oz bag.",1327968000,1,1
B000H221Z8,5,the best ramen out there,"These ramen noodles are the best in the whole world!  I'm Korean and a college student, so I've eaten A TON of ramen in my life and gone through pretty much every single brand.<br /><br />I can say without a doubt that this are some of the best of the best out there.  It has just the right amount of spicyness and flavor, and the optimum noodle thickness.  By the way, ""ramyun"" is the Korean way to say ""ramen"" (which is the Japanese way).",1172534400,2,2
B000H221Z8,4,Quite Good,Good taste. Spicy. Nice.<br /><br />I think you can buy this noodles for cheaper some where else. But it's convenient to buy it here.<br /><br />Much better than most American instant noodles.,1174521600,1,1
B000H221Z8,1,Much cheaper from other sellers..,"Shin ramen is delicious, but this is sooo expensive for a 20 pack.  Guys there are much cheaper sellers right here on amazon (&lt;1.00 ea).  Look around!",1287360000,0,0
B00099XKXG,5,Essential!,"If you're going to eat Ramen noodles, you definitely need some hot sauce! Get this kind: Frank's Red Hot Original Hot Sauce. Don't you dare get a generic bottle of hot sauce at the dollar store! It doesn't taste the same, it's not hot enough!",1154304000,2,3
B000VSDBNE,5,LOVE!!!,Not exactly health food but God this ramen is good! I discovered it while living in Australia a few years back. I was delighted to find it on Amazon as I can't seem to find it any stores here in the States. It's good and super easy to make. So much tastier than the cheap ramen you find in every grocery store.,1341360000,1,1
B001EQ5LD0,5,finally!,"I've been patiently waiting for these to become available again, so I'm stocking up this time.<br /><br />These eggs are fabulous. They're perfectly cooked and are great right out of the can.<br />They come in a water base with 'maybe' a touch of salt. Although I wouldn't make an egg salad with them (too pricey), they are perfect for about any other salad. I just cut them in half and add to pasta or green salad.<br /><br />They also work very well in a hot bowl of ramen or udon.<br /><br />Rinse and repeat. :)",1346371200,0,0
B000E18CVE,5,Surprisingly Good,"I tried both the Tom Yum and the Kim Chee soups and they both are so good!  The Tom Yum is a bit pungent (whatever is in the salt has quite a smell to it) but it mixes in beautifully.  I could see the flavoring might not be for everyone, though.<br /><br />I've found that rinsing the noodles as per instructions does very little.  I can separate them out just as well with my fingers.  I've also found microwaving is not required.  You can get a nice soup by heating it ramen style.  Simply pour hot water in and let sit for about 5 minutes.  This works great for me as in the office I have hot water closer to my desk than the microwave, so if I'm busy I can quickly grab a spot to eat.",1158883200,4,4
B002BCE97K,5,The Best Instant Noodle Meals You Can Buy!,"Why?  Because the noodles come SOFT, sealed in plastic!  If you are tired of noodles that ""crunch"" or that have to be reconstituted out of the original cardboard, you are in for a treat!  Available in something like a dozen different varieties, try them all and then subscribe to your favorites in order to get the lowest price.<br /><br />Note: The seasoning comes in a sealed pouch so if you tend to prefer yours less salty or less strong in taste, don't use it all to start.  You can always add more in later.<br /><br />Note: Since the bowl is made partially from cornstarch, it will biodegrade completely so toss it in the trash when you're done without feeling guilty.  (For this reason you should NOT attempt to reuse this bowl like you may have done with other brand instant noodle meals that came in plastic bowls.)",1329609600,1,1
B002BCE97K,5,The tastiest instant noodles EVER.,"Firstly I should start off by saying that I can not get enough of these noodles. They are a bit pricey where I live but much better than any other instant noodle bowls out there including any Simply Asia flavor. The Korean Sweet Chili is the best and only flavor I love or even like in the Annie Chun line.<br /><br />I find that there is a trick to heating it up. Using a pretty small whole cup of water, microwave, let sit with water for a minute and then drain it out by just leaving one corner slightly barely open while the rest of the lid is tightly closed turn it carefully upside down and it should be able to easily drain the water out with very little to no ingredients pouring out and less chance of burning hands. I also keep the same mini cup around filed with 1/4 cup of water to gradually pour in after the sauce is put in if I was too impatient to let the noodles soak in the water for a minute after microwaving.<br /><br />Another great thing about this noodle bowl is that it is vegan, so I don't have to worry about fish oils being used!",1346371200,0,0
B002BCE97K,4,Good Flavor But *Tricky* To Make.,"ANNIE CHUN'S KOREAN SWEET CHILI NOODLE BOWL has a sweet and spicy flavor and uses fresh noodles--not the dried out kind like in most instant noodle dishes.<br /><br />It's not too spicy if you like hot stuff, but I find it a little too sweet for my liking...but it isn't bad.<br /><br />As another reviewer pointed out, the tricky part is making it. You add hot water to the noodles and the dried garnish mix, put it in the microwave, and cook for one minute. Then you take it out and using the lid, drain the water out.<br /><br />I tried putting the mix on the bottom of the noodles but they still came out when I poured the water out. And I agree with the other reviewer that the lid isn't the best way to strain the water out and that's why I deducted one-star. Maybe next time I won't add as much water or something.<br /><br />From there you just add in the sauce mix and the noodle dish is done.",1254009600,1,2
B002VTE7JI,5,my favorite!,"Absolutely so much healthier than any other instant noodles!<br />I am a Korean, and this is absolutely my favorite of all time. Easy to prepare, noodles not fried, savory broth, and yummmy!<br />I'm so glad that this is available at amazon.com!",1273622400,13,14
B002VTE7JI,5,Makes a great work lunch. Microwavable!,"I love noodles. I've probably tried every brand of instant noodles out there, and this is my absolute favorite for the balance in convenience, taste, fat/salt content, and work-friendliness. For the record, I think that Myojo chukuzanmai is better than this, but is a pain in the rear to prepare at work.<br /><br />The noodle cakes are dried, not fried, which gives them a pleasantly chewy texture when cooked. The broth is light and with a slight seafood/anchovy flavor, but not too strong smelling. At work, I just put the noodles in a bowl, add hot water, pop it in the microwave for 1.5 to 2 minutes, and it's fully cooked. Throw in the flavor packets and last night's leftovers for some protein and you're good to go.<br /><br />I am also absurdly happy that the noodle cakes are ROUND rather than a square. No more trying to squeeze the block into my round saucepan / bowl.<br /><br />And for those looking, the nutrition facts for 1 package of these are:<br />300 calories<br />Total fat 1g<br />Saturated far 0g<br />Trans fat 0g<br />Cholesterol 0mg<br />Sodium 1420mg<br />Total Carbohydrate 66g<br />Dietary fiber 2g<br />Sugars Less than 1g (for 1/2 pack)<br />Protein 8g",1313884800,4,4
B002VTE7JI,5,Soothing Asian Flavors !!!,"Our Asian-American family was introduced to Nong Shim through Amazon last year. Since then we have sampled a number of Nong Shim's soba (noodle) products. Every item so far as been really good and enjoyable. When Nong Shim says ""spicy"" they indeed mean spicy! We temper the hot flavors by adding a little less of the spice package (example: Kimchi Noodles), which probably is just they way Nong Shim intended.<br /><br />Now on to the Hoo Roo Rook noodles. A few days ago, we decided to sample Nong Shim's Hoo Roo Rook Family Pack. The Amazon package arrived a short while ago just before lunch. Excellent timing! The Hoo Roo Rook was easily prepared and served. The flavors were outstanding. Very soothing and full bodied with a mildly seafood flavor. Very low salt in contrast to most grocery store/discount store bought ramin. The noodles and broth could be served in high end Asian restaurants! There is none of that salty chemical taste that permeates the ""3 for a Dollar"" type of instant noodle cups. Oh, did I mention that they are delicious? This is surely an Asian comfort food!<br /><br />You won't be disappointed with Nong Shim's Hoo Roo Rook instant noodles if you even remotely enjoy Asian flavors. My family and I recommend them to you!",1298592000,4,4
B002VTE7JI,5,Quest for the best ramen is at an end,"I've been eating Korean ramen for years now, trying out different kinds, and picked this up on a whim at the beginning of the summer.<br /><br />By the flavor alone this is my favorite Nongshim, if not favorite quick meal to make, period.<br /><br />It also happens to be one of the healthiest ramens, with no MSG and better ingredients. Add and egg and it's a full meal. I personally like adding a drop of really spicy hot sauce with a little bit of honey, to accentuate the taste.",1281312000,3,3
B002VTE7JI,5,My Favorite Noodle!!!,"This is the first time I have ordered and tasted Hoo Roo Rook noodles.  THE BEST!!! The noodles aren't fried like the store ramen type noodles and there isn't any MSG.  This isn't too salty or spicy, kind of mild for a Korean soup.  And another great part is: the dried noodles are ROUND, not square, so they fit your round saucepan!  Amazing!<br /><br />I cooked and drained the noodle first.  Then I cut up carrot and onion and quick fried it, then added left-over tri-tip beef, the water, and seasoning packets.  When done I poured this over the noodles in the soup bowl.  Delicious!  I would add Napa Cabbage, zucchini, shrimp, chicken, egg, or just about anything you like, for a complete meal.  I enjoy mine for breakfast.  This is my new food staple that I must keep on hand.  Bye-bye fried noodle ramen and hello Hoo Roo Rook! Please Amazon, keep more in stock!",1280620800,3,3
B002VTE7JI,4,Hydrolyzed Soy Protein has MSG in it.,"It is damn tasty for instant noodles, but if you think it does not have MSG you are mistaken.  Manufacturers are getting clever with naming things.  Hydrolyzed Soy Protein contains MSG.  The food industry calls this a clean label, they list an ingredient that includes MSG or other harmful chemical without having to list MSG.",1297123200,9,12
B002VTE7JI,5,My favorite ramen!,"I just ordered my second case of this. These noodles are great. I absolutely love the flavor and I use both flavor packets ( I usually don't with other noodle brands). The veggie packet is quite good too. I love that these noodles are 150 calories. $1 per packet is pricey for me, however, the taste is worth it. I agree with the cooking instructions, but I cook them differently and have the same desired outcome. Because these noodles are much thinner that typical ramen, I cook them till almost aldente, and remove from heat. The water is so hot, and the noodles so thin that they finish cooking by the time it hits my plate. I drain almost all the water. The soup packet flavor is kinda weak for me, so the less water, the better. I really enjoy the soy type flavor packet as well. I hopes this helps.",1330992000,1,1
B002VTE7JI,5,Healthier than ramen noodles and good for long term storage,"We love Asian food so I was sure we'd love Nong Shim Hoo Roo Rook noodles - and we do!  They are simple rice noodles with separate packets of soup base powder, soup base paste and vegetable flakes, but unlike ramen noodles they are MSG free and not fried.  They cook in the microwave in a couple of minutes and are a great snack or small meal without any embellishment.  Cook them in a pot on the stove, add some meat and vegetables and they are a healthy, filling meal.  We love adding chopped bok choy or spinach, frozen shrimp or pre-cooked beef or chicken chunks, and some bean sprouts.  Add a squeeze of lime juice and some cilantro and you won't believe how delicious they are.  Because they are portioned into small packets you can decide how many to cook.  When you buy rice noodles at a grocery store or Asian store, they come in one big block that is often too much for one meal.<br /><br />They are quite a bit more expensive than ramen noodles, but it's not fair to compare the two when ramen noodles are about as cheap and unhealthy as you can go.  I'd rather pay more (these noodles are a dollar per pack) and have healthy, tasty food.<br /><br />What I like best about these noodle packs is that they don't go rancid on a pantry shelf.  Because the noodles aren't fried, they store well for several years. The individual packets are mylar (metallic plastic), which also protects the noodles from humidity. If you like keeping food stored for emergencies, these are wonderful.",1323648000,1,1
B002VTE7JI,5,"great, quick dinner","My husband and I are big fans of these noodles.  They have less fat than most ramen noodles, but they are still delicious and quick.  We cook ours with an egg for each of us in the broth.  Yum.",1276128000,1,1
B002VTE7JI,3,Tasty but expensive.  24 count package actually costs less.,"This instant noodle soup is higher quality with larger portion size than the standard Ramen and has a small fraction of the fat.  Those are all pluses.  Not sure that it justifies being 5-6 times more expensive.  Bulk Ramen can be had for less than $.20 per package (vs. more than $1.00 for these).  I may try them again, just because overall its a tasty, low-fat meal, but would like to find a better option.  Also note that (as of this writing) the 24 ct. package costs less - so just get two of those rather than the 40 ct.",1315526400,3,4
B002VTE7JI,2,Not much taste,Korean noodles are too hot or too bland. This one I've found too bland; it is definitely not Japanese product.<br />I can make it really good by adding extra ingredients but it's killing a purpose of buying instant noodles.<br />I lived in Japan quite a bit so my opinion is maybe against the grain but it's me and my taste.,1346889600,0,0
B002VTE7JI,5,A real meal,"I wasn't sure that I'd pay one buck for a small package of instant noodle, until I turned it into a real meal in 3 minutes! Just crack an egg after the water starts boiling, and add anything you might feel like, sometimes I throw in a few meatballs as well, veggie too. It tastes nothing like the 20 cents ramen noodle kind find in grocery stores. On a busy day, it is a quick and real meal. I'll make sure that I always have some in my pantry from now on.",1334016000,0,0
B002VTE7JI,3,not nearly as good as cheaper frozen noodles,"These taste OK, certainly much better than the 10 cent instant ramen noodles. However, Asian grocery markets (in many USA cities) sell frozen noodle soup kits for less than $1 each and those taste much better than these expensive instant noodles. Cooking directions for frozen noodles are the same as for these instant noodles (boil for 3 minutes). Try the frozen noodles and you'll never go back to instant.",1322870400,0,0
B002VTE7JI,5,Very good noodles,"My whole family loved these noodles.  My kids did notice a difference between these and their standard Ramen noodles, but they said they liked them and ate the whole bowl.  Will buy again.",1322611200,0,0
B005ZHEV94,2,Ugh.,"I'm not vegan or vegetarian, but I don't have an issue eating vegan friendly foods. I picked up the Dr. McDougall's Miso Ramen because it's somewhat low in sodium. I don't know if it's the lack of sodium, or just the product in general, but this really isn't very tasty. Eatable, yes, but I'm not going to order/eat more.",1325721600,1,2
B003TTX1SW,5,M&M's,Il gusto pretzel batte tutti...dolce fuori e salatino dentro...sicuramente da provare. Questo prodotto purtroppo non viene spedito in Italia e ci&ograve; &egrave; un p&ograve; limitante,1330819200,0,0
B000E148MG,5,Mmmmmmm!,"The fresh noodles and sauce make a WORLD of difference! It's a nice departure from the powder and dry noodles of Top Ramen....<br /><br />Very quick, very easy, but still a real meal. Nice Job, Annie Chun!",1148515200,6,7
B000E148MG,1,Gross!,"I just had this stuff for lunch, and it's terrible! The noodles are okay, the dehydrated vegetables were fine (not as many as pictured though), but the sauce is SO GROSS! It tastes nothing like teriyaki! It also smells like crap, I'm getting sick just from the smell.<br />I took one bite and that was it. Not buying this product ever again, I'll stick with ramen thank you.",1329955200,1,1
B000E148MG,1,Disgusting Never Again,I bought a package of these noodles and one from simply Asia brand. I tried the simply Asia ones first and they were so gross I had to throw them out. I was still hungry and decided to go for the Auntie Chuns but that was it. The noodles are so nasty they smell like plastic and I don't know why they call it teriyaki flavor if all it tastes like is soy sauce with extra sodium. I would rather eat ramen noodles for a month than have to eat one of these again. I am definitely staying away from Asian microwaveable foods.,1347840000,0,0
B000E148MG,5,The Best Instant Noodle Meals You Can Buy!,"Why?  Because the noodles come SOFT, sealed in plastic!  If you are tired of noodles that ""crunch"" or that have to be reconstituted out of the original cardboard, you are in for a treat!  Available in something like a dozen different varieties, try them all and then subscribe to your favorites in order to get the lowest price.<br /><br />Note: The seasoning comes in a sealed pouch so if you tend to prefer yours less salty or less strong in taste, don't use it all to start.  You can always add more in later.<br /><br />Note: Since the bowl is made partially from cornstarch, it will biodegrade completely so toss it in the trash when you're done without feeling guilty.  (For this reason you should NOT attempt to reuse this bowl like you may have done with other brand instant noodle meals that came in plastic bowls.)",1329091200,1,2
B000E148MG,4,Really 3 stars but I don't care for ramen noodles,"For a fast alternative to junk food this was hearty, easy to prepare and fast. I would have liked to see more vegtables in it. It enclosed a tiny vegi season packet and terriyaki sauce(sweet). Flavor was good but if you pour this sauce on ramen noodles, they would taste good. Why 4 stars? I like the way the noodles are packaged. I bought this a grocery store and would not buy again or buy this on Amazon. I ended up throwing some chopped up noodles in mine.",1154563200,4,7
B004BJYQ4C,5,Traditional cold noodle taste!,"Another great product from Myojo. You won't go wrong with any of Chukazanmai products anyway, but this one tastes traditional cold noodle you can get from ramen restaurants! Very easy to prepare, and you can add sliced cucumber, sliced ham, tomatoes, and sliced thinly made omlet and there your dinner is done! Great for hot weather! The price Amazon offers is not bad at all for the quality of the product.",1307923200,2,2
B004BJYQ4C,5,So Delish!,"I was so happy to find these on Amazon.com for a good price with Prime Shipping!<br />I used to buy these at a local Asian market, but that area of town is hard for me to get to these days and I rarely make the trip.<br />I fell in love with the sesame noodles flavor. The noodles are a lot like ramen, but a little lighter than Maruchan/Top. The seasoning is hard to describe. The sesame sauce is not sweet like in Chinese food. It's a savory sesame sauce and the sesame is not overpowering. The hot mustard pack that comes with it is essential to the complete flavor. The spice is not strong (I'm a wimp, trust me. It's not strong.) but the flavor addition is essential to the overall taste of this variety. These are my absolute favorite noodles! :) Great with some added ingredients like sliced cucumber and ham bits, even a cooked egg, but also great alone.",1350086400,0,0
B004BJYQ4C,5,Best ramen ever.,"I am Japanese and have had lots of ramen, including authentic ramen noodle stands and little mom and pop hole in the wall type ramen restaurants.  When it comes to making ramen at home, I think Myojo Chukazanmai makes the best instant ramen.  Their noodles are not fried, and their soup base is yummy.  In the summer, we enjoy their cold noodles with sesame sauce.  If you can't fly to Tokyo to eat at a little ramen stall, this is the next best thing, very satisfying.",1347753600,0,0
B0018CEABE,5,Aboslutely wonderful for my pitbull,"I ordered this after reading a ton of awesome reviews and in hopes that it may hope with my dog, Kitty, a 65 pound, 2 year-old pit bull's recent issues with her skin. It turns out that her problem was in fact due to corn and other fillers used in lesser quality dog foods (in this case, Purina One). Overall, this product alone made it completely worth the cost to subscribe to Amazon Prime for the extremely fast and cheap shipping, so for less money (as Kitty now requires less food, since she's more full from eating less of the higher quality food and we make sure to only feed her what the vet recommends,) I no longer have to drive to the store and pick up a 40 pound bag of dog food and load it into the back of one of my GTIs. So far, Kitty's been gaining weight and muscle at a pretty decent rate, in my opinion. (Over the past 2 months, she's gone from approximately 59 pounds to 67.5 pounds currently, and is quite fit and happy.) All this, is of course in addition to daily exercise, walks, et cetera, but her temperament lately has also been much better. On the lesser quality dog chow, she used to mope around the house every few days, but lately, she's been very happy, energetic and outgoing. She seems to be much less easily stressed out, which is great for her, as she tend to be a bit anxious, although an absolute sweetheart.<br /><br />Bottom Line: I could not recommend this or any other Canidae Dog Food product highly enough. By word of mouth at work alone, I've converted over ten people since switching at the beginning of the year (2011).",1303603200,3,3
B000XEAWNS,5,Dingo is the best!,"I have 5 dogs of various size, age, and temperament and all can agree on one thing - Dingo. They love these bones and it is the only brand of rawhide I buy simply because it is the only brand all 5 have shown interest. I buy smaller ones for the little dogs and my Border Collie gets the large. However I often find my Chihuahua steals the larger bones...hilarious to see him try to carry the thing. My one bit of advice is never leave a dog unattended with rawhide type bones, or any chewable treats. Sometimes they can swallow larger pieces than they can handle. I have not had that happen to my dogs, but better to be safe.",1331683200,0,1
B004XAPJ22,5,"Finally, decent ramen","I don't know why people are saying this is bland. It has such peppery flavor I thought my wife added pepper to it. I also love that unlike Nissin or Maruchan, it's not laden with saltiness. The noodles were perfect: springy and flavorful. Their bounce was perfect in the broth so they didn't turn to mush. By far the best instant ramen I've ever had.",1321747200,2,2
B004XAPJ22,4,Decent non-spicy ramen,"Not a fan of all the spicy noodle bowls; they all go way overboard on the salt and the heat is overpowering. So far, the only non-spicy available from Nong Shim are the Ginger Beef and the Savory Chicken. I prefer the beef, but the chicken is a nice alternative. The flavor may be too mild for some; it's basically a thin chicken boullion. If you're looking for spiciness, you won't find it here. And although the salt content is pretty high, it doesn't seem to taste as salty as the spicy version, but I definitely don't taste any ""styrofoam."" And this comes in an 18-pack instead of the usual 12, so the per unit price is on the low side. Definitely recommend if you're looking for a non-spicy, cheap ramen.",1321488000,2,2
B004XAPJ22,1,Styrofoam,"Even if you cook it in a different container, you can taste Styrofoam. I wonder how long they've been sitting in storage. I didnt have this problem with a different kind (although it was ginger flavor). So I will most likely be throwing these out. The noodles were also a little tough even after sufficient cook time. Ramen is supposed to be easy! Haha. The beef and ginger flavor is good. Prefer they werent in these containers",1311552000,1,3
B004XAPJ22,2,"eh, it's ok","Nong Shim, Nong Shim... that's all I hear in the instant noodle meal circles. Well I'm sick of it. Overrated and overpriced. It's right on par with the your most basic Ramen noodle pack. Unless you're getting some great discount, don't buy into the hype! Save your money!",1319068800,2,5
B004BJS1FM,5,Best instant ramen EVER,"I just had my first taste of this flavor of instant Ramen, and though the broth is not as thick as actual japanese ramen (kind of have to expect that from an instant one)The flavor is the best I've EVER tasted from instant ramen. I threw away the veggie packet they gave you and put some dried wakame in there and it tastes AWESOME. I am totally going back to buy more of these!!!",1339718400,0,0
B004MKJYOM,5,Better than regular Jello,"I purchased Jeanies jello after a street fair in NYC where our bar was serving jello shots for the occasion. But because I'm a vegetarian and do not eat gelatin, I was left out of the fun and realized a bunch of other people had<br />the same issue and they asked if there was any that were gelatin free. So that night I ordered Jeanies animal free jello and could not believe how amazing it was. Way better than traditional jello!! There is no difference with the texture and it honestly tastes more flavorful. I ordered all strawberry flavored and the nice people at Jeanies sent me a flavor sampler pack to try in addition to my order. Our restaurant now only serves animal free jello due to the tramendous customer response.",1345507200,0,0
B004728MI4,5,My favorite Kettle Chip,"These are my favorite, but they aren't for everybody. In a way, they sort of taste like Oriental flavor ramen, but with a kick. For me, how can one go wrong with the combination of jalapeno and ginger? They are a bit rich, so they aren't for EveryDayForAMonth snacking. Because this is a case purchase, I recommend trying out a single bag before buying an entire case. The 2oz size seems to be no longer available, which is a shame; I can eat the entire 5oz bag.",1327968000,1,1
B0005ZXJYY,5,ramen: the duct tape of the food world!,"There's nothing you can't do with ramen. It makes a pretty good soup. You can remove the flavoring packet and use it in casseroles or on top of pizza. Ants like it, too. The noodles can be used in a seemingly infinite number of dishes--three ramen casserole, for example. It's great camping, dorm, or space food. The noodles can even be crunched up and used as a faux buckwheat pilliow. Ramen makes a very good loofah, although be advised it's for single use only.",1155081600,13,19
B0005ZXJYY,5,Maruchan makes the best ramen noodle,"Ramen noodles are great for families on a budget. Leave the water in and you have a large bowl of filling soup for around twenty cents, drain the water and you have flavored noodles. Pair two packs with mixed stir fry veggies and some cut up chicken or beef and you have a meal for four that costs a little over a dollar per person. There is a good ramen noodle recipe book on Amazon: <a href=""http://www.amazon.com/gp/product/1883385148"">The Book of Ramen : Lowcost Gourmet Meals Using Instant Ramen Noodles</a> but I have found that most of my best ramen noodle recipes are ones I created making mock ups of favorite foods like beef stroganoff, lo mein, tuna noodle casserole, etc.",1252800000,2,3
B001SAXPEO,5,My favorite Kettle Chip,"These are my favorite, but they aren't for everybody. In a way, they sort of taste like Oriental flavor ramen, but with a kick. For me, how can one go wrong with the combination of jalapeno and ginger? They are a bit rich, so they aren't for EveryDayForAMonth snacking. Because this is a case purchase, I recommend trying out a single bag before buying an entire case. The 2oz size seems to be no longer available, which is a shame; I can eat the entire 5oz bag.",1327968000,1,1
B001SB5W8U,5,Long live the king.,The quality of these noodles compared to the $.20 crap you buy at the store is very apparent. I've been enjoying these things since my Korean neighbor turned me onto them 25 years ago. If there is better ramen I haven't had it.,1329955200,0,0
B00016LAFM,5,Just Say No to MSG!,"Ordered my third jar yesterday. This is so delicious! I use it as a minestrone base, a substitute for the ramen MSG laden soup packets, add it to my gravies and chile verde. I'd use it sparingly until you figure out what works for you. For myself, about two teaspoons per three cups of water seems to work.",1209945600,15,16
B0007V1164,5,Tasty.,"This was my first time eating Pad Thai favored anything. These were the very thin noodles if I remember correctly.<br />It's a unique taste compared to most ramen, I mean fried noodles, I have purchased in the last month.<br />Definitely worth a try if you are planning on tasting some different Asian dishes.",1304985600,0,0
B00125NOCI,5,sacramento tomato juice....red gold,"This is by far the best tomato juice ever.  I have been using this juice since the 70's and can't stand any other brand.  This product needs to be sold in more big chain grocery stores.  It is very hard to find.  Sacramento juice makes the best soups and the chili is to die for.<a href=""http://www.amazon.com/gp/product/B00125NOCI"">46 Ounce Sacramento Tomato Juice (03-0461) Category: Kitchen Juice Mixes</a>",1257292800,8,9
B00125NOCI,5,favorite tomato juice,I am unable to buy Sacramento Tomato Juice in my area so I ordered a case online. It arrive in perfect shape in 3 days and had an expiration date 20 months in the future. FANTASTIC!,1319414400,3,3
B00125NOCI,5,Some start their day with coffee... I prefer SACRAMENTO!,"I've been drinking two 4 oz. servings of tomato juice every day for the past 35 years or so. In that time, I've tried them all, from the famous to the obscure, from brand name to generic.<br /><br />SACRAMENTO was always in my parents' home, so it was the first, and this one remains my favorite. The texture's perfect, it has just the right tang, not too much salt, not watery, not syrupy sweet.<br /><br />Tomato is the ideal juice choice. It's lowest in calories of all juices, contains 0 g. of fat, has lots of minerals and vitamins, and per ounce is the best value-- what more could you ask for? And when the juice is SACRAMENTO, well, you've got the ultimate! (Sounds like ad copy, don't it? But I'm serious.)<br /><br />My only complaint is one of marketing, and this goes for all large juice cans: why 46 ounces? Used to be 48, an even amount if you have 4 or 8 oz. servings. What's up what that, juice manufacturers? (And don't get me started on the shrinking size of graham cracker boxes...)<br /><br />PS-- love that gold-colored bottom on SACRAMENTO's cans!",1343433600,1,1
B0002Z18RW,4,Very good flavor,"After living in Japan for three years, it is quite difficult to live without noodles in the US. These hit the spot every time and I look forward to my shipments when they arrive. If you want authentic Japanese Ramen, Yakisoba and Udon, give these a try. You won't be disappointed.",1199577600,4,4
B0002Z18RW,5,Om nom nom,"I was addicted to this kind of instant noodle when I was in Japan 2 years ago and since then I have been looking everywhere to find an instant kitsune udon.  Needless to say, I was very happy to find this on Amazon.  The noodles reheat to be perfectly soft, the fried tofu square is heavenly, and the soup base is also amazing - just as I remember it in Japan.  It certainly isn't healthy (97% of your daily sodium in one of these bowls), but it's perfect as a treat.  Even though I am giving this product 5 stars (because the instant noodles themselves deserve it), I will say that this product took nearly 2 weeks to get to me and they are kind of expensive with the shipping costs added on, so this was a bit annoying.  But next time I will just buy these in bulk.<br /><br />For anyone who hasn't had this type of instant noodle, buy it! Seriously, it will take you to a whole new level of deliciousness.",1342396800,0,0
B0002Z18RW,5,Awsome,"I have never had 'real' ramen before so I cant say how close this is to that.  But I have eaten a lot of different types of instant ramen.  Most are too spicy (no flavor, just spicy) or lack a certain something.  THIS stuff right here is just freaking pure win.  I found this brand from the ramen eater website, though it was a different flavor he recomended(soba).  I went to my local koreon/asian supermarket and found only this flavor.  I grabbed just one bowl which I am now eating ... Im really glad I did.  For something instant its really good.<br /><br />If youre curious what it tastes like, its a miso soup kinda taste.",1334966400,0,0
B000H0ZJHW,5,Little doggie attention magnets!,"I am a trainer at a local no-kill shelter.  I work with all different types and temperaments of dog, and the only common denominator is that I need their undivided attention and a reward they'll do almost anything for.  Plus, being a wide population, I needed something with a simple ingredient list (so as to avoid digestive issues).  THIS IS THE TREAT!  I am a huge fan of Zuke's already, but was dubious as to whether or not one type of treat would suit the tastes of so many different dogs.  The chicken flavor has yet to fail me.<br /><br />Low-calorie, a universally appealing flavor and the perfect training size.  Bonus for trainers: they don't smell half bad!  However, their scent is still strong enough to work as a puzzle toy filler, a Kong filling, for tracking or scent games or to just grab focus from an enticing squirrel. ;)<br /><br />Even previously feral and non-treat-motivated dogs seem quite happy that I bring these.  Highly recommend.",1328140800,0,0
B003P9XFW8,5,Great food for my chihuahua/poodle cross.,"When I brought home my chihuahua/poodle cross, I had her on Iams. A couple weeks down the road and she had a hypoglycemia attack. I ended up switching her food to Royal Canin, the same thing happened. Natural Choice, same thing. Part of the issue was that she didn't really like any of the food and mostly picked at it, though she seemed to be eating enough. I finally splurged and got Blue Buffalo. I could NOT be happier. She has gone 6 months without a single hypoglycemia attack. She loves her food and I am currently transitioning her to the adult food. I switched my cat from Iams (which she had been on for 2 years) to Blue Buffalo and her coat is shinier than ever and her temperament has been amazing. We've never seen her so perky and happy. Thank you blue!",1343260800,0,0
B000BVY02M,1,Extremely Disappointed,"I love spicy food, and I add hot sauce to almost everything I eat, but this hot sauce a completely disappointment.<br /><br />The name itself is b...s..., I have tasted more spicy hot sauce than this.<br /><br />Just for anyone interested, the main ingredients as indicated on the bottle are: red habaneros, hot pepper extract, red chiles. However, all I tasted was black pepper, not even a hint of habaneros. It's 2nd worst hot sauce for me (Tabasco is #1 because it is a SOUR sauce, nothing hot about it), because it reminded me of the cheap instant noodle soup bowl (black pepper beef flavor noodle soup) that I used to eat when I was a child.<br /><br />No taste, no flavor, and no aroma. No tonge numbing, no throat burning, and no stomach twisting. Just plain dull heat and cheap taste.<br /><br />Well, money well wasted. By the way, I used 6 drops on my one bowl of steam rice, and the heat didn't even last 5 minutes.<br /><br />The bottome line is:<br />This is NOT a hot sauce for spicy food lover. A good hot sauce makes food tasty with aroma and flavor, this one doesn't.<br /><br />It's like I can make the sweetest cake for you by loading it with tons of sugars, is it sweet? Of course, but is it a good tasty cake? You tell me.",1292630400,3,18
B000ET8XAQ,4,expensive but quick cooking and well received,I hate spending so much money on noodles when Italian style pasta is sixty cents for more than thrice the amount but these noodles cook fast (because they are the same noodles as in ramen packages) so they are perfect when you are in the rush to meet the demands of whiners.,1188777600,2,3
B000ET8XAQ,4,"Misnomer, but great noodles all the same!","These are NOT soba noodles.<br /><br />But they are good!  As the earlier reviewer correctly indicated, they're the same type as ramen noodles.  Think of this as essentially a double-pack of plain ramen noodles, without the extra packaging and without the flavor packet.<br /><br />I use them for a quick sukiyaki-type of meal for 2-3 people (with apologies to true Japanese food-lovers, who won't be impressed by the shortcuts):<br /><br />1)  Cook a package of these noodles separately according to package instructions, drain, and keep warm (can be done almost at the end of the remaining steps, so that both noodles and meat/veggie topping are done at the same time).<br />2)  Brown 1/2 pound of hamburger, breaking it into smaller and smaller pieces as it cooks.<br />3)  About midway through the browning, add 1 very large chopped Spanish onion (or two smaller chopped onions) and 1-3 ribs of chopped celery to the pan, and keep stirring to soften those as well by the time the hamburger is fully browned.<br />4)  Remove the meat, onion and celery to a large bowl, keeping them warm, while draining all (or most of) the fat from the pan.  In the same pan, quickly saute a package of sliced mushrooms (small or large package, your choice), using fat from the beef if desired or just a little tap water to keep the mushrooms from burning if, like me, you want to eliminate the fat.<br />5)  Toward the end of the sauteeing of the mushrooms, add a bold amount of minced fresh garlic and minced fresh ginger (optional) to the pan, stirring frequently to keep them from burning as they soften with the mushrooms.<br />6)  Once mushrooms are just about cooked through, add one package of fresh mung bean sprouts, and stir for a minute or so until they're warmed.<br />7)  Add 2 small cans of beef broth or consomme or 1 larger can or carton to the pan; add ground garlic or ground ginger if desired in place of fresh if you had omitted either of them back in step 5, add soy sauce to taste, mix with the reserved beef, onion and celery while the broth warms, and serve over noodles.  Yum!  Great for leftovers, too.",1273795200,2,4
B0029JZLMM,5,"Haven't order online yet, but this is abolutely the BEST!","The person with the negative view must have received pepperoni that had accidentally been punctured at some point. Something is definitely wrong. I have been eating this pepperoni for over 30 years and it is fantastic! Thirty years ago, my brother convinced me to put some slices of the pepperoni in my spaghetti sauce; it was outrageously good. I have used it ever since--me and my entire family.<br /><br />I even eat it ""raw"" (can't be raw or it wouldn't keep). It's one of my primary snacks on the Atkins (and I've lost 25 lbs). I hope the nay-sayers try it one more time--they are missing out.<br /><br />The super Wal-Marts sell it and they are always running out. And by the way, I live in Sacramento and I'm an instructor at a college; don't work for Bridgeford! I'm only online because Wal-Mart runs out so fast (just came from there) and I would like to buy a large supply I can count on. Actually, I have two, inch and ahalf pieces that I've hid from my husband in the fridge. I guess I'm addicted!",1307404800,2,2
B001XSMANI,3,Not for me,"I am a Jelly Belly nut. Stopped at the factory outside of Sacramento - which is a great tour, if you are ever up that way.<br /><br />I have been duped by knock-offs, but these Kirkland ones are real JBs. I will not buy them, however; they are about 70% the good flavors and 30% not-so-good. I give them to my students, and we always have about 3"" of yellows - way too many yellows - left over. The kids don't like them, I don't either.<br /><br />And whoever said that licorice and buttered popcorn are not good is WRONG. They are the best.<br /><br />JellyBelly factor sells them at this same price and you get to choose the flavors.",1348876800,0,1
B000HQMW9O,5,A good buy!,"I would have to rate this as the best cup ramen that I have ever had. It has good flavor, plenty of noodles and the veggies are a yummy addition. I thought that the price for what you get is good as well. I do have to admit that on occasion I do add a bit of chicken bouillon to the mix to shake things up a bit.",1272240000,1,1
B004R8L71W,4,Really could tell the difference,"Tasted like the ordinary Kraft Macaroni.<br />I doubt if processed Cauliflower is very much more<br />healthy as a starch than wheat macaroni?<br />If they had used freeze dried vegetables in the<br />mix like in a ramen noodle dinner, it might<br />have been more effective?<br />I liked the product anyway.",1315958400,0,1
B001PQTYN2,4,"Pretty good, but not as hot as I expected","My boyfriend and I love all things hot..  Our refrigerator door is stocked with over a dozen varieties of hot sauces, ranging from ""it's not hot but it's fantastic on chicken"", to ""do you want to use the liquid death in our Ramen tonight""?  As well as an assortment of hot pepper spices in our spice cabinet (including home grown dried and crushed habanero peppers)..  So when I saw the Dave's Ghost Pepper Hot Sauce at the local Kroger, I was elated, thinking I'd have something perhaps hotter than my ""liquid death""...  As others have stated, it's a very thick and pasty sauce.  And it's got a pretty decent flavor, but it's still not the hottest sauce in my stash.  And it's definitely not the most flavorful.  (Tropical Pepper Company's Habanero X Line has them beat in the flavor category)..  Maybe this is a sauce that gets hotter over time..  I guess time will tell.",1339891200,0,0
